ingredient_id,recipe_id,component_group,ingredient_name,nutrition_name,quantity,unit,grams_approx
1,1,ส่วนผสมหลัก,กุ้งนาง,กุ้ง,4,ตัว,500.0
2,1,ส่วนผสมหลัก,พริกไทย,พริกไทย,5,เม็ด,0.25
3,1,ส่วนผสมหลัก,กระเทียมกลีบใหญ่,กระเทียม,2,กลีบ,10.0
4,1,ส่วนผสมหลัก,รากผักชี,ผักชี,5,ราก,10.0
5,1,ส่วนผสมหลัก,น้ำปลา,น้ำปลา,2,ช้อนโต๊ะ,36.0
6,1,ส่วนผสมหลัก,น้ำมันหมู,น้ำมันหมู,1,ช้อนโต๊ะ,13.0
7,2,ส่วนผสมหลัก,กล้วยไข่,กล้วยไข่,1,หวี,1000.0
8,2,ส่วนผสมหลัก,ข้าวเม่า,ข้าวเม่า,500,กรัม,500.0
9,2,ส่วนผสมหลัก,ไข่เป็ด,ไข่เป็ด,2,ฟอง,140.0
10,2,ส่วนผสมหลัก,แป้งข้าวเจ้าแห้ง,แป้งข้าวเจ้า,1/4,ถ้วยชา,13.75
11,2,ส่วนผสมหลัก,น้ำปูนใส,น้ำปูนใส,1/2,ช้อนโต๊ะ,7.5
12,2,ส่วนผสมหลัก,เกลือ,เกลือ,1,ช้อนชา,5.0
13,2,ส่วนผสมหลัก,น้ำกะทิ,น้ำกะทิ,2,ถ้วยชา,240.0
14,3,ส่วนผสมหลัก,ไข่เป็ด,ไข่เป็ด,2,ฟอง,140.0
15,3,ส่วนผสมหลัก,เนื้อโค,เนื้อโค,200,กรัม,200.0
16,3,ส่วนผสมหลัก,มะนาว,มะนาว,1,ผล,40.0
17,3,ส่วนผสมหลัก,เกลือป่น,เกลือ,1,ช้อนชา,5.0
18,3,ส่วนผสมหลัก,กระเทียม,กระเทียม,5,กลีบ,10.0
19,3,ส่วนผสมหลัก,ผักชี,ผักชี,2,ต้น,
20,3,ส่วนผสมหลัก,แตงกวา,แตงกวา,3,ผล,
21,3,ส่วนผสมหลัก,มะเขือเทศ,มะเขือเทศ,4,ผล,
22,3,ส่วนผสมหลัก,หอมใหญ่,หัวหอม,1,หัว,30.0
23,3,ส่วนผสมหลัก,ต้นหอม,ต้นหอม,5,ต้น,
24,3,ส่วนผสมหลัก,น้ำมันหมู,น้ำมันหมู,2,ช้อนโต๊ะ,26.0
25,3,ส่วนผสมหลัก,น้ำส้ม,น้ำส้ม,2,ช้อนโต๊ะ,30.0
26,3,ส่วนผสมหลัก,น้ำแกงดี,น้ำแกงดี,1+1/2,ช้อนโต๊ะ,22.5
27,3,ส่วนผสมหลัก,น้ำตาล,น้ำตาล,2,ช้อนโต๊ะ,30.0
28,3,ส่วนผสมหลัก,พริกไทยป่นพอควร,พริกไทย,,
29,3,ส่วนผสมหลัก,พริกแดง,พริกแดง,2,เม็ด,
30,3,ส่วนผสมหลัก,กะเทียม,กะเทียม,3,กลีบ,6.0
31,4,ส่วนผสมหลัก,ไข่ต้มสุกแข็ง,ไข่ต้ม,2,ฟอง,
32,4,ส่วนผสมหลัก,ข้าวคั่ว,ข้าวคั่ว,1,ช้อนโต๊ะ,15.0
33,4,ส่วนผสมหลัก,ข่าป่น,ข่า,1/2,ช้อนชา,2.5
34,4,ส่วนผสมหลัก,เกลือ,เกลือ,4,ช้อนโต๊ะ,60.0
35,4,ส่วนผสมหลัก,น้ำ,น้ำ,180,มิลลิลิตร,
36,4,ส่วนผสมหลัก,น้ำข้าวหมาก,น้ำข้าวหมาก,60,มิลลิลิตร,
37,4,ส่วนผสมหลัก,หอมซอย,หอมซอย,1,ช้อนโต๊ะพูน,
38,4,ส่วนผสมหลัก,ขิงหั่นฝอย,ขิงหั่นฝอย,1,ช้อนโต๊ะ,15.0
39,4,ส่วนผสมหลัก,พริกสด,พริกสด,2,เม็ด,
40,4,ส่วนผสมหลัก,ผักชีสำหรับโรย,ผักชี,1,ก้าน,
41,4,ส่วนผสมหลัก,มะนาว,มะนาว,1,ผล,40.0
42,4,ส่วนผสมหลัก,น้ำตาล,น้ำตาล,1/2,ช้อนชา,2.5
43,5,ส่วนผสมหลัก,ปลาทู,ปลาทู,3,ตัว,
44,5,ส่วนผสมหลัก,มะพร้าวขูด,เนื้อมะพร้าว,1/2,ถ้วยชา,60.0
45,5,ส่วนผสมหลัก,หัวกะทิ,หัวกะทิ,2,ช้อนโต๊ะ,30.0
46,5,ส่วนผสมหลัก,พริกแห้ง,พริกแห้ง,6,เม็ด,
47,5,ส่วนผสมหลัก,หอม,หอม,1,หัว,30.0
48,5,ส่วนผสมหลัก,กระเทียม,กระเทียม,4,กลีบ,8.0
49,5,ส่วนผสมหลัก,ข่า,ข่า,1,แง่งเล็ก,
50,5,ส่วนผสมหลัก,ตะไคร้,ตะไคร้,1,ต้น,
51,5,ส่วนผสมหลัก,ผิวมะกรูด,ผิวมะกรูด,1,ช้อนชา,5.0
52,5,ส่วนผสมหลัก,รากผักชี,รากผักชี,2,ราก,4.0
53,5,ส่วนผสมหลัก,ใบมะกรูด,ใบมะกรูด,2,ใบ,
54,5,ส่วนผสมหลัก,ใบผักชี,ใบผักชี,2,ต้น,
55,5,ส่วนผสมหลัก,ใบโหระพา,ใบโหระพา,5,ใบ,
56,5,ส่วนผสมหลัก,น้ำปลา,น้ำปลา,1,ช้อนชา,5.0
57,5,ส่วนผสมหลัก,น้ำตาล,น้ำตาล,1,ช้อนชา,5.0
58,5,ส่วนผสมหลัก,ใบตองสำหรับห่อ,ใบตอง,3,แผ่น,
59,6,ส่วนผสมหลัก,กะปิดำอย่างดี,กะปิ,1,ช้อนชาพูน,
60,6,ส่วนผสมหลัก,กระเทียมไทยหัวเล็ก,กระเทียม,4,หัว,100.0
61,6,ส่วนผสมหลัก,กุ้งแห้งป่น,กุ้งแห้ง,1,ช้อนโต๊ะ,15.0
62,6,ส่วนผสมหลัก,มะนาว,มะนาว,1,ผล,40.0
63,6,ส่วนผสมหลัก,มะอึกสุก,มะอึก,2,ผล,
64,6,ส่วนผสมหลัก,ผิวส้มเหม็นหั่นละเอียด,ผิวส้มเหม็น,1,ช้อนชาพูน,
65,6,ส่วนผสมหลัก,น้ำปลา,น้ำปลา,1,ช้อนโต๊ะ,18.0
66,6,ส่วนผสมหลัก,น้ำตาลปึก,น้ำตาลปึก,1,ช้อนชา,5.0
67,6,พริกสามสี,พริกสวนนอก,พริกสวน,6,เม็ด,
68,6,พริกสามสี,พริกขี้หนู,พริกขี้หนู,1,ช้อนชา,5.0
69,7,ส่วนผสมหลัก,ไข่ปลาดุกนึ่ง,ไข่ปลาดุก,6,ฝัก,
70,7,ส่วนผสมหลัก,มะม่วงดิบ,มะม่วง,2,ช้อนโต๊ะพูน,
71,7,ส่วนผสมหลัก,หัวหอมซอย,หัวหอมซอย,2,ช้อนโต๊ะพูน,
72,7,ส่วนผสมหลัก,น้ำเคยดี,น้ำเคยดี,1,ช้อนโต๊ะ,15.0
73,7,ส่วนผสมหลัก,พริกขี้หนู,พริกขี้หนู,4,เม็ด,
74,8,ส่วนผสมหลัก,ปลาทูนึ่ง,ปลาทูนึ่ง,4,ตัว,
75,8,ส่วนผสมหลัก,หัวหอมซอย,หัวหอมซอย,2,ซ้อนโต๊ะ,30.0
76,8,ส่วนผสมหลัก,ขิงซอย,ขิงซอย,2,ซ้อนโต๊ะ,30.0
77,8,ส่วนผสมหลัก,น้ำปลาดี,น้ำปลาดี,1,ช้อนโต๊ะ,18.0
78,8,ส่วนผสมหลัก,มะนาว,มะนาว,1,ผล,40.0
79,8,ส่วนผสมหลัก,พริกชี้ฟ้าเขียวแดง,พริกชี้ฟ้าเขียวแดง,10,เม็ด,
80,9,ส่วนผสมหลัก,มะพร้าวขูด,มะพร้าวขูด,1/2,ถ้วยชา,60.0
81,9,ส่วนผสมหลัก,น้ำ,น้ำ,2,ถ้วย,480.0
82,9,ส่วนผสมหลัก,ตะไคร้,ตะไคร้,1,ต้น,
83,9,ส่วนผสมหลัก,ใบมะกรูด,ใบมะกรูด,3,ใบ,
84,9,ส่วนผสมหลัก,เนื้อปลา,เนื้อปลา,1,ถ้วยชา,120.0
85,9,ส่วนผสมหลัก,น้ำพริกเผา,น้ำพริกเผา,1,ช้อนชา,5.0
86,9,ส่วนผสมหลัก,น้ำปลา,น้ำปลา,1,ช้อนโต๊ะ,18.0
87,9,ส่วนผสมหลัก,น้ำมะนาว,น้ำมะนาว,1,ช้อนโต๊ะ,15.0
88,9,ส่วนผสมหลัก,ผักชี,ผักชี,1,ต้น,
89,9,ส่วนผสมหลัก,ต้นหอม,ต้นหอม,1,ต้น,
90,9,ส่วนผสมหลัก,กระเทียมเจียว,กระเทียมเจียว,1,ช้อนโต๊ะ,15.0
91,10,ส่วนผสมหลัก,อกไก่,อกไก่,4,ชิ้น,
92,10,ส่วนผสมหลัก,แป้งสาลี,แป้งสาลี,2,ช้อนโต๊ะ,16.0
93,10,ส่วนผสมหลัก,หอมหัวเล็กซอยละเอียด,หอมหัวเล็กซอยละเอียด,1,ช้อนชา,5.0
94,10,ส่วนผสมหลัก,หอมใหญ่ซอยตามขวาง,หอมใหญ่ซอยตามขวาง,2,ช้อนโต๊ะ,30.0
95,10,ส่วนผสมหลัก,ตะไคร้ซอยฝอย,ตะไคร้ซอยฝอย,1,ช้อนโต๊ะ,15.0
96,10,ส่วนผสมหลัก,กระเทียม,กระเทียม,5,กลีบ,10.0
97,10,ส่วนผสมหลัก,รากผักชี,รากผักชี,1,ช้อนชา,5.0
98,10,ส่วนผสมหลัก,น้ำปลา,น้ำปลา,2,ช้อนโต๊ะ,36.0
99,10,ส่วนผสมหลัก,น้ำมะนาว,น้ำมะนาว,1,ช้อนโต๊ะ,15.0
100,10,ส่วนผสมหลัก,พริกขี้หนู,พริกขี้หนู,8,เม็ด,
101,10,ส่วนผสมหลัก,น้ำตาล,น้ำตาล,1/2,ช้อนชา,2.5
102,10,ส่วนผสมหลัก,ผักชีซอยสำหรับโรย,ผักชีซอยสำหรับโรย,1,ช้อนชา,5.0
103,10,ส่วนผสมหลัก,ถั่วลิสงทอดกรอบ,ถั่วลิสงทอดกรอบ,2,ช้อนโต๊ะ,30.0
104,11,ส่วนผสมหลัก,กล้วยน้ำว้าสุก,กล้วยน้ำว้าสุก,5,ผล,
105,11,ส่วนผสมหลัก,มะพร้าวขูด,มะพร้าวขูด,2,ถ้วยชา,240.0
106,11,ส่วนผสมหลัก,น้ำดอกไม้สด,น้ำดอกไม้สด,2,ถ้วยชา,240.0
107,11,ส่วนผสมหลัก,ถั่วทองคั่วหรือถั่วเขียวคั่ว,ถั่วทองคั่วหรือถั่วเขียวคั่ว,1,ช้อนพูน,
108,11,ส่วนผสมหลัก,เกลือ,เกลือ,1/2,ช้อนชา,2.5
109,11,ส่วนผสมหลัก,น้ำตาล,น้ำตาล,2,ช้อนโต๊ะ,30.0
110,12,ส่วนผสมหลัก,ฟักทองปอกเปลือกและหั่นเป็นชิ้น,ฟักทองปอกเปลือกและหั่นเป็นชิ้น,2,ถ้วยพูน,
111,12,ส่วนผสมหลัก,กุ้งตะเข็บ,กุ้งตะเข็บ,100,กรัม,100.0
112,12,ส่วนผสมหลัก,เกลือ,เกลือ,1,ช้อนโต๊ะ,15.0
113,12,ส่วนผสมหลัก,กะปิ,กะปิ,1,ช้อนชา,5.0
114,12,ส่วนผสมหลัก,พริกแห้ง,พริกแห้ง,5,เม็ด,
115,12,ส่วนผสมหลัก,ข่า,ข่า,7,แว่น,35.0
116,12,ส่วนผสมหลัก,ตะไคร้ซอย,ตะไคร้ซอย,1,ช้อนโต๊ะ,15.0
117,12,ส่วนผสมหลัก,หัวหอมกลาง,หัวหอมกลาง,15,หัว,450.0
118,12,ส่วนผสมหลัก,กระเทียมกลาง,กระเทียมกลาง,15,กลีบ,30.0
119,12,ส่วนผสมหลัก,ปลาย่างหรือกุ้งสดหรือกุ้งแห้ง,ปลาย่างหรือกุ้งสดหรือกุ้งแห้ง,50,กรัม,50.0
120,12,ส่วนผสมหลัก,มะพร้าว,มะพร้าว,500,กรัม,500.0
121,12,ส่วนผสมหลัก,น้ำปลา,น้ำปลา,2,ช้อนโต๊ะ,36.0
122,13,ส่วนผสมหลัก,เนื้อหมู (หั่นสี่เหลี่ยมลูกบาศก์ขนาดประมาณ 1 ซม.),เนื้อหมู,3,ถ้วย,720.0
123,13,ส่วนผสมหลัก,มันหมู (หั่นสี่เหลี่ยมลูกบาศก์ขนาดประมาณ 1 ซม.),มันหมู,1/2,ถ้วย,120.0
124,13,ส่วนผสมหลัก,มะพร้าวขูด,มะพร้าวขูด,500,กรัม,500.0
125,13,ส่วนผสมหลัก,ไส้หมู,ไส้หมู,500,กรัม,500.0
126,13,ส่วนผสมหลัก,เนื้อปูทะเลหรือกุ้ง,เนื้อปูทะเลหรือกุ้ง,1,ถ้วย,240.0
127,13,ส่วนผสมหลัก,มันแกวต้มสุกหั่นฝอย,มันแกวต้มสุกหั่นฝอย,1,ถ้วย,240.0
128,13,ส่วนผสมหลัก,ไข่เป็ด,ไข่เป็ด,2,ฟอง,140.0
129,13,ส่วนผสมหลัก,ต้นหอมและผักชีซอย,ต้นหอมและผักชีซอย,1,ถ้วย,240.0
130,13,ส่วนผสมหลัก,น้ำมันหมู,น้ำมันหมู,2,ช้อนโต๊ะ,26.0
131,13,ส่วนผสมหลัก,น้ำปลาดี,น้ำปลาดี,2,ช้อนโต๊ะ,36.0
132,13,เครื่องปรุงน้ำพริก,พริกแห้ง,พริกแห้ง,6,เม็ด,
133,13,เครื่องปรุงน้ำพริก,หัวหอมขนาดกลาง,หัวหอมขนาดกลาง,25,หัว,750.0
134,13,เครื่องปรุงน้ำพริก,กระเทียมขนาดกลาง,กระเทียมขนาดกลาง,20,กลีบ,40.0
135,13,เครื่องปรุงน้ำพริก,ตะไคร้ต้นใหญ่,ตะไคร้ต้นใหญ่,1,ต้น,
136,13,เครื่องปรุงน้ำพริก,ข่า,ข่า,5,แว่น,25.0
137,13,เครื่องปรุงน้ำพริก,พริกไทย,พริกไทย,9,เม็ด,0.45
138,13,เครื่องปรุงน้ำพริก,รากผักชีหั่นละเอียด,รากผักชีหั่นละเอียด,1,ช้อนชา,5.0
139,13,เครื่องปรุงน้ำพริก,ถั่วยี่สงคั่วใหม่ ๆ,ถั่วยี่สงคั่วใหม่ ๆ,1/4,ถ้วย,60.0
140,13,เครื่องปรุงน้ำพริก,เกลือเม็ด,เกลือเม็ด,1,ช้อนโต๊ะ,15.0
141,14,ส่วนผสมหลัก,เนื้อปลาทูนึ่ง,เนื้อปลาทูนึ่ง,1/2,ถ้วย,120.0
142,14,ส่วนผสมหลัก,เนื้อหมูปนมัน,เนื้อหมูปนมัน,1/2,ถ้วย,120.0
143,14,ส่วนผสมหลัก,หัวหอมเล็กซอย,หัวหอมเล็กซอย,1/4,ถ้วย,60.0
144,14,ส่วนผสมหลัก,ขิงสดหั่นฝอย,ขิงสดหั่นฝอย,1/4,ถ้วย,60.0
145,14,ส่วนผสมหลัก,ผิวส้มซ่าขูด,ผิวส้มซ่าขูด,1,ช้อนชาพูน,
146,14,ส่วนผสมหลัก,ผิวมะนาวหั่นฝอย,ผิวมะนาวหั่นฝอย,1,ช้อนชาปาด,
147,14,ส่วนผสมหลัก,เนื้อส้มซ่า,เนื้อส้มซ่า,1/2,ถ้วย,120.0
148,14,ส่วนผสมหลัก,ถั่วลิสงคั่ว,ถั่วลิสงคั่ว,1/2,ถ้วย,120.0
149,14,ส่วนผสมหลัก,ข้าวคั่วหรือผงขนมปัง,ข้าวคั่วหรือผงขนมปัง,1,ช้อนโต๊ะ,15.0
150,14,ส่วนผสมหลัก,ผักชีหั่น,ผักชีหั่น,1,ช้อนชา,5.0
151,14,ส่วนผสมหลัก,พริกสดป่น,พริกสดป่น,1,ช้อนชา,5.0
152,14,ส่วนผสมหลัก,ผักกาดหอม,ผักกาดหอม,2,ต้น,
153,15,ส่วนผสมหลัก,ฟักเขียว,ฟักเขียว,1/2,ผล,
154,15,ส่วนผสมหลัก,นกพิราบ,นกพิราบ,1,ตัว,
155,15,ส่วนผสมหลัก,หอมหัวใหญ่,หอมหัวใหญ่,1,หัว,30.0
156,15,ส่วนผสมหลัก,ถั่วฝักยาว,ถั่วฝักยาว,6,ฝัก,
157,15,ส่วนผสมหลัก,แครอท,แครอท,1,หัว,30.0
158,15,ส่วนผสมหลัก,ผงปรุงรส,ผงปรุงรส,1,ช้อนชา,5.0
159,15,ส่วนผสมหลัก,เกลือ,เกลือ,1/2,ช้อนชา,2.5
160,15,ส่วนผสมหลัก,พริกไทยป่น,พริกไทยป่น,1/4,ช้อนชา,1.25
161,15,ส่วนผสมหลัก,ซีอิ๊วขาว,ซีอิ๊วขาว,1,ช้อนโต๊ะ,15.0
162,16,ส่วนผสมหลัก,ปลากุเลา,ปลากุเลา,250,กรัม,250.0
163,16,ส่วนผสมหลัก,กุ้งใหญ่หรือกุ้งตะเข็บ,กุ้งใหญ่หรือกุ้งตะเข็บ,100,กรัม,100.0
164,16,ส่วนผสมหลัก,หัวหอมหั่นสี่เหลี่ยมเล็ก,หัวหอมหั่นสี่เหลี่ยมเล็ก,50,กรัม,50.0
165,16,ส่วนผสมหลัก,ผักชีหั่น,ผักชีหั่น,1,ช้อนโต๊ะ,15.0
166,16,ส่วนผสมหลัก,พริกชี้ฟ้าเหลือง,พริกชี้ฟ้าเหลือง,1,เม็ด,
167,16,ส่วนผสมหลัก,น้ำส้มสายชู,น้ำส้มสายชู,1,ช้อนโต๊ะ,15.0
168,16,ส่วนผสมหลัก,น้ำตาลทราย,น้ำตาลทราย,1,ช้อนชา,5.0
169,16,ส่วนผสมหลัก,น้ำมันหมู,น้ำมันหมู,1/2,ถ้วย,100.0
170,16,ส่วนผสมหลัก,เกลือ,เกลือ,1/8,ช้อนชา,0.625
171,17,ส่วนผสมหลัก,หอยแมลงภู่สด,หอยแมลงภู่สด,400,กรัม,400.0
172,17,ส่วนผสมหลัก,กะหล่ำปลีขนาดเล็ก,กะหล่ำปลีขนาดเล็ก,200,กรัม,200.0
173,17,ส่วนผสมหลัก,ไข่เป็ด,ไข่เป็ด,2,ฟอง,140.0
174,17,ส่วนผสมหลัก,หัวกะทิข้น,หัวกะทิข้น,3,ถ้วยตวง,720.0
175,17,ส่วนผสมหลัก,ดอกโสน,ดอกโสน,30,กรัม,30.0
176,17,ส่วนผสมหลัก,ใบโหระพา,ใบโหระพา,1/2,ถ้วยตวง,120.0
177,17,ส่วนผสมหลัก,ต้นหอมซอย,ต้นหอมซอย,2,ช้อนโต๊ะ,30.0
178,17,ส่วนผสมหลัก,ผักชีซอย,ผักชีซอย,2,ช้อนโต๊ะ,30.0
179,17,ส่วนผสมหลัก,ใบมะกรูดหั่นฝอย,ใบมะกรูดหั่นฝอย,1,ช้อนโต๊ะ,15.0
180,17,ส่วนผสมหลัก,พริกแดงหั่นเส้น,พริกแดงหั่นเส้น,2,เม็ด,
181,17,ส่วนผสมหลัก,น้ำปลาอย่างดี,น้ำปลาอย่างดี,1,ช้อนโต๊ะ,18.0
182,17,น้ำพริกเครื่องปรุง,พริกแห้งใหญ่,พริกแห้งใหญ่,1,เม็ด,
183,17,น้ำพริกเครื่องปรุง,ตะไคร้ซอย,ตะไคร้ซอย,2,ช้อนโต๊ะพูน,
184,17,น้ำพริกเครื่องปรุง,หอมแดง,หอมแดง,5,กลีบ,10.0
185,17,น้ำพริกเครื่องปรุง,กระเทียม,กระเทียม,3,หัวกลาง,
186,17,น้ำพริกเครื่องปรุง,ข่า,ข่า,5,แว่น,25.0
187,17,น้ำพริกเครื่องปรุง,ผิวมะกรูดหั่นละเอียด,ผิวมะกรูดหั่นละเอียด,1/2,ช้อนชา,2.5
188,17,น้ำพริกเครื่องปรุง,รากผักชี,รากผักชี,1,ช้อนโต๊ะ,15.0
189,17,น้ำพริกเครื่องปรุง,พริกไทยเม็ด,พริกไทยเม็ด,11,เม็ด,0.55
190,17,น้ำพริกเครื่องปรุง,เกลือเม็ด,เกลือเม็ด,1,ช้อนชา,5.0
191,17,น้ำพริกเครื่องปรุง,กะปิดำ,กะปิดำ,1/2,ช้อนชา,2.5
192,18,ส่วนผสมหลัก,เนื้อไก่,เนื้อไก่,1,กิโลกรัม,1000.0
193,18,ส่วนผสมหลัก,ไข่ไก่,ไข่ไก่,2,ฟอง,110.0
194,18,ส่วนผสมหลัก,หัวกะทิ,หัวกะทิ,2,ถ้วยตวง,480.0
195,18,ส่วนผสมหลัก,ใบโหระพา,ใบโหระพา,1/2,ถ้วยตวง,120.0
196,18,ส่วนผสมหลัก,ใบมะกรูดซอย,ใบมะกรูดซอย,1,ช้อนโต๊ะ,15.0
197,18,ส่วนผสมหลัก,ผักชีซอย,ผักชีซอย,1,ช้อนโต๊ะ,15.0
198,18,ส่วนผสมหลัก,พริกแดงหั่นฝอย,พริกแดงหั่นฝอย,1,เม็ด,
199,18,เครื่องน้ำพริก,หัวหอมแดง,หัวหอมแดง,30,กรัม,30.0
200,18,เครื่องน้ำพริก,กระเทียม,กระเทียม,20,กรัม,20.0
201,18,เครื่องน้ำพริก,พริกแห้งเม็ดเล็ก,พริกแห้งเม็ดเล็ก,1,เม็ด,
202,18,เครื่องน้ำพริก,ข่า,ข่า,10,กรัม,10.0
203,18,เครื่องน้ำพริก,ตะไคร้ต้นเล็ก,ตะไคร้ต้นเล็ก,2,ช้อนโต๊ะ,30.0
204,18,เครื่องน้ำพริก,รากผักชี,รากผักชี,2,ช้อนโต๊ะ,30.0
205,18,เครื่องน้ำพริก,พริกไทยเม็ด,พริกไทยเม็ด,3,เม็ด,0.15000000000000002
206,18,เครื่องน้ำพริก,เกลือ,เกลือ,1/2,ช้อนชา,2.5
207,18,เครื่องน้ำพริก,น้ำเคยดี,น้ำเคยดี,1+1/2,ช้อนโต๊ะ,22.5
208,19,ส่วนผสมหลัก,ไข่จืด,ไข่จืด,3,ฟอง,
209,19,ส่วนผสมหลัก,เนื้อหมูปนมัน,เนื้อหมูปนมัน,500,กรัม,500.0
210,19,ส่วนผสมหลัก,ถั่วพูอ่อนหั่นเฉียง,ถั่วพูอ่อนหั่นเฉียง,1,ถ้วยพูน,
211,19,ส่วนผสมหลัก,พริก,พริก,5,เม็ด,
212,19,ส่วนผสมหลัก,หอมเผา,หอมเผา,6,หัว,180.0
213,19,ส่วนผสมหลัก,กระเทียมเผา,กระเทียมเผา,5,กลีบ,10.0
214,19,ส่วนผสมหลัก,ข่าเผา,ข่าเผา,5,แว่น,25.0
215,19,ส่วนผสมหลัก,รากผักชี,รากผักชี,5,ราก,10.0
216,19,ส่วนผสมหลัก,ถั่วเขียวคั่ว,ถั่วเขียวคั่ว,1,ช้อนพูน,
217,19,ส่วนผสมหลัก,กระเทียมดิบ,กระเทียมดิบ,5,กลีบ,10.0
218,19,ส่วนผสมหลัก,มะขามเปียก,มะขามเปียก,1,ช้อนโต๊ะ,15.0
219,19,ส่วนผสมหลัก,น้ำเคยดี,น้ำเคยดี,2,ช้อนโต๊ะ,30.0
220,19,ส่วนผสมหลัก,น้ำตาล,น้ำตาล,1,ช้อนโต๊ะ,15.0
221,19,ส่วนผสมหลัก,มะพร้าวขูด,มะพร้าวขูด,1,ถ้วยพูน,
222,19,ส่วนผสมหลัก,มันฝรั่ง,มันฝรั่ง,200,กรัม,200.0
223,19,ส่วนผสมหลัก,น้ำมันหมู,น้ำมันหมู,3,ช้อนโต๊ะ,39.0
224,20,เครื่องน้ำพริก,พริกแห้งเม็ดใหญ่,พริกแห้งเม็ดใหญ่,5,เม็ด,
225,20,เครื่องน้ำพริก,หัวหอม,หัวหอม,10,หัว,300.0
226,20,เครื่องน้ำพริก,กระเทียม,กระเทียม,5,กลีบ,10.0
227,20,เครื่องน้ำพริก,ลูกจันทร์,ลูกจันทร์,1/2,ลูก,
228,20,เครื่องน้ำพริก,อบเชย ประมาณ,อบเชย ประมาณ,3,เซนติเมตร,
229,20,เครื่องน้ำพริก,กระวาน,กระวาน,3,ลูก,
230,20,เครื่องน้ำพริก,กานพลู,กานพลู,3,ดอก,
231,20,เครื่องน้ำพริก,โป๊ยกั๊ก,โป๊ยกั๊ก,1,ดอก,
232,20,เครื่องน้ำพริก,ลูกผักชี,ลูกผักชี,1,ช้อนโต๊ะ,15.0
233,20,เครื่องน้ำพริก,ยี่หร่า,ยี่หร่า,1/2,ช้อนชา,2.5
234,20,เครื่องน้ำพริก,พริกไทย,พริกไทย,9,เม็ด,0.45
235,20,เครื่องน้ำพริก,พริกไทย,พริกไทย,9,เม็ด,0.45
236,20,เครื่องน้ำพริก,ไก่อ่อนตัวย่อม,ไก่อ่อนตัวย่อม,500,กรัม,500.0
237,20,เครื่องน้ำพริก,ขมิ้นแห้ง,ขมิ้นแห้ง,1,ช้อนชา,5.0
238,20,เครื่องน้ำพริก,ถั่วลิสงดิบ,ถั่วลิสงดิบ,1,ช้อนโต๊ะ,15.0
239,20,เครื่องน้ำพริก,เกลือ,เกลือ,1,ช้อนชา,5.0
240,20,เครื่องน้ำพริก,น้ำปลา,น้ำปลา,2,ช้อนโต๊ะ,36.0
241,20,เครื่องน้ำพริก,น้ำตาล,น้ำตาล,2,ช้อนโต๊ะ,30.0
242,20,เครื่องน้ำพริก,มะพร้าว,มะพร้าว,500,กรัม,500.0
243,21,ส่วนผสมหลัก,ปลาหมึกสด,ปลาหมึกสด,300,กรัม,300.0
244,21,ส่วนผสมหลัก,แตงกวา,แตงกวา,1,ผล,
245,21,ส่วนผสมหลัก,หัวผักกาดขาว,หัวผักกาดขาว,1/2,หัว,15.0
246,21,ส่วนผสมหลัก,ผักกาดหอม,ผักกาดหอม,3,ใบ,
247,21,ส่วนผสมหลัก,ใบคึ่นฉ่าย,ใบคึ่นฉ่าย,2,ต้น,
248,21,ส่วนผสมหลัก,มะเฟืองสุก,มะเฟืองสุก,1,ผล,
249,21,ส่วนผสมหลัก,สับปะรด,สับปะรด,1/4,ผล,
250,21,ส่วนผสมหลัก,ต้นหอม,ต้นหอม,2,ต้น,
251,21,ส่วนผสมหลัก,หัวผักกาดเค็ม,หัวผักกาดเค็ม,2,ช้อนโต๊ะ,30.0
252,21,ส่วนผสมหลัก,งาขาวคั่ว,งาขาวคั่ว,1,ช้อนชา,5.0
253,22,ส่วนผสมหลัก,ไก่ครึ่งตัว,ไก่ครึ่งตัว,500,กรัม,500.0
254,22,ส่วนผสมหลัก,ฟัก (ลูกยาวประมาณ 15 เซนติเมตร),ฟัก,1,ท่อน,
255,22,ส่วนผสมหลัก,ถั่วกระป๋อง,ถั่วกระป๋อง,3,ช้อนโต๊ะ,45.0
256,22,ส่วนผสมหลัก,หัวแครอท (หั่นสี่เหลี่ยมลูกบาศก์ 1 เซนติเมตร),หัวแครอท,3,ช้อนโต๊ะ,45.0
257,22,ส่วนผสมหลัก,กระเทียม,กระเทียม,3,กลีบ,6.0
258,22,ส่วนผสมหลัก,แป้งสาลี,แป้งสาลี,2,ช้อนโต๊ะ,16.0
259,22,ส่วนผสมหลัก,พริกไทย,พริกไทย,5,เม็ด,0.25
260,22,ส่วนผสมหลัก,น้ำเคยดี,น้ำเคยดี,1,ช้อนโต๊ะ,15.0
261,22,ส่วนผสมหลัก,น้ำตาล,น้ำตาล,1/2,ช้อนชา,2.5
262,23,ส่วนผสมหลัก,ถั่วพู,ถั่วพู,10,ฝัก,
263,23,ส่วนผสมหลัก,กุ้งนาง,กุ้งนาง,2,ตัว,250.0
264,23,ส่วนผสมหลัก,มะพร้าวคั่ว,มะพร้าวคั่ว,1,ช้อนโต๊ะพูน,
265,23,ส่วนผสมหลัก,น้ำพริกเผา,น้ำพริกเผา,1,ช้อนชา,5.0
266,23,ส่วนผสมหลัก,หัวกะทิ,หัวกะทิ,1,ช้อนโต๊ะ,15.0
267,23,ส่วนผสมหลัก,น้ำปลา,น้ำปลา,1,ช้อนโต๊ะ,18.0
268,23,ส่วนผสมหลัก,มะนาว,มะนาว,1,ช้อนโต๊ะ,15.0
269,23,ส่วนผสมหลัก,น้ำตาล,น้ำตาล,1/2,ช้อนชา,2.5
270,23,ส่วนผสมหลัก,เกลือ,เกลือ,1/4,ช้อนชา,1.25
271,24,ส่วนผสมหลัก,หอมใหญ่สับละเอียด,หอมใหญ่สับละเอียด,1,ช้อนโต๊ะ,15.0
272,24,ส่วนผสมหลัก,มะเขือเทศขวด,มะเขือเทศขวด,2,ช้อนโต๊ะ,30.0
273,24,ส่วนผสมหลัก,เนย,เนย,1,ช้อนโต๊ะ,15.0
274,24,ส่วนผสมหลัก,แป้งสาลี,แป้งสาลี,1,ช้อนโต๊ะ,8.0
275,24,ส่วนผสมหลัก,น้ำเปล่า,น้ำเปล่า,1/2,ถ้วย,120.0
276,25,ส่วนผสมหลัก,ปลาทูสด,ปลาทูสด,6,ตัว,
277,25,ส่วนผสมหลัก,กุ้งนางสับละเอียด,กุ้งนางสับละเอียด,1/2,ถ้วย,120.0
278,25,ส่วนผสมหลัก,ไข่เป็ด,ไข่เป็ด,1,ฟอง,70.0
279,25,ส่วนผสมหลัก,แป้งมัน,แป้งมัน,2,ช้อนโต๊ะ,20.0
280,25,ส่วนผสมหลัก,เกลือ,เกลือ,2,ช้อนชา,10.0
281,25,ส่วนผสมหลัก,พริกไทย,พริกไทย,1/2,ช้อนชา,2.5
282,25,ส่วนผสมหลัก,ผักชี,ผักชี,2,ต้น,
283,25,ส่วนผสมหลัก,น้ำมันสำหรับทอด,น้ำมันสำหรับทอด,,
284,26,ส่วนผสมหลัก,เส้นบะหมี่,เส้นบะหมี่,150,กรัม,150.0
285,26,ส่วนผสมหลัก,เต้าหู้เหลือง,เต้าหู้เหลือง,100,กรัม,100.0
286,26,ส่วนผสมหลัก,เนื้อหมู (สะโพกหรือสันใน),เนื้อหมู,100,กรัม,100.0
287,26,ส่วนผสมหลัก,กุ้งแห้ง,กุ้งแห้ง,20,กรัม,20.0
288,26,ส่วนผสมหลัก,ปลาหมึกแห้ง,ปลาหมึกแห้ง,30,กรัม,30.0
289,26,ส่วนผสมหลัก,หัวผักกาดเค็ม,หัวผักกาดเค็ม,30,กรัม,30.0
290,26,ส่วนผสมหลัก,ไข่เป็ด,ไข่เป็ด,2,ฟอง,140.0
291,26,ส่วนผสมหลัก,ถั่วลิสงคั่ว,ถั่วลิสงคั่ว,2,ช้อนโต๊ะ,30.0
292,26,ส่วนผสมหลัก,กระเทียม,กระเทียม,5,กลีบ,10.0
293,26,ส่วนผสมหลัก,ใบคึ่นช่าย,ใบคึ่นช่าย,2,ต้น,
294,26,ส่วนผสมหลัก,ผักซี,ผักซี,50,กรัม,50.0
295,26,ส่วนผสมหลัก,ใบหอม,ใบหอม,3,ต้น,
296,26,ส่วนผสมหลัก,แป้งมัน,แป้งมัน,1,ช้อนโต๊ะ,10.0
297,26,ส่วนผสมหลัก,ผงซูรส,ผงซูรส,1/2,ช้อนชา,2.5
298,26,ส่วนผสมหลัก,"พริกชี้ฟ้า (เขียว,แดง,เหลือง)",พริกชี้ฟ้า,3,เม็ด,
299,26,ส่วนผสมหลัก,น้ำตาล,น้ำตาล,1,ช้อนชา,5.0
300,26,ส่วนผสมหลัก,น้ำปลา,น้ำปลา,1,ช้อนโต๊ะ,18.0
301,26,ส่วนผสมหลัก,น้ำส้มสายชู,น้ำส้มสายชู,1,ช้อนโต๊ะ,15.0
302,27,ส่วนผสมหลัก,มะตูมอ่อน,มะตูมอ่อน,3,ผล,
303,27,ส่วนผสมหลัก,น้ำตาลทรายขาว,น้ำตาลทรายขาว,1000,กรัม,1000.0
304,27,ส่วนผสมหลัก,น้ำ,น้ำ,2400,มิลลิลิตร,
305,28,ส่วนผสมหลัก,ไข่,ไข่,2,ฟอง,
306,28,ส่วนผสมหลัก,น้ำตาลมะพร้าว หรือ น้ำตาลโตนด,น้ำตาลมะพร้าว หรือ น้ำตาลโตนด,16,กรัม,16.0
307,28,ส่วนผสมหลัก,หัวกะทิข้น ๆ,หัวกะทิข้น ๆ,1,ช้อนโต๊ะ,15.0
308,29,ส่วนผสมหลัก,กุ้งแห้งขนาดเล็กชนิดจืด,กุ้งแห้งขนาดเล็กชนิดจืด,100,กรัม,100.0
309,29,ส่วนผสมหลัก,ขิงซอย,ขิงซอย,2,ช้อนโต๊ะ,30.0
310,29,ส่วนผสมหลัก,กระเทียมซอย,กระเทียมซอย,1,ช้อนโต๊ะ,15.0
311,29,ส่วนผสมหลัก,น้ำปลา,น้ำปลา,1,ช้อนโต๊ะ,18.0
312,29,ส่วนผสมหลัก,น้ำมะนาว,น้ำมะนาว,1,ช้อนชา,5.0
313,29,ส่วนผสมหลัก,น้ำตาล,น้ำตาล,1/2,ช้อนชา,2.5
314,29,ส่วนผสมหลัก,พริกเหลืองซอย,พริกเหลืองซอย,1,ช้อนชา,5.0
315,30,ส่วนผสมหลัก,ฟักทองหั่น,ฟักทองหั่น,2,ถ้วย,480.0
316,30,ส่วนผสมหลัก,เนื้อโค หรือ เนื้อไก่,เนื้อโค หรือ เนื้อไก่,250,กรัม,250.0
317,30,ส่วนผสมหลัก,เครื่องแกงเผ็ด,เครื่องแกงเผ็ด,2,ช้อนโต๊ะ,30.0
318,30,ส่วนผสมหลัก,กะชาย,กะชาย,4,ราก,
319,30,ส่วนผสมหลัก,หัวหอมเล็ก,หัวหอมเล็ก,1,หัว,30.0
320,30,ส่วนผสมหลัก,ข้าวเบือ (ข้าวเย็น),ข้าวเบือ,1,ช้อนโต๊ะพูน,
321,30,ส่วนผสมหลัก,พริกสด,พริกสด,8,เม็ด,
322,30,ส่วนผสมหลัก,ใบกะเพรา,ใบกะเพรา,1/2,ถ้วย,120.0
323,30,ส่วนผสมหลัก,ใบมะกรูด,ใบมะกรูด,4,ใบ,
324,30,ส่วนผสมหลัก,น้ำมันหมู,น้ำมันหมู,2,ช้อนโต๊ะ,26.0
325,31,ส่วนผสมหลัก,หมูหั่นแล้ว (ขนาดชิ้นประมาณ 3 × 4 เซนติเมตร),หมูหั่นแล้ว,1,ช้อนโต๊ะพูน,
326,31,ส่วนผสมหลัก,ผักกาดดองหั่น,ผักกาดดองหั่น,3,ถ้วยชา,360.0
327,31,ส่วนผสมหลัก,ไข่,ไข่,1,ฟอง,
328,31,ส่วนผสมหลัก,น้ำมันหมู,น้ำมันหมู,2,ช้อนโต๊ะ,26.0
329,31,ส่วนผสมหลัก,กระเทียม,กระเทียม,3,กลีบ,6.0
330,31,ส่วนผสมหลัก,น้ำตาลทราย,น้ำตาลทราย,1,ช้อนโต๊ะ,15.0
331,32,ส่วนผสมหลัก,ขมิ้นขาวหั่นแฉลบบาง ๆ,ขมิ้นขาวหั่นแฉลบบาง ๆ,1,ถ้วยชา,120.0
332,32,ส่วนผสมหลัก,กุ้งเค็ม (กุ้งตะเข็บต้มกับเกลือ),กุ้งเค็ม,1,ถ้วยชา,120.0
333,32,ส่วนผสมหลัก,กระเทียมซอย,กระเทียมซอย,2,กลีบ,4.0
334,32,ส่วนผสมหลัก,มะนาว,มะนาว,2,ช้อนโต๊ะ,30.0
335,32,ส่วนผสมหลัก,พริกขี้หนู,พริกขี้หนู,4,เม็ด,
336,32,ส่วนผสมหลัก,พริกเหลือง,พริกเหลือง,2,เม็ด,
337,32,ส่วนผสมหลัก,น้ำปลาดี,น้ำปลาดี,2,ช้อนโต๊ะ,36.0
338,32,ส่วนผสมหลัก,น้ำตาลทราย,น้ำตาลทราย,1,ช้อนโต๊ะ,15.0
339,33,กุ้ง,กุ้ง,กุ้ง,500,กรัม,500.0
340,33,กุ้ง,เหล้าจีน,เหล้าจีน,1/2,ฝา,
341,33,กุ้ง,น้ำมันงา,น้ำมันงา,1,ช้อนโต๊ะ,14.0
342,33,กุ้ง,ผงปรุงรส,ผงปรุงรส,1/4,ช้อนชา,1.25
343,33,กุ้ง,พริกไทย,พริกไทย,1,ช้อนชา,5.0
344,33,หมูเด้ง,หมูเด้งสำเร็จรูป,หมูเด้งสำเร็จรูป,500,กรัม,500.0
345,33,หมูเด้ง,เหล้าจีน,เหล้าจีน,1,ฝา,
346,33,หมูเด้ง,น้ำมันงา,น้ำมันงา,1,ช้อนโต๊ะ,14.0
347,33,หมูเด้ง,พริกไทย,พริกไทย,1,ช้อนชา,5.0
348,34,ส่วนผสมหลัก,ข้าวเหนียวขาว,ข้าวเหนียวขาว,4,ช้อนโต๊ะ,60.0
349,34,ส่วนผสมหลัก,น้ำตาลทราย,น้ำตาลทราย,8,ช้อนโต๊ะ,120.0
350,34,ส่วนผสมหลัก,น้ำดอกไม้สด,น้ำดอกไม้สด,1,ถ้วยชา,120.0
351,34,ส่วนผสมหลัก,ใบตอง,ใบตอง,1,ใบ,
352,34,ส่วนผสมหลัก,ไม้กลัด,ไม้กลัด,1,อัน,
353,35,ส่วนผสมหลัก,เส้นหมี่,เส้นหมี่,6,แผ่น,
354,35,ส่วนผสมหลัก,เนื้อเค็มต้ม,เนื้อเค็มต้ม,2,ช้อนโต๊ะ,30.0
355,35,ส่วนผสมหลัก,แป้งมันสำปะหลัง,แป้งมันสำปะหลัง,1,ช้อนโต๊ะ,10.0
356,35,ส่วนผสมหลัก,หัวหอม,หัวหอม,6,หัว,180.0
357,35,ส่วนผสมหลัก,มะเขือเทศผลใหญ่,มะเขือเทศผลใหญ่,1,ผล,
358,35,ส่วนผสมหลัก,เนยแข็งป่น,เนยแข็งป่น,2,ช้อนโต๊ะ,30.0
359,35,ส่วนผสมหลัก,น้ำมันหมู,น้ำมันหมู,2,ช้อนโต๊ะ,26.0
360,35,ส่วนผสมหลัก,เกลือ,เกลือ,1/2,ช้อนชา,2.5
361,35,ส่วนผสมหลัก,พริกไทย,พริกไทย,1/4,ช้อนชา,1.25
362,35,ส่วนผสมหลัก,พริกชี้ฟ้าแดงหั่นแช่น้ำส้ม,พริกชี้ฟ้าแดงหั่นแช่น้ำส้ม,1,ช้อนโต๊ะ,15.0
363,36,ส่วนผสมหลัก,น้ำตาล,น้ำตาล,1,ถ้วย,240.0
364,36,ส่วนผสมหลัก,ไข่เป็ด,ไข่เป็ด,4,ฟอง,280.0
365,36,ส่วนผสมหลัก,แป้งสาลี,แป้งสาลี,1,ถ้วย,120.0
366,36,ส่วนผสมหลัก,โกโก้,โกโก้,2,ช้อนโต๊ะ,30.0
367,36,ส่วนผสมหลัก,ลูกเกดเล็ก,ลูกเกดเล็ก,1,ช้อนชา,5.0
368,37,ส่วนผสมหลัก,สาคูเม็ดเล็ก,สาคูเม็ดเล็ก,1/2,ถ้วยชา,60.0
369,37,ส่วนผสมหลัก,น้ำตาลทราย,น้ำตาลทราย,1/2,ถ้วยชา,60.0
370,37,ส่วนผสมหลัก,หัวกะทิ,หัวกะทิ,6,ช้อนโต๊ะ,90.0
371,37,ส่วนผสมหลัก,น้ำดอกไม้สด,น้ำดอกไม้สด,1+1/2,ช้อนชา,7.5
372,38,ส่วนผสมหลัก,ไข่ต้ม,ไข่ต้ม,2,ฟอง,
373,38,ส่วนผสมหลัก,ไข่จืด,ไข่จืด,2,ฟอง,
374,38,ส่วนผสมหลัก,แป้งข้าวจ้าวแห้ง,แป้งข้าวจ้าวแห้ง,1,ช้อนโต๊ะ,8.0
375,38,ส่วนผสมหลัก,มะพร้าวขูด,มะพร้าวขูด,1+1/2,ถ้วยชา,180.0
376,38,ส่วนผสมหลัก,ปลีกล้วย,ปลีกล้วย,2,ปลี,
377,38,ส่วนผสมหลัก,ใบยอ,ใบยอ,15,ใบ,
378,38,ส่วนผสมหลัก,พริกแห้ง,พริกแห้ง,5,เม็ด,
379,38,ส่วนผสมหลัก,หัวหอม,หัวหอม,10,หัว,300.0
380,38,ส่วนผสมหลัก,กระเทียม,กระเทียม,5,กลีบ,10.0
381,38,ส่วนผสมหลัก,ตะไคร้หั่น,ตะไคร้หั่น,2,ช้อนโต๊ะ,30.0
382,38,ส่วนผสมหลัก,ข่า,ข่า,5,แว่น,25.0
383,38,ส่วนผสมหลัก,รากผักชี,รากผักชี,7,ราก,14.0
384,38,ส่วนผสมหลัก,ผิวมะกรูด,ผิวมะกรูด,1,ลูก,
385,38,ส่วนผสมหลัก,กะชาย,กะชาย,3,ราก,
386,38,ส่วนผสมหลัก,หัวเปราะ,หัวเปราะ,3,แว่น,15.0
387,38,ส่วนผสมหลัก,พริกไทย,พริกไทย,5,เม็ด,0.25
388,38,ส่วนผสมหลัก,น้ำปลาดี,น้ำปลาดี,7,ช้อนชา,35.0
389,38,ส่วนผสมหลัก,ใบมะกรูด,ใบมะกรูด,3,ใบ,
390,38,ส่วนผสมหลัก,ผักชี,ผักชี,2,ต้น,
391,38,ส่วนผสมหลัก,ใบหอม,ใบหอม,2,ต้น,
392,39,ส่วนผสมหลัก,ปลาซ่อนย่าง,ปลาซ่อนย่าง,1,ถ้วยชา,120.0
393,39,ส่วนผสมหลัก,พริกแห้ง,พริกแห้ง,1/2,เม็ด,
394,39,ส่วนผสมหลัก,หัวหอม,หัวหอม,7,หัว,210.0
395,39,ส่วนผสมหลัก,ปลากุเลาเค็มปิ้งแกะ,ปลากุเลาเค็มปิ้งแกะ,1,ช้อนโต๊ะ,15.0
396,39,ส่วนผสมหลัก,กะปิ,กะปิ,1,ช้อนชา,5.0
397,39,ส่วนผสมหลัก,ไพล,ไพล,5,แว่น,25.0
398,39,ส่วนผสมหลัก,น้ำปลา,น้ำปลา,2,ช้อนโต๊ะ,36.0
399,39,ส่วนผสมหลัก,น้ำ,น้ำ,2+1/2,ถ้วยชา,300.0
400,39,ส่วนผสมหลัก,ใบชะพลู,ใบชะพลู,1/2,ถ้วยชา,60.0
401,40,ส่วนผสมหลัก,เนื้อโค (ขนาด 6×8 เซนติเมตร),เนื้อโค,8,ชิ้น,
402,40,ส่วนผสมหลัก,ลูกผักชี,ลูกผักชี,1/2,ช้อนโต๊ะ,7.5
403,40,ส่วนผสมหลัก,ยี่หร่า,ยี่หร่า,1/2,ช้อนชา,2.5
404,40,ส่วนผสมหลัก,พริกไทย,พริกไทย,5,เม็ด,0.25
405,40,ส่วนผสมหลัก,น้ำปลาดี หรือ น้ำซีอิ๊ว,น้ำปลาดี หรือ น้ำซีอิ๊ว,2,ช้อนโต๊ะ,36.0
406,40,ส่วนผสมหลัก,น้ำตาล,น้ำตาล,1/2,ช้อนโต๊ะ,7.5
407,40,ส่วนผสมหลัก,น้ำส้ม,น้ำส้ม,2,ช้อนโต๊ะ,30.0
408,40,ส่วนผสมหลัก,น้ำมันหมู,น้ำมันหมู,1,ช้อนโต๊ะ,13.0
409,41,ส่วนผสมหลัก,แป้งข้าวเหนียวขาว,แป้งข้าวเหนียวขาว,5,ช้อนโต๊ะ,75.0
410,41,ส่วนผสมหลัก,น้ำตาลโตนดหรือน้ำตาลทราย,น้ำตาลโตนดหรือน้ำตาลทราย,1/2,ถ้วยชา,60.0
411,41,ส่วนผสมหลัก,มะพร้าว,มะพร้าว,1/2,ถ้วยชา,60.0
412,41,ส่วนผสมหลัก,ถั่วเขียวหรือถั่วทองคั่ว,ถั่วเขียวหรือถั่วทองคั่ว,1,ช้อนชาพูน,
413,41,ส่วนผสมหลัก,น้ำดอกไม้สด,น้ำดอกไม้สด,4,ช้อนโต๊ะ,60.0
414,41,ส่วนผสมหลัก,น้ำสำหรับนวดแป้ง,น้ำสำหรับนวดแป้ง,3,ช้อนโต๊ะ,45.0
415,42,ส่วนผสมหลัก,ปลาหัวกะโปรง (กะพงจุด) ปลาคลุมพุก หรือ ปลาเกล็ดแข็งอื่นๆ,ปลาหัวกะโปรง (กะพงจุด) ปลาคลุมพุก หรือ ปลาเกล็ดแข็งอื่นๆ,1000,กรัม,1000.0
416,42,ส่วนผสมหลัก,ขิงอ่อนหั่น,ขิงอ่อนหั่น,1,ช้อนหวาน,
417,42,ส่วนผสมหลัก,เต้าเจี้ยว,เต้าเจี้ยว,2,ช้อนโต๊ะ,30.0
418,42,ส่วนผสมหลัก,หอมหัวใหญ่หั่นละเอียด,หอมหัวใหญ่หั่นละเอียด,2,ช้อนโต๊ะ,30.0
419,42,ส่วนผสมหลัก,กระเทียมหั่น,กระเทียมหั่น,2,ช้อนโต๊ะ,30.0
420,42,ส่วนผสมหลัก,มันหมูหั่นละเอียด,มันหมูหั่นละเอียด,1,ถ้วย,240.0
421,42,ส่วนผสมหลัก,น้ำพริกเผา,น้ำพริกเผา,1,ช้อนชา,5.0
422,42,ส่วนผสมหลัก,น้ำปลา,น้ำปลา,1/2,ช้อนโต๊ะ,9.0
423,42,ส่วนผสมหลัก,ซีอิ๊วขาว,ซีอิ๊วขาว,1/2,ช้อนโต๊ะ,7.5
424,42,ส่วนผสมหลัก,น้ำตาลทราย,น้ำตาลทราย,1,ช้อนชา,5.0
425,42,ส่วนผสมหลัก,น้ำมันหมู,น้ำมันหมู,1,ช้อนหวาน,
426,42,ส่วนผสมหลัก,น้ำชุบกระดูกไก่,น้ำชุบกระดูกไก่,2,ช้อนโต๊ะ,30.0
427,43,ส่วนผสมหลัก,ตับหมูบดละเอียด,ตับหมูบดละเอียด,1,ถ้วยชา,120.0
428,43,ส่วนผสมหลัก,เนื้อหมูบดละเอียด,เนื้อหมูบดละเอียด,1/2,ถ้วยชา,60.0
429,43,ส่วนผสมหลัก,กะหล่ำปลีต้มสับละเอียด,กะหล่ำปลีต้มสับละเอียด,1/4,ถ้วยชา,30.0
430,43,ส่วนผสมหลัก,หัวผักกาดแดง (บีทรูท),หัวผักกาดแดง,1,หัวใหญ่,
431,43,ส่วนผสมหลัก,หัวผักกาดเหลือง (แครอท),หัวผักกาดเหลือง,1,หัวใหญ่,
432,43,ส่วนผสมหลัก,เกลือป่น,เกลือป่น,1,ช้อนชา,5.0
433,43,ส่วนผสมหลัก,พริกไทยป่น,พริกไทยป่น,1,ช้อนชา,5.0
434,43,ส่วนผสมหลัก,ลูกจันทน์ป่น,ลูกจันทน์ป่น,1,ช้อนชา,5.0
435,43,ส่วนผสมหลัก,เนยสำหรับทาภาชนะ,เนยสำหรับทาภาชนะ,,
436,44,ส่วนผสมหลัก,เนื้อไก่ต้มซุป (ใช้เฉพาะเนื้อ ไม่เอาหนังหรือเอ็น),เนื้อไก่ต้มซุป,320,กรัม,320.0
437,44,ส่วนผสมหลัก,ซีอิ๊วขาว,ซีอิ๊วขาว,1/2,ช้อนชา,2.5
438,44,ส่วนผสมหลัก,น้ำตาล,น้ำตาล,4,ช้อนโต๊ะ,60.0
439,45,ส่วนผสมหลัก,เนื้อหมู,เนื้อหมู,500,กรัม,500.0
440,45,ส่วนผสมหลัก,หัวหอม,หัวหอม,3,หัว,90.0
441,45,ส่วนผสมหลัก,สายบัว,สายบัว,100,กรัม,100.0
442,45,ส่วนผสมหลัก,แตงกวา,แตงกวา,1,ลูก,
443,45,ส่วนผสมหลัก,มะเขือเทศ,มะเขือเทศ,2,ผล,
444,45,ส่วนผสมหลัก,น้ำมันหมู,น้ำมันหมู,2,ช้อนโต๊ะ,26.0
445,45,ส่วนผสมหลัก,น้ำส้ม,น้ำส้ม,2,ช้อนโต๊ะ,30.0
446,45,ส่วนผสมหลัก,น้ำตาล,น้ำตาล,1,ช้อนโต๊ะพูน,
447,45,ส่วนผสมหลัก,เกลือ,เกลือ,1,ช้อนชา,5.0
448,45,ส่วนผสมหลัก,พริกไทย,พริกไทย,1/2,ช้อนชา,2.5
449,45,ส่วนผสมหลัก,น้ำมันหมู,น้ำมันหมู,1,ช้อนโต๊ะ,13.0
450,46,ส่วนผสมหลัก,ไข่ไก่ 1 ฟอง หรือ ไข่เป็ด,ไข่ไก่ 1 ฟอง หรือ ไข่เป็ด,1,ฟอง,70.0
451,46,ส่วนผสมหลัก,น้ำมันพืช หรือ น้ำมันหมู สำหรับทอด,น้ำมันพืช หรือ น้ำมันหมู สำหรับทอด,,
452,47,ส่วนผสมหลัก,ยอดแค,ยอดแค,1,กำ,
453,47,ส่วนผสมหลัก,กระเทียม,กระเทียม,3,หัว,75.0
454,47,ส่วนผสมหลัก,น้ำมันรำข้าว,น้ำมันรำข้าว,3,ช้อนโต๊ะ,42.0
455,47,ส่วนผสมหลัก,ซีอิ๊วขาว,ซีอิ๊วขาว,1,ช้อนโต๊ะ,15.0
456,47,ส่วนผสมหลัก,น้ำตาลทราย,น้ำตาลทราย,1/2,ช้อนชา,2.5
457,48,ส่วนผสมหลัก,ไก่อ่อน,ไก่อ่อน,1,ตัว,
458,48,ส่วนผสมหลัก,มะพร้าว,มะพร้าว,1/2,กิโลกรัม,500.0
459,48,ส่วนผสมหลัก,ผงกะหรี่,ผงกะหรี่,1,ช้อนชา,5.0
460,48,ส่วนผสมหลัก,ใบกระวาน 2–3 ใบ,ใบกระวาน 2–3 ใบ,,
461,48,ส่วนผสมหลัก,เนื้อพะแนง,เนื้อพะแนง,3,ชิ้น,
462,48,ส่วนผสมหลัก,เนื้อเค็มทอดฟู,เนื้อเค็มทอดฟู,2,ชิ้น,
463,48,ส่วนผสมหลัก,ไข่เค็มต้ม,ไข่เค็มต้ม,3,ฟอง,210.0
464,48,ส่วนผสมหลัก,ถั่วงอก (ถั่วเหลือง),ถั่วงอก,1/2,ถ้วย,120.0
465,48,ส่วนผสมหลัก,ถั่วเมล็ดกลม (ถั่วแขกแห้ง),ถั่วเมล็ดกลม,1/2,ถ้วย,120.0
466,48,ส่วนผสมหลัก,แตงร้านอ่อน,แตงร้านอ่อน,1,ผล,
467,48,ส่วนผสมหลัก,พริกแดง,พริกแดง,3,เม็ด,
468,48,ส่วนผสมหลัก,เกลือป่น,เกลือป่น,1,ช้อนชา,5.0
469,49,ส่วนผสมหลัก,กุ้งนาง,กุ้งนาง,8,ตัว,1000.0
470,49,ส่วนผสมหลัก,มะเขือเทศ,มะเขือเทศ,2,ผล,
471,49,ส่วนผสมหลัก,หอมเผา,หอมเผา,10,หัว,300.0
472,49,ส่วนผสมหลัก,พริกหยวกเขียว,พริกหยวกเขียว,5,เม็ด,
473,49,ส่วนผสมหลัก,พริกหยวกแดง,พริกหยวกแดง,5,เม็ด,
474,49,ส่วนผสมหลัก,ผักชี,ผักชี,2,ต้น,
475,49,ส่วนผสมหลัก,น้ำเคยดี,น้ำเคยดี,3,ช้อนโต๊ะ,45.0
476,49,ส่วนผสมหลัก,มะนาว,มะนาว,2,ช้อนโต๊ะ,30.0
477,50,ส่วนผสมหลัก,ไข่,ไข่,1,ฟอง,
478,50,ส่วนผสมหลัก,แตงกวา,แตงกวา,2,ผล,
479,50,ส่วนผสมหลัก,ตั้งฉ่าย,ตั้งฉ่าย,1,ซ้อนโต๊ะ,15.0
480,50,ส่วนผสมหลัก,ต้นหอม,ต้นหอม,1,ต้น,
481,50,ส่วนผสมหลัก,ผักชี,ผักชี,1,ต้น,
482,50,ส่วนผสมหลัก,น้ำซีอิ๊ว (ซีอิ๊วขาว),น้ำซีอิ๊ว,2,ช้อนโต๊ะ,30.0
483,50,ส่วนผสมหลัก,น้ำส้ม,น้ำส้ม,1,ช้อนโต๊ะ,15.0
484,50,ส่วนผสมหลัก,น้ำตาล,น้ำตาล,1,ช้อนชา,5.0
485,50,ส่วนผสมหลัก,พริกสด,พริกสด,1,เม็ด,
486,51,ส่วนผสมหลัก,เนื้อวัวสับละเอียด,เนื้อวัวสับละเอียด,1,ถ้วยชา,120.0
487,51,ส่วนผสมหลัก,ไข่เป็ด,ไข่เป็ด,3,ฟอง,210.0
488,51,ส่วนผสมหลัก,ผักกาดหอม (สำหรับรองจาน),ผักกาดหอม,,
489,51,ส่วนผสมหลัก,คึ่นฉ่าย,คึ่นฉ่าย,2,ต้น,
490,51,ส่วนผสมหลัก,แตงกวา,แตงกวา,2,ผล,
491,51,ส่วนผสมหลัก,หอมหัวใหญ่,หอมหัวใหญ่,1,หัว,30.0
492,51,ส่วนผสมหลัก,กระเทียม,กระเทียม,5,กลีบ,10.0
493,51,ส่วนผสมหลัก,รากผักชี,รากผักชี,3,ราก,6.0
494,51,ส่วนผสมหลัก,พริกแดง,พริกแดง,2,เม็ด,
495,51,ส่วนผสมหลัก,เกลือป่น,เกลือป่น,1/2,ช้อนชา,2.5
496,51,ส่วนผสมหลัก,น้ำตาล,น้ำตาล,1,ช้อนชา,5.0
497,51,ส่วนผสมหลัก,น้ำส้ม,น้ำส้ม,1,ช้อนโต๊ะ,15.0
498,51,ส่วนผสมหลัก,น้ำปลา,น้ำปลา,1,ช้อนชา,5.0
499,51,ส่วนผสมหลัก,น้ำมัน (สำหรับทอดไข่ดาว),น้ำมัน,,
500,52,ส่วนผสมหลัก,นกปากซ่อม สับละเอียด,นกปากซ่อม สับละเอียด,1,ถ้วยชา,120.0
501,52,ส่วนผสมหลัก,เนื้อหมู,เนื้อหมู,1/2,ถ้วยชา,60.0
502,52,ส่วนผสมหลัก,แห้วหั่นละเอียด,แห้วหั่นละเอียด,2,ช้อนโต๊ะ,30.0
503,52,ส่วนผสมหลัก,หัวผักกาดเค็มหั่นละเอียด,หัวผักกาดเค็มหั่นละเอียด,1,ช้อนโต๊ะ,15.0
504,52,ส่วนผสมหลัก,หอมหัวใหญ่หั่นละเอียด,หอมหัวใหญ่หั่นละเอียด,1/2,ถ้วยชา,60.0
505,52,ส่วนผสมหลัก,ดอกกุ๊ยช่ายหั่นละเอียดด,ดอกกุ๊ยช่ายหั่นละเอียดด,2,ช้อนโต๊ะ,30.0
506,52,ส่วนผสมหลัก,เนยละลาย น้ำมันหมู,เนยละลาย น้ำมันหมู,2,ช้อนโต๊ะ,26.0
507,52,ส่วนผสมหลัก,น้ำปลาซีอิ๊วขาว,น้ำปลาซีอิ๊วขาว,2+1/2,ช้อนโต๊ะ,45.0
508,52,ส่วนผสมหลัก,เกลือ,เกลือ,1/2,ช้อนชา,2.5
509,52,ส่วนผสมหลัก,พริกไทย,พริกไทย,1,ช้อนชา,5.0
510,52,ส่วนผสมหลัก,น้ำตาลทราย,น้ำตาลทราย,1,ช้อนชา,5.0
511,52,ส่วนผสมหลัก,ซอสศรีราชา,ซอสศรีราชา,1,ช้อนชา,5.0
512,52,ส่วนผสมหลัก,ซอสมะเขือเทศ,ซอสมะเขือเทศ,1,ช้อนชา,5.0
513,52,ส่วนผสมหลัก,ซอสกระต่าย,ซอสกระต่าย,1,ช้อนชา,5.0
514,52,ส่วนผสมหลัก,แม็กกี้,แม็กกี้,1,ช้อนชา,5.0
515,52,ส่วนผสมหลัก,น้ำปลาญี่ปุ่น,น้ำปลาญี่ปุ่น,1,ช้อนชา,5.0
516,52,ส่วนผสมหลัก,ผักกาดหอมล้างสะอาดแช่น้ำด่างทับทิมพอควร,ผักกาดหอมล้างสะอาดแช่น้ำด่างทับทิมพอควร,,
517,53,ส่วนผสมหลัก,เส้นหมี่,เส้นหมี่,6,แผ่น,
518,53,ส่วนผสมหลัก,เนื้อเค็มต้ม,เนื้อเค็มต้ม,2,ช้อนโต๊ะ,30.0
519,53,ส่วนผสมหลัก,แป้งมันสำปะหลัง,แป้งมันสำปะหลัง,1,ช้อนโต๊ะ,10.0
520,53,ส่วนผสมหลัก,หัวหอม,หัวหอม,6,หัว,180.0
521,53,ส่วนผสมหลัก,มะเขือเทศผลใหญ่,มะเขือเทศผลใหญ่,1,ผล,
522,53,ส่วนผสมหลัก,เนยแข็งป่น,เนยแข็งป่น,2,ช้อนโต๊ะ,30.0
523,53,ส่วนผสมหลัก,น้ำมันหมู,น้ำมันหมู,2,ช้อนโต๊ะ,26.0
524,53,ส่วนผสมหลัก,เกลือ,เกลือ,1/2,ช้อนชา,2.5
525,53,ส่วนผสมหลัก,พริกไทยป่น,พริกไทยป่น,1/4,ช้อนชา,1.25
526,53,ส่วนผสมหลัก,พริกชี้ฟ้าแดงหั่นแช่น้ำส้ม,พริกชี้ฟ้าแดงหั่นแช่น้ำส้ม,1,เม็ด,
527,54,ส่วนผสมหลัก,หมูปนมัน,หมูปนมัน,1,ช้อนโต๊ะพูน,
528,54,ส่วนผสมหลัก,ผักกาดขาว,ผักกาดขาว,1,ต้น,
529,54,ส่วนผสมหลัก,ไข่ไก่,ไข่ไก่,1,ฟอง,55.0
530,54,ส่วนผสมหลัก,น้ำมันหมู,น้ำมันหมู,1,ช้อนหวาน,
531,54,ส่วนผสมหลัก,หอมแดง,หอมแดง,2,หัว,60.0
532,54,ส่วนผสมหลัก,กระเทียม,กระเทียม,3,กลีบ,6.0
533,54,ส่วนผสมหลัก,น้ำเปล่า,น้ำเปล่า,1/2,ถ้วยชา,60.0
534,54,ส่วนผสมหลัก,น้ำปลา,น้ำปลา,1,ช้อนชา,5.0
535,54,ส่วนผสมหลัก,พริกไทยป่น,พริกไทยป่น,1,ช้อนชา,5.0
536,55,ส่วนผสมหลัก,แป้งสาลี,แป้งสาลี,12,ถ้วย,1440.0
537,55,ส่วนผสมหลัก,มันฝรั่งหั่นเล็ก ๆ,มันฝรั่งหั่นเล็ก ๆ,6,ถ้วย,1440.0
538,55,ส่วนผสมหลัก,หอมฝรั่งหั่นเล็ก ๆ,หอมฝรั่งหั่นเล็ก ๆ,1,ถ้วยพูน,
539,55,ส่วนผสมหลัก,น้ำปลา,น้ำปลา,3,ช้อนโต๊ะ,54.0
540,55,ส่วนผสมหลัก,น้ำตาล,น้ำตาล,1,ช้อนชา,5.0
541,55,ส่วนผสมหลัก,ลูกผักชี,ลูกผักชี,1,ช้อนชา,5.0
542,55,ส่วนผสมหลัก,กระวาน,กระวาน,1,ลูก,
543,55,ส่วนผสมหลัก,กานพลู,กานพลู,1,ดอก,
544,55,ส่วนผสมหลัก,ดอกจันทร์,ดอกจันทร์,2,กลีบ,4.0
545,55,ส่วนผสมหลัก,โป๊ยกั๊ก,โป๊ยกั๊ก,1,กลีบ,2.0
546,55,ส่วนผสมหลัก,หัวหอม,หัวหอม,5,หัว,150.0
547,55,ส่วนผสมหลัก,กระเทียม,กระเทียม,3,กลีบ,6.0
548,55,ส่วนผสมหลัก,พริกไทย,พริกไทย,5,เม็ด,0.25
549,55,ส่วนผสมหลัก,ขมิ้น (ขนาดยาว 2 เซนติเมตร),ขมิ้น,1,แง่ง,
550,55,ส่วนผสมหลัก,ขิงแก่ (หนา 1 เซนติเมตร),ขิงแก่,1,แว่น,5.0
551,55,ส่วนผสมหลัก,เกลือเม็ด,เกลือเม็ด,1/2,ช้อนโต๊ะ,7.5
552,56,ส่วนผสมหลัก,ปลาทูนึ่ง แกะก้างและหนัง,ปลาทูนึ่ง แกะก้างและหนัง,1,ถ้วย,240.0
553,56,ส่วนผสมหลัก,มันหมูแข็งต้มหั่นเล็ก,มันหมูแข็งต้มหั่นเล็ก,1/2,ถ้วย,120.0
554,56,ส่วนผสมหลัก,หนังหมูต้มหั่นฝอย,หนังหมูต้มหั่นฝอย,1,ถ้วย,240.0
555,56,ส่วนผสมหลัก,หอมหัวเล็ก,หอมหัวเล็ก,2,ช้อนโต๊ะ,30.0
556,56,ส่วนผสมหลัก,กระเทียมดอง,กระเทียมดอง,1,ช้อนโต๊ะ,15.0
557,56,ส่วนผสมหลัก,ถั่วลิสงป่น,ถั่วลิสงป่น,1/2,ถ้วย,120.0
558,56,ส่วนผสมหลัก,ส้มซ่า,ส้มซ่า,1,ผล,150.0
559,56,ส่วนผสมหลัก,น้ำมะนาว,น้ำมะนาว,4,ช้อนโต๊ะ,60.0
560,56,ส่วนผสมหลัก,เกลือ,เกลือ,1,ช้อนโต๊ะ,15.0
561,56,ส่วนผสมหลัก,น้ำตาล,น้ำตาล,2,ช้อนโต๊ะ,30.0
562,56,ส่วนผสมหลัก,พริก,พริก,1,เม็ด,
563,56,ส่วนผสมหลัก,ข้าวคั่ว,ข้าวคั่ว,1/2,ถ้วย,120.0
564,56,ส่วนผสมหลัก,มะพร้าวคั่ว,มะพร้าวคั่ว,1,ช้อนโต๊ะ,15.0
565,56,ส่วนผสมหลัก,ข่าอ่อน,ข่าอ่อน,1,ช้อนหวาน,
566,56,ส่วนผสมหลัก,"ผักสดสำหรับรับประทาน (ใบผักกาด, ใบชะพลู, ใบทองหลาง)",ผักสดสำหรับรับประทาน,,
567,57,ส่วนผสมหลัก,แป้งสาลีอย่างดี,แป้งสาลีอย่างดี,2,ถ้วย,240.0
568,57,ส่วนผสมหลัก,น้ำตาลทรายป่นละเอียด,น้ำตาลทรายป่นละเอียด,2,ถ้วย,480.0
569,57,ส่วนผสมหลัก,น้ำตาลทรายป่น,น้ำตาลทรายป่น,2,ถ้วย,480.0
570,57,ส่วนผสมหลัก,น้ำมันหมูเจียว (ทาถาดนิดหน่อย),น้ำมันหมูเจียว,4,ช้อนโต๊ะ,52.0
571,57,ส่วนผสมหลัก,เมล็ดแตงโม,เมล็ดแตงโม,1,เม็ด,
572,57,ส่วนผสมหลัก,ดอกมะลิ กะดังงา เทียนอบ,ดอกมะลิ กะดังงา เทียนอบ,,
573,58,เครื่องปรุงน้ำแกง,พริกแห้ง,พริกแห้ง,21,เม็ด,
574,58,เครื่องปรุงน้ำแกง,หัวหอม,หัวหอม,15,กลีบ,30.0
575,58,เครื่องปรุงน้ำแกง,กระเทียม,กระเทียม,15,กลีบ,30.0
576,58,เครื่องปรุงน้ำแกง,ข่า,ข่า,5,แว่น,25.0
577,58,เครื่องปรุงน้ำแกง,ตะไคร้,ตะไคร้,1,ช้อนหวานพูน,
578,58,เครื่องปรุงน้ำแกง,รากผักชี,รากผักชี,1,ช้อนชา,5.0
579,58,เครื่องปรุงน้ำแกง,ลูกผักชี,ลูกผักชี,1,ช้อนหวาน,
580,58,เครื่องปรุงน้ำแกง,ผิวมะกรูด,ผิวมะกรูด,1/2,ช้อนชา,2.5
581,58,เครื่องปรุงน้ำแกง,ยี่หร่า,ยี่หร่า,1/2,ช้อนชา,2.5
582,58,เครื่องปรุงน้ำแกง,ลูกจันทร์,ลูกจันทร์,1/8,ลูก,
583,58,เครื่องปรุงน้ำแกง,ดอกจันทร์,ดอกจันทร์,1,ดอก,
584,58,เครื่องปรุงน้ำแกง,กะวาน,กะวาน,7,ลูก,
585,58,เครื่องปรุงน้ำแกง,กานพลู,กานพลู,5,ดอก,
586,58,เครื่องปรุงน้ำแกง,ดีปลี,ดีปลี,5,ฝัก,
587,58,เครื่องปรุงน้ำแกง,โป๊ยกั๊ก,โป๊ยกั๊ก,2,อัน,
588,58,เครื่องปรุงน้ำแกง,อบเชย (ประมาณ 2×5 ซ.ม.),อบเชย,1,ชิ้น,
589,58,เครื่องปรุงน้ำแกง,พริกไทย,พริกไทย,7,เม็ด,0.35000000000000003
590,58,เครื่องปรุงน้ำแกง,เกลือเม็ด,เกลือเม็ด,1,ช้อนชาพูน,
591,58,เครื่องปรุงน้ำแกง,กะปิ,กะปิ,1,ช้อนชา,5.0
592,58,เครื่องปรุงน้ำแกง,พริกชี้ฟ้าสด,พริกชี้ฟ้าสด,10,เม็ด,
593,58,เนื้อแกง,เนื้อหมู,เนื้อหมู,500,กรัม,500.0
594,58,เนื้อแกง,มะเขือเปราะ,มะเขือเปราะ,5,ผล,
595,58,เนื้อแกง,ใบมะกรูด,ใบมะกรูด,3,ใบ,
596,58,เนื้อแกง,ใบโหระพา,ใบโหระพา,3,กิ่ง,
597,58,เนื้อแกง,ใบกะเพรา,ใบกะเพรา,3,กิ่ง,
598,58,เนื้อแกง,มะพร้าว,มะพร้าว,500,กรัม,500.0
599,58,เนื้อแกง,น้ำสำหรับคั้นกะทิ,น้ำสำหรับคั้นกะทิ,8,ถ้วยชา,960.0
600,59,ส่วนผสมหลัก,เนื้อหมู,เนื้อหมู,500,กรัม,500.0
601,59,ส่วนผสมหลัก,ข่า,ข่า,15,แว่น,75.0
602,59,ส่วนผสมหลัก,น้ำส้มหรือมะนาว,น้ำส้มหรือมะนาว,3,ช้อนโต๊ะ,45.0
603,59,ส่วนผสมหลัก,ข้าวคั่ว,ข้าวคั่ว,1/2,ถ้วย,120.0
604,59,ส่วนผสมหลัก,หนังหมู,หนังหมู,2,ถ้วย,480.0
605,59,ส่วนผสมหลัก,มันหมูแข็ง (หั่น 3 มม. × 2+1/2 ซม.),มันหมูแข็ง,2,ช้อนโต๊ะ,30.0
606,59,ส่วนผสมหลัก,ผิวส้มซ่า,ผิวส้มซ่า,1,ช้อนชา,5.0
607,59,ส่วนผสมหลัก,หอมซอย,หอมซอย,1,ช้อนโต๊ะ,15.0
608,59,ส่วนผสมหลัก,กระเทียมดองซอย,กระเทียมดองซอย,1,ช้อนโต๊ะ,15.0
609,59,ส่วนผสมหลัก,ผักกาดหอมจีบ,ผักกาดหอมจีบ,2,ต้น,
610,59,ส่วนผสมหลัก,น้ำตาลทราย,น้ำตาลทราย,1/2,ช้อนชา,2.5
611,59,ส่วนผสมหลัก,พริกชี้ฟ้า,พริกชี้ฟ้า,1,เม็ด,
612,60,ส่วนผสมหลัก,มะเขือยาว,มะเขือยาว,2,ผล,
613,60,ส่วนผสมหลัก,ถั่วแขก,ถั่วแขก,10,ฝัก,
614,60,ส่วนผสมหลัก,หอมหัวเล็ก,หอมหัวเล็ก,1,ถ้วย,240.0
615,60,ส่วนผสมหลัก,พริกสดเขียวหรือแดง,พริกสดเขียวหรือแดง,10,เม็ด,
616,60,ส่วนผสมหลัก,ส้มมะขามเปียก,ส้มมะขามเปียก,1,ช้อนโต๊ะ,15.0
617,60,ส่วนผสมหลัก,น้ำตาลมะพร้าว,น้ำตาลมะพร้าว,1,ช้อนโต๊ะ,15.0
618,60,ส่วนผสมหลัก,เกลือ,เกลือ,1,ช้อนชา,5.0
619,60,ส่วนผสมหลัก,น้ำมันรำข้าว (สำหรับทอด),น้ำมันรำข้าว,,
620,60,ส่วนผสมหลัก,ลูกผักชี,ลูกผักชี,1,ช้อนโต๊ะ,15.0
621,60,ส่วนผสมหลัก,หัวหอมเผา,หัวหอมเผา,10,หัว,300.0
622,60,ส่วนผสมหลัก,ขมิ้นแขก,ขมิ้นแขก,1,ท่อน,
623,60,ส่วนผสมหลัก,ขิงแก่,ขิงแก่,5,แว่น,25.0
624,60,ส่วนผสมหลัก,กระเทียมเผา,กระเทียมเผา,5,หัว,125.0
625,61,ส่วนผสมหลัก,เนื้อหมู (หั่นสี่เหลี่ยมลูกบาศก์ 1 ซม.),เนื้อหมู,3,ถ้วย,720.0
626,61,ส่วนผสมหลัก,มันหมูหั่นเหมือนเนื้อหมู,มันหมูหั่นเหมือนเนื้อหมู,1/2,ถ้วย,120.0
627,61,ส่วนผสมหลัก,มะพร้าวขูดแล้ว,มะพร้าวขูดแล้ว,500,กรัม,500.0
628,61,ส่วนผสมหลัก,ไส้หมู,ไส้หมู,500,กรัม,500.0
629,61,ส่วนผสมหลัก,เนื้อปูทะเลหรือกุ้ง,เนื้อปูทะเลหรือกุ้ง,1,ถ้วย,240.0
630,61,ส่วนผสมหลัก,มันแกวต้มสุกหั่นเป็นฝอยๆ (ถ้าไม่มีมันแกวใช้ฟักเขียวต้มสุกแทน),มันแกวต้มสุกหั่นเป็นฝอยๆ,1,ถ้วย,240.0
631,61,ส่วนผสมหลัก,ไข่เป็ด,ไข่เป็ด,2,ฟอง,140.0
632,61,ส่วนผสมหลัก,ต้นหอมและผักชีหั่นแล้ว,ต้นหอมและผักชีหั่นแล้ว,1,ถ้วย,240.0
633,61,ส่วนผสมหลัก,น้ำมันหมู,น้ำมันหมู,2,ช้อนโต๊ะ,26.0
634,61,ส่วนผสมหลัก,น้ำปลาดี,น้ำปลาดี,1,ช้อนโต๊ะ,18.0
635,62,ส่วนผสมหลัก,เนื้อหมู,เนื้อหมู,500,กรัม,500.0
636,62,ส่วนผสมหลัก,ใบเมี่ยง,ใบเมี่ยง,25,กรัม,25.0
637,62,ส่วนผสมหลัก,หอมเจียว,หอมเจียว,1/2,ถ้วย,120.0
638,62,ส่วนผสมหลัก,กระเทียมเจียว,กระเทียมเจียว,1/2,ถ้วย,120.0
639,62,ส่วนผสมหลัก,ถั่วลิสงคั่วซอยแล้ว,ถั่วลิสงคั่วซอยแล้ว,2,ช้อนโต๊ะ,30.0
640,62,ส่วนผสมหลัก,มะขามเปียก,มะขามเปียก,3,ช้อนโต๊ะ,45.0
641,62,ส่วนผสมหลัก,น้ำตาลปึก,น้ำตาลปึก,2,ช้อนโต๊ะ,30.0
642,62,ส่วนผสมหลัก,เกลือ,เกลือ,1/2,ช้อนชา,2.5
643,62,ส่วนผสมหลัก,น้ำปลาดี,น้ำปลาดี,2,ช้อนโต๊ะ,36.0
644,63,ส่วนผสมหลัก,ปลาช่อนขนาดใหญ่,ปลาช่อนขนาดใหญ่,1,ตัว,
645,63,ส่วนผสมหลัก,ผักกาดขาวปลี,ผักกาดขาวปลี,1,ต้น,
646,63,ส่วนผสมหลัก,ต้นหอม,ต้นหอม,12,ต้น,
647,63,ส่วนผสมหลัก,มะเขือเทศขนาดกลาง,มะเขือเทศขนาดกลาง,2,ผล,
648,63,ส่วนผสมหลัก,ผักชี,ผักชี,2,ต้น,
649,63,ส่วนผสมหลัก,น้ำส้ม,น้ำส้ม,3,ช้อนโต๊ะ,45.0
650,63,ส่วนผสมหลัก,น้ำตาลทราย,น้ำตาลทราย,1,ช้อนชา,5.0
651,63,ส่วนผสมหลัก,เกลือป่น,เกลือป่น,1/2,ช้อนชา,2.5
652,63,ส่วนผสมหลัก,พริกไทยป่น,พริกไทยป่น,1/4,ช้อนชา,1.25
653,64,ส่วนผสมหลัก,มะเขือเทศขนาดกลาง,มะเขือเทศขนาดกลาง,5,ลูก,
654,64,ส่วนผสมหลัก,พริกชี้ฟ้าแดง,พริกชี้ฟ้าแดง,5,เม็ด,
655,64,ส่วนผสมหลัก,หอม,หอม,15,หัว,450.0
656,64,ส่วนผสมหลัก,กระเทียม,กระเทียม,7,หัว,175.0
657,64,ส่วนผสมหลัก,กะปิดี,กะปิดี,1,ช้อนชา,5.0
658,64,ส่วนผสมหลัก,เนื้อหมูสับ,เนื้อหมูสับ,1/2,ถ้วยชา,60.0
659,64,ส่วนผสมหลัก,กุ้งสับ,กุ้งสับ,1/2,ถ้วยชา,60.0
660,64,ส่วนผสมหลัก,น้ำมันหมู,น้ำมันหมู,1/2,ถ้วยชา,60.0
661,64,ส่วนผสมหลัก,น้ำส้มะขามเปียก,น้ำส้มะขามเปียก,2,ช้อนโต๊ะ,30.0
662,64,ส่วนผสมหลัก,น้ำตาลปีบ,น้ำตาลปีบ,1,ช้อนโต๊ะ,15.0
663,64,ส่วนผสมหลัก,น้ำปลา,น้ำปลา,1,ช้อนโต๊ะ,18.0
664,65,ส่วนผสมหลัก,ไก่อ่อน,ไก่อ่อน,1,ตัว,
665,65,ส่วนผสมหลัก,มะพร้าว,มะพร้าว,1/2,กิโลกรัม,500.0
666,65,ส่วนผสมหลัก,น้ำพริกเผา,น้ำพริกเผา,1,ช้อนโต๊ะ,15.0
667,65,ส่วนผสมหลัก,ถั่วทอง,ถั่วทอง,2,ซ้อนโต๊ะ,30.0
668,65,ส่วนผสมหลัก,ขมิ้นผง,ขมิ้นผง,1/4,ช้อนชา,1.25
669,65,ส่วนผสมหลัก,ใบกระวาน,ใบกระวาน,3,ใบ,
670,65,ส่วนผสมหลัก,มะนาว,มะนาว,1,ช้อนโต๊ะ,15.0
671,65,ส่วนผสมหลัก,น้ำตาลปึก,น้ำตาลปึก,1,ช้อนโต๊ะ,15.0
672,65,ส่วนผสมหลัก,น้ำปลาดี,น้ำปลาดี,1,ช้อนโต๊ะ,18.0
673,65,ส่วนผสมหลัก,ใบผักบุ้ง,ใบผักบุ้ง,5,ใบ,
674,65,ส่วนผสมหลัก,น้ำมันหมู,น้ำมันหมู,2,ช้อนโต๊ะ,26.0
675,65,ส่วนผสมหลัก,ขนมจีน,ขนมจีน,300,กรัม,300.0
676,66,ส่วนผสมหลัก,ข้าวเม่า,ข้าวเม่า,1,ถ้วยชา,120.0
677,66,ส่วนผสมหลัก,มะพร้าวทึมทึก (ขูด),มะพร้าวทึมทึก,1/2,ถ้วยชา,60.0
678,66,ส่วนผสมหลัก,น้ำตาลทราย,น้ำตาลทราย,1,ช้อนชา,5.0
679,66,ส่วนผสมหลัก,เกลือ,เกลือ,0.125,ช้อนชา,0.625
680,67,ส่วนผสมหลัก,กุ้งเผา (หรือกุ้งเค็ม),กุ้งเผา,2,ตัว,60.0
681,67,ส่วนผสมหลัก,มะเขือเปราะ,มะเขือเปราะ,2,ผล,
682,67,ส่วนผสมหลัก,กระเทียม,กระเทียม,2,กลีบ,4.0
683,67,ส่วนผสมหลัก,ขมิ้นขาวหั่น,ขมิ้นขาวหั่น,2,ช้อนโต๊ะ,30.0
684,67,ส่วนผสมหลัก,ขิงอ่อนหั่นฝอย,ขิงอ่อนหั่นฝอย,2,ช้อนโต๊ะ,30.0
685,67,ส่วนผสมหลัก,ต้นหอมหั่น,ต้นหอมหั่น,1,ช้อนโต๊ะ,15.0
686,67,ส่วนผสมหลัก,ผักชีหั่น,ผักชีหั่น,1,ช้อนโต๊ะ,15.0
687,67,ส่วนผสมหลัก,น้ำเคยดี,น้ำเคยดี,2,ช้อนโต๊ะ,30.0
688,67,ส่วนผสมหลัก,น้ำมะนาว,น้ำมะนาว,1,ช้อนโต๊ะ,15.0
689,67,ส่วนผสมหลัก,พริกสด,พริกสด,4,เม็ด,
690,68,ส่วนผสมหลัก,มะละกอ,มะละกอ,1,ผล,
691,68,ส่วนผสมหลัก,เนื้อหมู,เนื้อหมู,500,กรัม,500.0
692,68,ส่วนผสมหลัก,มะพร้าว,มะพร้าว,1,ชีก,
693,68,ส่วนผสมหลัก,พริกแห้ง,พริกแห้ง,3,เม็ด,
694,68,ส่วนผสมหลัก,หัวหอมขนาดกลาง,หัวหอมขนาดกลาง,10,หัว,300.0
695,68,ส่วนผสมหลัก,กระเทียม,กระเทียม,10,กลีบ,20.0
696,68,ส่วนผสมหลัก,ตะไคร้หั่นแล้ว,ตะไคร้หั่นแล้ว,2,ช้อนโต๊ะ,30.0
697,68,ส่วนผสมหลัก,ข่าหั่นบาง ๆ,ข่าหั่นบาง ๆ,5,แว่น,25.0
698,68,ส่วนผสมหลัก,รากผักชีหั่นละเอียด,รากผักชีหั่นละเอียด,2,ช้อนชาพูน,
699,68,ส่วนผสมหลัก,พริกไทย,พริกไทย,5,เม็ด,0.25
700,68,ส่วนผสมหลัก,ถั่วลิสงคั่วป่นละเอียด,ถั่วลิสงคั่วป่นละเอียด,2,ช้อนโต๊ะพูน,
701,68,ส่วนผสมหลัก,ลูกแปะก๊วย,ลูกแปะก๊วย,30,ลูก,
702,68,ส่วนผสมหลัก,กะหล่ำปลี,กะหล่ำปลี,1/2,เสี้ยว,
703,68,ส่วนผสมหลัก,ต้นหอม,ต้นหอม,2,ต้ม,
704,68,ส่วนผสมหลัก,ผักชี,ผักชี,1,ต้น,
705,68,ส่วนผสมหลัก,ไข่เป็ด,ไข่เป็ด,2,ฟอง,140.0
706,68,ส่วนผสมหลัก,น้ำเคยดี,น้ำเคยดี,2,ช้อนโต๊ะ,30.0
707,68,ส่วนผสมหลัก,เกลือ,เกลือ,1/2,ช้อนชา,2.5
708,69,ส่วนผสมหลัก,พุดชาจีน,พุดชาจีน,500,กรัม,500.0
709,69,ส่วนผสมหลัก,น้ำตาลทราย,น้ำตาลทราย,500,กรัม,500.0
710,69,ส่วนผสมหลัก,น้ำ,น้ำ,3,ถ้วย,720.0
711,69,ส่วนผสมหลัก,ลูกเกาลัก,ลูกเกาลัก,1/4,กิโลกรัม,250.0
712,70,ส่วนผสมหลัก,ข้าวสาร,ข้าวสาร,1/4,ถ้วย,60.0
713,70,ส่วนผสมหลัก,น้ำมันหมู,น้ำมันหมู,1,ช้อนชา,5.0
714,70,ส่วนผสมหลัก,ไข่ไก่,ไข่ไก่,1,ฟอง,55.0
715,70,ส่วนผสมหลัก,กระเทียม,กระเทียม,1,กลีบ,2.0
716,70,ส่วนผสมหลัก,ผักชีหรือคึ่นฉ่า,ผักชีหรือคึ่นฉ่า,2,กรัม,2.0
717,70,ส่วนผสมหลัก,น้ำปลา,น้ำปลา,1,ช้อนชา,5.0
718,70,ส่วนผสมหลัก,พริกไทยป่น,พริกไทยป่น,1/4,ช้อนชา,1.25
719,70,ส่วนผสมหลัก,น้ำ,น้ำ,2,ถ้วย,480.0
720,71,ส่วนผสมหลัก,เนื้อปลาช่อนสดย่าง,เนื้อปลาช่อนสดย่าง,1,ถ้วย,240.0
721,71,ส่วนผสมหลัก,ข่า,ข่า,15,แว่น,75.0
722,71,ส่วนผสมหลัก,มะพร้าวขูด,มะพร้าวขูด,1/2,ถ้วย,120.0
723,71,ส่วนผสมหลัก,ข้าวคั่ว,ข้าวคั่ว,1/2,ถ้วย,120.0
724,71,ส่วนผสมหลัก,หนังหมูต้มสุกหั่นฝอย,หนังหมูต้มสุกหั่นฝอย,1,ถ้วย,240.0
725,71,ส่วนผสมหลัก,มันหมูต้มสุกหั่น,มันหมูต้มสุกหั่น,2,ช้อนโต๊ะ,30.0
726,71,ส่วนผสมหลัก,กระเทียมดองซอย,กระเทียมดองซอย,1,ช้อนโต๊ะ,15.0
727,71,ส่วนผสมหลัก,ผิวส้มซ่าหั่นฝอย,ผิวส้มซ่าหั่นฝอย,1,ช้อนโต๊ะ,15.0
728,71,ส่วนผสมหลัก,หัวหอมฝอย,หัวหอมฝอย,1,ช้อนโต๊ะ,15.0
729,71,ส่วนผสมหลัก,ถั่วลิสงคั่วซอย,ถั่วลิสงคั่วซอย,2,ช้อนโต๊ะ,30.0
730,71,ส่วนผสมหลัก,เกลือป่น,เกลือป่น,1,ช้อนชา,5.0
731,71,ส่วนผสมหลัก,น้ำมะนาว,น้ำมะนาว,2,ช้อนโต๊ะ,30.0
732,71,ส่วนผสมหลัก,น้ำตาลทรายละเอียด,น้ำตาลทรายละเอียด,2,ช้อนโต๊ะ,30.0
733,71,ส่วนผสมหลัก,พริกชี้ฟ้าเขียว แดง เหลือง,พริกชี้ฟ้าเขียว แดง เหลือง,1,เม็ด,
734,71,ส่วนผสมหลัก,ใบผักกาดแก้ว,ใบผักกาดแก้ว,3,ต้น,
735,72,ส่วนผสมหลัก,ฟักทองหั่นแล้ว,ฟักทองหั่นแล้ว,2,ถ้วยพูน,
736,72,ส่วนผสมหลัก,มะพร้าว,มะพร้าว,500,กรัม,500.0
737,72,ส่วนผสมหลัก,กุ้งแห้งใหม่,กุ้งแห้งใหม่,3,ช้อนโต๊ะ,45.0
738,72,ส่วนผสมหลัก,เนื้อโคหรือเนื้อไก่,เนื้อโคหรือเนื้อไก่,1,ถ้วย,240.0
739,72,ส่วนผสมหลัก,พริกแห้ง,พริกแห้ง,7,เม็ด,
740,72,ส่วนผสมหลัก,หัวหอม,หัวหอม,7,หัว,210.0
741,72,ส่วนผสมหลัก,กะปิ,กะปิ,1/2,ช้อนชา,2.5
742,72,ส่วนผสมหลัก,น้ำปลา,น้ำปลา,1/2,ช้อนชา,2.5
743,72,ส่วนผสมหลัก,รากผักชีหั่น,รากผักชีหั่น,1,ช้อนชา,5.0
744,72,ส่วนผสมหลัก,น้ำตาลปีบ,น้ำตาลปีบ,1,ช้อนชา,5.0
745,73,ส่วนผสมหลัก,ละมุด,ละมุด,5,ผล,
746,73,ส่วนผสมหลัก,วุ้นเคี่ยวแล้วซอย,วุ้นเคี่ยวแล้วซอย,2,ช้อนโต๊ะ,30.0
747,73,ส่วนผสมหลัก,น้ำตาลทรายขาว,น้ำตาลทรายขาว,1,ช้อนโต๊ะ,15.0
748,73,ส่วนผสมหลัก,น้ำวานิลลา,น้ำวานิลลา,1,ช้อนชา,5.0
749,74,ส่วนผสมหลัก,เส้นบะหมี่แห้ง (ชนิดก้อนสีเหลือง),เส้นบะหมี่แห้ง,5,ก้อน,
750,74,ส่วนผสมหลัก,เนื้อหมูสับ,เนื้อหมูสับ,1,ถ้วยชา,120.0
751,74,ส่วนผสมหลัก,ตังฉ่ายสับละเอียด,ตังฉ่ายสับละเอียด,1,ช้อนโต๊ะ,15.0
752,74,ส่วนผสมหลัก,รากผักชี,รากผักชี,1,ช้อนโต๊ะ,15.0
753,74,ส่วนผสมหลัก,พริกไทย,พริกไทย,1,ช้อนโต๊ะ,15.0
754,74,ส่วนผสมหลัก,กระเทียม,กระเทียม,1,ช้อนโต๊ะ,15.0
755,74,ส่วนผสมหลัก,กระเทียมเจียว,กระเทียมเจียว,2,ช้อนโต๊ะ,30.0
756,74,ส่วนผสมหลัก,ต้นหอม,ต้นหอม,1,ช้อนโต๊ะ,15.0
757,74,ส่วนผสมหลัก,ผักชี,ผักชี,1,ช่อ,
758,74,ส่วนผสมหลัก,น้ำปลาดี,น้ำปลาดี,1,ช้อนชา,5.0
759,75,ส่วนผสมหลัก,แป้งก๋วยเตี๋ยวที่ยังไม่ได้หั่น,แป้งก๋วยเตี๋ยวที่ยังไม่ได้หั่น,1,แผ่นใหญ่,
760,75,ส่วนผสมหลัก,เนื้อหมู,เนื้อหมู,300,กรัม,300.0
761,75,ส่วนผสมหลัก,ไข่เป็ดจืด,ไข่เป็ดจืด,2,ฟอง,140.0
762,75,ส่วนผสมหลัก,เกลือป่น,เกลือป่น,1/2,ช้อนชา,2.5
763,75,ส่วนผสมหลัก,พริกไทยป่น,พริกไทยป่น,1/4,ช้อนชา,1.25
764,75,ส่วนผสมหลัก,ต้นหอมหั่นละเอียด,ต้นหอมหั่นละเอียด,1,ช้อนโต๊ะพูน,
765,75,ส่วนผสมหลัก,ผักชีหั่นละเอียด,ผักชีหั่นละเอียด,1,ช้อนโต๊ะพูน,
766,75,ส่วนผสมหลัก,ซีอิ๊วเค็ม,ซีอิ๊วเค็ม,2,ช้อนโต๊ะ,30.0
767,75,ส่วนผสมหลัก,พริกสด,พริกสด,2,เม็ด,
768,75,ส่วนผสมหลัก,กระเทียมเจียว,กระเทียมเจียว,1,ช้อนโต๊ะ,15.0
769,75,ส่วนผสมหลัก,น้ำมันหมู,น้ำมันหมู,1,ช้อนชา,5.0
770,76,ส่วนผสมหลัก,เนื้อหมู,เนื้อหมู,250,กรัม,250.0
771,76,ส่วนผสมหลัก,หน่อไม้ไผ่ตง,หน่อไม้ไผ่ตง,1,ถ้วยชา,120.0
772,76,ส่วนผสมหลัก,น้ำมันหมู,น้ำมันหมู,1,ช้อนชา,5.0
773,76,ส่วนผสมหลัก,กระเทียม,กระเทียม,3,กลีบ,6.0
774,76,ส่วนผสมหลัก,รากผักชี,รากผักชี,5,ราก,10.0
775,76,ส่วนผสมหลัก,พริกไทย,พริกไทย,5,เม็ด,0.25
776,76,ส่วนผสมหลัก,น้ำปลา,น้ำปลา,1,ช้อนชา,5.0
777,77,ส่วนผสมหลัก,เนื้อหมูหั่นบาง,เนื้อหมูหั่นบาง,2,ช้อนโต๊ะ,30.0
778,77,ส่วนผสมหลัก,กุ้งนาง,กุ้งนาง,2,ตัว,250.0
779,77,ส่วนผสมหลัก,ไข่เป็ด,ไข่เป็ด,2,ฟอง,140.0
780,77,ส่วนผสมหลัก,ไส้หมู (ยาว 60 เซนติเมตร),ไส้หมู,1,ชิ้น,
781,77,ส่วนผสมหลัก,พริกหยวกแดงเขียว,พริกหยวกแดงเขียว,6,เม็ด,
782,77,ส่วนผสมหลัก,กระเทียมดอง,กระเทียมดอง,5,หัว,125.0
783,77,ส่วนผสมหลัก,กระเทียม,กระเทียม,3,กลีบ,6.0
784,77,ส่วนผสมหลัก,น้ำมันหมู,น้ำมันหมู,2,ช้อนโต๊ะ,26.0
785,77,ส่วนผสมหลัก,น้ำเคยดี,น้ำเคยดี,2,ช้อนชา,10.0
786,77,ส่วนผสมหลัก,น้ำตาล,น้ำตาล,1/4,ช้อนชา,1.25
787,78,ส่วนผสมหลัก,พริกชี้ฟ้า,พริกชี้ฟ้า,10,เม็ด,
788,78,ส่วนผสมหลัก,เนื้อหมู,เนื้อหมู,150,กรัม,150.0
789,78,ส่วนผสมหลัก,มันหมู,มันหมู,50,กรัม,50.0
790,78,ส่วนผสมหลัก,หนังหมู,หนังหมู,50,กรัม,50.0
791,78,ส่วนผสมหลัก,กุ้งต้ม,กุ้งต้ม,100,กรัม,100.0
792,78,ส่วนผสมหลัก,มะพร้าวขูดคั่ว,มะพร้าวขูดคั่ว,2,ช้อนโต๊ะ,30.0
793,78,ส่วนผสมหลัก,หัวกะทิข้น,หัวกะทิข้น,1/4,ถ้วย,60.0
794,78,ส่วนผสมหลัก,หอมเจียว,หอมเจียว,2,ช้อนโต๊ะ,30.0
795,78,ส่วนผสมหลัก,กระเทียมเจียว,กระเทียมเจียว,2,ช้อนโต๊ะ,30.0
796,78,ส่วนผสมหลัก,กุ้งแห้งป่น,กุ้งแห้งป่น,1,ช้อนโต๊ะ,15.0
797,78,ส่วนผสมหลัก,หอมเผา,หอมเผา,3,หัว,90.0
798,78,ส่วนผสมหลัก,น้ำตาล,น้ำตาล,1,ช้อนชา,5.0
799,78,ส่วนผสมหลัก,น้ำปลา,น้ำปลา,2,ช้อนชา,10.0
800,78,ส่วนผสมหลัก,น้ำมะนาว,น้ำมะนาว,2,ช้อนชา,10.0
801,78,ส่วนผสมหลัก,น้ำมัน,น้ำมัน,2,ช้อนโต๊ะ,28.0
802,79,ส่วนผสมหลัก,พริกแห้งป่นละเอียด,พริกแห้งป่นละเอียด,1,ถ้วย,240.0
803,79,ส่วนผสมหลัก,กระเทียมแห้งป่นละเอียด,กระเทียมแห้งป่นละเอียด,4,ถ้วย,960.0
804,79,ส่วนผสมหลัก,น้ำเชื่อม,น้ำเชื่อม,5,ถ้วย,1200.0
805,79,ส่วนผสมหลัก,น้ำปลาดี,น้ำปลาดี,5,ถ้วย,1200.0
806,80,ส่วนผสมหลัก,หมูเนื้อปนมัน (ขนาด 6×9 ซม. หนา 1 ซม.),หมูเนื้อปนมัน,3,ชิ้น,
807,80,ส่วนผสมหลัก,รากผักชี,รากผักชี,7,ราก,14.0
808,80,ส่วนผสมหลัก,พริกไทย,พริกไทย,3,เม็ด,0.15000000000000002
809,80,ส่วนผสมหลัก,กระเทียมกลีบใหญ่,กระเทียมกลีบใหญ่,3,กลีบ,15.0
810,80,ส่วนผสมหลัก,เกลือป่น,เกลือป่น,1,ช้อนชาพูน,
811,80,ส่วนผสมหลัก,น้ำมันหมู,น้ำมันหมู,2,ช้อนโต๊ะ,26.0
812,81,ส่วนผสมหลัก,ปลาดุกทอดฟู (แกะเอาแต่เนื้อ),ปลาดุกทอดฟู,1,ถ้วยชา,120.0
813,81,ส่วนผสมหลัก,เต้าหู่ยี้อย่างดี,เต้าหู่ยี้อย่างดี,2,ซ้อนโต๊ะ,30.0
814,81,ส่วนผสมหลัก,หัวหอมซอยหยาบ ๆ,หัวหอมซอยหยาบ ๆ,2,ซ้อนโต๊ะ,30.0
815,81,ส่วนผสมหลัก,น้ำมะนาว,น้ำมะนาว,1,ช้อนโต๊ะ,15.0
816,81,ส่วนผสมหลัก,พริกขี้หนู,พริกขี้หนู,5,เม็ด,
817,81,ส่วนผสมหลัก,พริกเหลือง,พริกเหลือง,2,เม็ด,
818,82,ส่วนผสมหลัก,แป้งสาลี,แป้งสาลี,1.25,ถ้วย,150.0
819,82,ส่วนผสมหลัก,น้ำตาลทราย,น้ำตาลทราย,1/2,ถ้วย,120.0
820,82,ส่วนผสมหลัก,เกลือ,เกลือ,1,ช้อนชา,5.0
821,82,ส่วนผสมหลัก,ผงฟู,ผงฟู,2,ช้อนชา,10.0
822,82,ส่วนผสมหลัก,ไข่ไก่,ไข่ไก่,1,ฟอง,55.0
823,82,ส่วนผสมหลัก,นมสด,นมสด,1/2,ถ้วยชา,60.0
824,82,ส่วนผสมหลัก,เนยละลาย,เนยละลาย,2,ช้อนชา,10.0
825,82,ส่วนผสมหลัก,กล้วย,กล้วย,4,ผล,
826,82,ส่วนผสมหลัก,น้ำมันสำหรับทอด,น้ำมันสำหรับทอด,,
827,83,ส่วนผสมหลัก,ปลาช่อน (ขนาดหัวกว้างประมาณ 5 ซม.),ปลาช่อน,1,ตัว,
828,83,ส่วนผสมหลัก,ขิงหั่นฝอย,ขิงหั่นฝอย,1,ช้อนชา,5.0
829,83,ส่วนผสมหลัก,ขิงหั่นแว่น,ขิงหั่นแว่น,3,แว่น,15.0
830,83,ส่วนผสมหลัก,ต้นหอม,ต้นหอม,5,ต้น,
831,83,ส่วนผสมหลัก,รากผักชี,รากผักชี,5,ราก,10.0
832,83,ส่วนผสมหลัก,หัวหอม,หัวหอม,3,กลีบ,6.0
833,83,ส่วนผสมหลัก,พริกไทย,พริกไทย,5,เม็ด,0.25
834,83,ส่วนผสมหลัก,กะปิ,กะปิ,1/2,ช้อนชา,2.5
835,83,ส่วนผสมหลัก,น้ำปลา,น้ำปลา,2,ช้อนโต๊ะ,36.0
836,83,ส่วนผสมหลัก,ส้มมะขามเปียก,ส้มมะขามเปียก,4,ฝัก,
837,83,ส่วนผสมหลัก,น้ำตาลมะพร้าวหรือน้ำตาลตะโหนด,น้ำตาลมะพร้าวหรือน้ำตาลตะโหนด,1,ช้อนชา,5.0
838,83,ส่วนผสมหลัก,ผักชีสำหรับโรย,ผักชีสำหรับโรย,1,ต้น,
839,83,ส่วนผสมหลัก,พริกแดงหั่นบาง,พริกแดงหั่นบาง,1,เม็ด,
840,83,ส่วนผสมหลัก,หอมเจียวเล็กน้อย,หอมเจียวเล็กน้อย,1,ช้อนชา,5.0
841,84,ส่วนผสมหลัก,ปลา (ขนาดหัวกว้างประมาณ 5 ซม.),ปลา,1,ตัว,
842,84,ส่วนผสมหลัก,น้ำ,น้ำ,2,ถ้วยชา,240.0
843,84,ส่วนผสมหลัก,ตะไคร้,ตะไคร้,1,ต้น,
844,84,ส่วนผสมหลัก,ใบมะกรูด,ใบมะกรูด,3,ใบ,
845,84,ส่วนผสมหลัก,ข้าวสาร,ข้าวสาร,1,ช้อนชา,5.0
846,84,ส่วนผสมหลัก,หัวหอม,หัวหอม,3,กลีบ,6.0
847,84,ส่วนผสมหลัก,กระเทียม,กระเทียม,3,กลีบ,6.0
848,84,ส่วนผสมหลัก,น้ำพริกเผา,น้ำพริกเผา,1,ช้อนชา,5.0
849,84,ส่วนผสมหลัก,กระเทียมเจียว,กระเทียมเจียว,1,ช้อนชา,5.0
850,84,ส่วนผสมหลัก,น้ำปลา,น้ำปลา,2,ช้อนโต๊ะ,36.0
851,84,ส่วนผสมหลัก,น้ำมะนาว,น้ำมะนาว,2,ช้อนโต๊ะ,30.0
852,84,ส่วนผสมหลัก,น้ำตาล,น้ำตาล,1/2,ช้อนชา,2.5
853,84,ส่วนผสมหลัก,ผักชี,ผักชี,1,ช้อนโต๊ะ,15.0
854,84,ส่วนผสมหลัก,ต้นหอม,ต้นหอม,1,ช้อนโต๊ะ,15.0
855,84,ส่วนผสมหลัก,พริกขี้หนู,พริกขี้หนู,4,เม็ด,
856,84,ส่วนผสมหลัก,มะม่วงดิบซอย,มะม่วงดิบซอย,1/2,ผล,
857,85,ส่วนผสมหลัก,เห็ดฟาง,เห็ดฟาง,2,ถ้วย,480.0
858,85,ส่วนผสมหลัก,มันแกว,มันแกว,1,ถ้วย,240.0
859,85,ส่วนผสมหลัก,แห้วจีน,แห้วจีน,1,ถ้วย,240.0
860,85,ส่วนผสมหลัก,มะอึก,มะอึก,6,ผล,
861,85,ส่วนผสมหลัก,มะเขือเทศผลใหญ่,มะเขือเทศผลใหญ่,2,ผล,
862,85,ส่วนผสมหลัก,มะพร้าวขูด,มะพร้าวขูด,2,ถ้วย,480.0
863,85,ส่วนผสมหลัก,ใบมะกรูด,ใบมะกรูด,4,ใบ,
864,85,ส่วนผสมหลัก,ใบโหระพา,ใบโหระพา,8,ใบ,
865,85,ส่วนผสมหลัก,พริกสด,พริกสด,8,เม็ด,
866,85,ส่วนผสมหลัก,ผงชูรส,ผงชูรส,1/2,ช้อนชา,2.5
867,85,เครื่องปรุงน้ำแกง,พริกแห้ง,พริกแห้ง,5,เม็ด,
868,85,เครื่องปรุงน้ำแกง,ข่าหั่นบาง ๆ,ข่าหั่นบาง ๆ,7,แว่น,35.0
869,85,เครื่องปรุงน้ำแกง,ตะไคร้หั่นแล้ว,ตะไคร้หั่นแล้ว,2,ช้อนโต๊ะ,30.0
870,85,เครื่องปรุงน้ำแกง,หัวหอมปอกแล้วหั่น,หัวหอมปอกแล้วหั่น,1/4,ถ้วย,60.0
871,85,เครื่องปรุงน้ำแกง,ผิวมะกรูด,ผิวมะกรูด,1,ช้อนชา,5.0
872,85,เครื่องปรุงน้ำแกง,รากผักชี,รากผักชี,1,ช้อนโต๊ะ,15.0
873,85,เครื่องปรุงน้ำแกง,พริกไทย,พริกไทย,11,เม็ด,0.55
874,85,เครื่องปรุงน้ำแกง,เกลือเม็ด,เกลือเม็ด,1,ช้อนหวาน,
875,85,เครื่องปรุงน้ำแกง,กระเทียมทั้งเปลือก,กระเทียมทั้งเปลือก,1/4,ถ้วย,60.0
876,86,ส่วนผสมหลัก,น้ำ,น้ำ,2,ถ้วยชา,240.0
877,86,ส่วนผสมหลัก,กุ้งนาง 4 ตัว หรือ กุ้งก้ามกราม,กุ้งนาง 4 ตัว หรือ กุ้งก้ามกราม,2,ตัว,250.0
878,86,ส่วนผสมหลัก,มะนาว,มะนาว,2,ช้อนโต๊ะ,30.0
879,86,ส่วนผสมหลัก,น้ำปลา,น้ำปลา,2,ช้อนโต๊ะ,36.0
880,86,ส่วนผสมหลัก,ผักชี,ผักชี,1,ช่อ,
881,86,ส่วนผสมหลัก,พริกขี้หนู หรือ พริกชี้ฟ้าเหลือง,พริกขี้หนู หรือ พริกชี้ฟ้าเหลือง,4,เม็ด,
882,87,ส่วนผสมหลัก,แป้งสาลี,แป้งสาลี,500,กรัม,500.0
883,87,ส่วนผสมหลัก,จีฉ่าย,จีฉ่าย,1,แผ่น,
884,87,ส่วนผสมหลัก,ตังฉ่าย,ตังฉ่าย,1,ช้อนโต๊ะ,15.0
885,87,ส่วนผสมหลัก,ต้นหอม,ต้นหอม,2,ต้น,
886,87,ส่วนผสมหลัก,ผักชี,ผักชี,1,ช่อ,
887,87,ส่วนผสมหลัก,น้ำซีอิ๊ว,น้ำซีอิ๊ว,2,ช้อนโต๊ะ,30.0
888,87,ส่วนผสมหลัก,ผงชูรส,ผงชูรส,1/2,ช้อนชา,2.5
889,87,ส่วนผสมหลัก,พริกไทย,พริกไทย,1/2,ช้อนชา,2.5
890,87,ส่วนผสมหลัก,เกลือ,เกลือ,1/2,ช้อนชา,2.5
891,87,ส่วนผสมหลัก,น้ำสะอาด,น้ำสะอาด,7,ถ้วย,1680.0
892,88,ส่วนผสมหลัก,เป็ดอ่อน,เป็ดอ่อน,1,ตัว,
893,88,ส่วนผสมหลัก,เนื้อโคหรือเนื้อหมู,เนื้อโคหรือเนื้อหมู,300,กรัม,300.0
894,88,ส่วนผสมหลัก,ไข่เป็ด,ไข่เป็ด,4,ฟอง,280.0
895,88,ส่วนผสมหลัก,แอปเปิล (หั่นลูกบาศก์ขนาด 3 ซม.),แอปเปิล,1,ลูก,
896,88,ส่วนผสมหลัก,ผงลูกจันทร์เทศ,ผงลูกจันทร์เทศ,1/2,ช้อนชา,2.5
897,88,ส่วนผสมหลัก,เกลือป่น,เกลือป่น,1,ช้อนโต๊ะ,15.0
898,88,ส่วนผสมหลัก,พริกไทยป่น,พริกไทยป่น,1/2,ช้อนชา,2.5
899,88,ส่วนผสมหลัก,ดินประสิว,ดินประสิว,1/2,ช้อนชา,2.5
900,88,ส่วนผสมหลัก,น้ำตาลทราย,น้ำตาลทราย,1,ช้อนชา,5.0
901,89,ส่วนผสมหลัก,มันฝรั่ง,มันฝรั่ง,6,หัวใหญ่,
902,89,ส่วนผสมหลัก,หอมหัวใหญ่ (หั่นสี่เหลี่ยมเล็ก),หอมหัวใหญ่,1/2,ถ้วยชา,60.0
903,89,ส่วนผสมหลัก,เนื้อไก่ต้มสุก (หั่นสี่เหลี่ยมเล็ก),เนื้อไก่ต้มสุก,1,ถ้วยชา,120.0
904,89,ส่วนผสมหลัก,เม็ดถั่วลันเตา,เม็ดถั่วลันเตา,1/2,ถ้วยชา,60.0
905,89,ส่วนผสมหลัก,พริกไทยป่น,พริกไทยป่น,1/4,ช้อนชา,1.25
906,89,ส่วนผสมหลัก,เกลือ,เกลือ,1/2,ช้อนชา,2.5
907,89,ส่วนผสมหลัก,น้ำตาลทราย,น้ำตาลทราย,1/4,ช้อนชา,1.25
908,89,ส่วนผสมหลัก,ผงชูรส,ผงชูรส,1/4,ช้อนชา,1.25
909,89,ส่วนผสมหลัก,ขนมปังแห้ง,ขนมปังแห้ง,3,แผ่น,
910,89,ส่วนผสมหลัก,ไข่ไก่,ไข่ไก่,1,ฟอง,55.0
911,89,ส่วนผสมหลัก,น้ำมันหมูหรือน้ำมันพืชสำหรับทอด,น้ำมันหมูหรือน้ำมันพืชสำหรับทอด,,
912,90,ตัวขนมไข่,ไข่ไก่,ไข่ไก่,4,ฟอง,220.0
913,90,ตัวขนมไข่,แป้งสาลีอเนกประสงค์,แป้งสาลีอเนกประสงค์,120,กรัม,120.0
914,90,ตัวขนมไข่,น้ำตาลทราย,น้ำตาลทราย,100,กรัม,100.0
915,90,ตัวขนมไข่,ผงฟู,ผงฟู,1/2,ช้อนชา,2.5
916,90,ตัวขนมไข่,กลิ่นวานิลลา,กลิ่นวานิลลา,1,ช้อนชา,5.0
917,90,ตัวขนมไข่,เนยละลาย,เนยละลาย,2,ช้อนโต๊ะ,30.0
918,90,ตัวขนมไข่,นมสด,นมสด,2,ช้อนโต๊ะ,30.0
919,90,สำหรับรังโดยใช้มะพร้าว (ฐานรองขนม),มะพร้าวขูดเส้น,มะพร้าวขูดเส้น,1,ถ้วย,240.0
920,90,สำหรับรังโดยใช้มะพร้าว (ฐานรองขนม),น้ำตาลทราย,น้ำตาลทราย,2,ช้อนโต๊ะ,30.0
921,90,สำหรับรังโดยใช้มะพร้าว (ฐานรองขนม),แป้งมัน,แป้งมัน,1,ช้อนชา,5.0
922,90,สำหรับรังโดยใช้แป้งทำเป็นรังกรอบ (ฐานรองขนม),แป้งข้าวเจ้า,แป้งข้าวเจ้า,1/2,ถ้วย,55.0
923,90,สำหรับรังโดยใช้แป้งทำเป็นรังกรอบ (ฐานรองขนม),แป้งมัน,แป้งมัน,2,ช้อนโต๊ะ,20.0
924,90,สำหรับรังโดยใช้แป้งทำเป็นรังกรอบ (ฐานรองขนม),น้ำปูนใส,น้ำปูนใส,2,ช้อนโต๊ะ,30.0
925,90,สำหรับรังโดยใช้แป้งทำเป็นรังกรอบ (ฐานรองขนม),กะทิ,กะทิ,1/4,ถ้วย,60.0
926,91,ส่วนผสมหลัก,ปลาทูนึ่งร้อน,ปลาทูนึ่งร้อน,3,ตัว,
927,91,ส่วนผสมหลัก,ยอดผักบุ้งใหม่,ยอดผักบุ้งใหม่,150,กรัม,150.0
928,91,ส่วนผสมหลัก,พริกชี้ฟ้าดองน้ำส้ม,พริกชี้ฟ้าดองน้ำส้ม,3,เม็ด,
929,91,ส่วนผสมหลัก,น้ำซีอิ๊วขาว,น้ำซีอิ๊วขาว,2,ช้อนโต๊ะ,30.0
930,91,ส่วนผสมหลัก,น้ำมันพืช,น้ำมันพืช,2,ช้อนโต๊ะ,28.0
931,91,ส่วนผสมหลัก,กระเทียมไทย,กระเทียมไทย,5,กลีบ,10.0
932,92,ส่วนผสมหลัก,ไข่เค็มดิบ,ไข่เค็มดิบ,10,ฟอง,700.0
933,92,ส่วนผสมหลัก,หมูสับ,หมูสับ,500,กรัม,500.0
934,92,ส่วนผสมหลัก,ไข่ไก่,ไข่ไก่,2,ฟอง,110.0
935,92,ส่วนผสมหลัก,กระเทียมกลีบใหญ่,กระเทียมกลีบใหญ่,10,กลีบ,50.0
936,92,ส่วนผสมหลัก,รากผักชี,รากผักชี,3,ราก,6.0
937,92,ส่วนผสมหลัก,พริกไทยเม็ด,พริกไทยเม็ด,10,เม็ด,0.5
938,92,ส่วนผสมหลัก,พริกแดง,พริกแดง,2,เม็ด,
939,92,ส่วนผสมหลัก,ใบผักชี,ใบผักชี,3,ต้น,
940,93,ส่วนผสมหลัก,ขี้เหล็กต้มคั้นน้ำแล้ว,ขี้เหล็กต้มคั้นน้ำแล้ว,1,ถ้วยชา,120.0
941,93,ส่วนผสมหลัก,ปลาช่อนย่าง,ปลาช่อนย่าง,1,ถ้วยชา,120.0
942,93,ส่วนผสมหลัก,ปลากุเลาเค็มปิ้ง,ปลากุเลาเค็มปิ้ง,1,ช้อนโต๊ะ,15.0
943,93,ส่วนผสมหลัก,พริกไทยเม็ด,พริกไทยเม็ด,1,ช้อนชา,5.0
944,93,ส่วนผสมหลัก,หัวหอมแดง,หัวหอมแดง,10,หัว,300.0
945,93,ส่วนผสมหลัก,กะปิ,กะปิ,1,ช้อนชา,5.0
946,93,ส่วนผสมหลัก,กระชายหั่น,กระชายหั่น,1,ช้อนโต๊ะ,15.0
947,93,ส่วนผสมหลัก,น้ำปลาดี,น้ำปลาดี,1,ช้อนโต๊ะ,18.0
948,93,ส่วนผสมหลัก,น้ำหรือน้ำซุป,น้ำหรือน้ำซุป,4,ถ้วย,960.0
949,93,ส่วนผสมหลัก,พริกเหลือง,พริกเหลือง,1,เม็ด,
950,94,ส่วนผสมหลัก,เนื้อหมูไม่ปนมันหั่นบาง,เนื้อหมูไม่ปนมันหั่นบาง,1,ช้อนโต๊ะพูน,
951,94,ส่วนผสมหลัก,คะน้าต้นใหญ่,คะน้าต้นใหญ่,2,ต้น,
952,94,ส่วนผสมหลัก,น้ำปลา,น้ำปลา,1,ช้อนโต๊ะ,18.0
953,94,ส่วนผสมหลัก,กระเทียม,กระเทียม,3,กลีบ,6.0
954,94,ส่วนผสมหลัก,น้ำมันหมู,น้ำมันหมู,1,ช้อนโต๊ะ,13.0
955,94,ส่วนผสมหลัก,แป้งมัน,แป้งมัน,1/2,ช้อนชา,2.5
956,94,ส่วนผสมหลัก,พริกไทยป่น,พริกไทยป่น,1/4,ช้อนชา,1.25
957,95,ส่วนผสมหลัก,ปลาช่อนตัวใหญ่,ปลาช่อนตัวใหญ่,1,ตัว,
958,95,ส่วนผสมหลัก,เกี้ยมฉ่ายขนาดกลาง,เกี้ยมฉ่ายขนาดกลาง,1,ต้น,
959,95,ส่วนผสมหลัก,ก๋งฉ่าย,ก๋งฉ่าย,1/2,ถ้วยตวง,120.0
960,95,ส่วนผสมหลัก,เครื่องพะโล้ (ผงพะโล้),เครื่องพะโล้,1/2,ช้อนชา,2.5
961,95,ส่วนผสมหลัก,พริกชี้ฟ้าแดง,พริกชี้ฟ้าแดง,10,เม็ด,
962,95,ส่วนผสมหลัก,กระเทียม (สับหยาบ),กระเทียม,20,กลีบ,40.0
963,95,ส่วนผสมหลัก,น้ำมันสำหรับทอด,น้ำมันสำหรับทอด,1,ถ้วยตวง,240.0
964,95,ส่วนผสมหลัก,เกลือ,เกลือ,1/2,ช้อนชา,2.5
965,96,ส่วนผสมหลัก,ก๋วยเตี๋ยวเส้นใหญ่ (หั่นเป็นชิ้นรูปขนมเปียกปูน),ก๋วยเตี๋ยวเส้นใหญ่,4,ถ้วยตวง,960.0
966,96,ส่วนผสมหลัก,เนื้อไก่ หรือ เนื้อโค,เนื้อไก่ หรือ เนื้อโค,1/2,ถ้วยตวง,120.0
967,96,ส่วนผสมหลัก,ต้นคึ่นช่าย (หั่นละเอียด),ต้นคึ่นช่าย,2,ช้อนโต๊ะ,30.0
968,96,ส่วนผสมหลัก,น้ำมันหมู (หรือน้ำมันพืช),น้ำมันหมู,3,ช้อนโต๊ะ,39.0
969,96,ส่วนผสมหลัก,ซีอิ๊วขาว,ซีอิ๊วขาว,2,ช้อนโต๊ะ,30.0
970,96,ส่วนผสมหลัก,พริกไทยป่น,พริกไทยป่น,1/4,ช้อนชา,1.25
971,96,ส่วนผสมหลัก,น้ำมะเขือเทศ (หรือซอสมะเขือเทศ),น้ำมะเขือเทศ,1/4,ถ้วยตวง,60.0
972,97,ส่วนผสมหลัก,ไข่เค็มดิบ,ไข่เค็มดิบ,5,ฟอง,350.0
973,97,ส่วนผสมหลัก,ไข่เป็ด,ไข่เป็ด,3,ฟอง,210.0
974,97,ส่วนผสมหลัก,หัวกะทิ,หัวกะทิ,1/2,ถ้วยชา,60.0
975,97,ส่วนผสมหลัก,แป้งข้าวจ้าวแห้ง,แป้งข้าวจ้าวแห้ง,1/2,ถ้วยชา,27.5
976,97,ส่วนผสมหลัก,น้ำมันหมู,น้ำมันหมู,5,ถ้วยชา,600.0
977,98,ส่วนผสมหลัก,ไข่เค็ม,ไข่เค็ม,1,ฟอง,70.0
978,98,ส่วนผสมหลัก,แป้งข้าวจ้าว,แป้งข้าวจ้าว,2,ช้อนโต๊ะ,16.0
979,98,ส่วนผสมหลัก,ต้นคะน้า,ต้นคะน้า,3,ต้น,
980,98,ส่วนผสมหลัก,กระเทียม,กระเทียม,3,กลีบ,6.0
981,98,ส่วนผสมหลัก,น้ำมันหมู,น้ำมันหมู,1,ช้อนโต๊ะ,13.0
982,98,ส่วนผสมหลัก,น้ำ,น้ำ,2,ถ้วย,480.0
983,99,ส่วนผสมหลัก,สาเก,สาเก,1,ผล,
984,99,ส่วนผสมหลัก,น้ำตาลทราย,น้ำตาลทราย,1/2,กิโลกรัม,500.0
985,99,ส่วนผสมหลัก,น้ำ,น้ำ,3,ถ้วย,720.0
986,99,ส่วนผสมหลัก,ดินสอพอง,ดินสอพอง,1,ก้อน,
987,100,ส่วนผสมหลัก,กุ้งชีแฮ้,กุ้งชีแฮ้,200,กรัม,200.0
988,100,ส่วนผสมหลัก,เนื้อหมู,เนื้อหมู,100,กรัม,100.0
989,100,ส่วนผสมหลัก,เนื้อปู,เนื้อปู,50,กรัม,50.0
990,100,ส่วนผสมหลัก,แป้งสาลี,แป้งสาลี,2,ช้อนโต๊ะ,16.0
991,100,ส่วนผสมหลัก,ขนมปังป่นหยาบ,ขนมปังป่นหยาบ,1/2,ถ้วย,120.0
992,100,ส่วนผสมหลัก,น้ำปลา,น้ำปลา,1,ช้อนชา,5.0
993,100,ส่วนผสมหลัก,ผงชูรส,ผงชูรส,1/4,ช้อนชา,1.25
994,100,ส่วนผสมหลัก,น้ำมันสำหรับทอด,น้ำมันสำหรับทอด,1,ถ้วย,210.0
995,101,ส่วนผสมหลัก,มักกะโรนี,มักกะโรนี,250,กรัม,250.0
996,101,ส่วนผสมหลัก,ตับหมูสับ,ตับหมูสับ,1,ถ้วย,240.0
997,101,ส่วนผสมหลัก,เนื้อหมูสับ,เนื้อหมูสับ,1,ถ้วย,240.0
998,101,ส่วนผสมหลัก,หอมหัวใหญ่,หอมหัวใหญ่,75,กรัม,75.0
999,101,ส่วนผสมหลัก,ลูกจันทน์ป่น,ลูกจันทน์ป่น,1/4,ช้อนชา,1.25
1000,101,ส่วนผสมหลัก,ผงชูรส,ผงชูรส,1/2,ช้อนชา,2.5
1001,101,ส่วนผสมหลัก,เกลือป่น,เกลือป่น,1/2,ช้อนชา,2.5
1002,101,ส่วนผสมหลัก,พริกไทยป่น,พริกไทยป่น,1/4,ช้อนชา,1.25
1003,101,ส่วนผสมหลัก,น้ำมันพืช,น้ำมันพืช,1,ช้อนโต๊ะ,14.0
1004,101,ส่วนผสมหลัก,ซอสมะเขือเทศ,ซอสมะเขือเทศ,2,ช้อนโต๊ะ,30.0
1005,102,ส่วนผสมหลัก,กะปิดี,กะปิดี,1,ช้อนชา,5.0
1006,102,ส่วนผสมหลัก,กุ้งแห้งจืด,กุ้งแห้งจืด,2,ช้อนโต๊ะ,30.0
1007,102,ส่วนผสมหลัก,กระเทียมหั่น,กระเทียมหั่น,1,ช้อนชา,5.0
1008,102,ส่วนผสมหลัก,หอมซอย,หอมซอย,1,ช้อนโต๊ะ,15.0
1009,102,ส่วนผสมหลัก,ระกำฝานแต่เนื้อ,ระกำฝานแต่เนื้อ,1,ช้อนโต๊ะ,15.0
1010,102,ส่วนผสมหลัก,น้ำปลา,น้ำปลา,1,ช้อนโต๊ะ,18.0
1011,102,ส่วนผสมหลัก,น้ำมะนาว,น้ำมะนาว,1,ช้อนโต๊ะ,15.0
1012,102,ส่วนผสมหลัก,น้ำตาล,น้ำตาล,1/2,ช้อนชา,2.5
1013,102,ส่วนผสมหลัก,พริกเหลือง,พริกเหลือง,1,เม็ด,
1014,102,ส่วนผสมหลัก,พริกขี้หนู,พริกขี้หนู,8,เม็ด,
1015,102,ส่วนผสมหลัก,ใบผักชีฝรั่งหั่นฝอย,ใบผักชีฝรั่งหั่นฝอย,1,ช้อนโต๊ะ,15.0
1016,103,ส่วนผสมหลัก,ปลาทูนึ่งขนาดกลาง,ปลาทูนึ่งขนาดกลาง,3,ตัว,
1017,103,ส่วนผสมหลัก,ผักบุ้ง,ผักบุ้ง,3,กำมือ,
1018,103,ส่วนผสมหลัก,มะพร้าวขูด,มะพร้าวขูด,2,ถ้วย,480.0
1019,103,ส่วนผสมหลัก,หัวหอมสำหรับเจียว,หัวหอมสำหรับเจียว,5,หัว,150.0
1020,103,เครื่องน้ำพริก,พริกแห้ง,พริกแห้ง,3,เม็ด,
1021,103,เครื่องน้ำพริก,ข่า,ข่า,10,แว่น,50.0
1022,103,เครื่องน้ำพริก,ตะไคร้,ตะไคร้,1,ต้น,
1023,103,เครื่องน้ำพริก,หัวหอม,หัวหอม,5,หัว,150.0
1024,103,เครื่องน้ำพริก,กะเทียม,กะเทียม,3,หัว,90.0
1025,103,เครื่องน้ำพริก,กะชายมีหัวติด,กะชายมีหัวติด,10,ราก,
1026,103,เครื่องน้ำพริก,เนื้อปลาเค็ม,เนื้อปลาเค็ม,2,ช้อนโต๊ะ,30.0
1027,103,เครื่องน้ำพริก,กะปิ,กะปิ,1,ช้อนชา,5.0
1028,104,ส่วนผสมหลัก,เนื้อสัตว์,เนื้อสัตว์,300,กรัม,300.0
1029,104,ส่วนผสมหลัก,ซอสสต็อกเนื้อ (ถ้ามี),ซอสสต็อกเนื้อ,10,กรัม,10.0
1030,104,ส่วนผสมหลัก,น้ำปลาทะเล,น้ำปลาทะเล,6,กรัม,6.0
1031,104,ส่วนผสมหลัก,ซอสฝาเขียว,ซอสฝาเขียว,8,กรัม,8.0
1032,104,ส่วนผสมหลัก,น้ำมันหอย,น้ำมันหอย,10,กรัม,10.0
1033,104,ส่วนผสมหลัก,ผงปรุงรส,ผงปรุงรส,10,กรัม,10.0
1034,104,ส่วนผสมหลัก,น้ำตาลทราย,น้ำตาลทราย,10,กรัม,10.0
1035,104,ส่วนผสมหลัก,ซีอิ้วดำ,ซีอิ้วดำ,2,กรัม,2.0
1036,104,ส่วนผสมหลัก,พริกชี้ฟ้าเหลือง,พริกชี้ฟ้าเหลือง,10,กรัม,10.0
1037,104,ส่วนผสมหลัก,พริกขี้หนูสวน,พริกขี้หนูสวน,5,กรัม,5.0
1038,104,ส่วนผสมหลัก,พริกกะเหรี่ยง,พริกกะเหรี่ยง,5,กรัม,5.0
1039,104,ส่วนผสมหลัก,พริกจินดาแห้ง,พริกจินดาแห้ง,4,กรัม,4.0
1040,104,ส่วนผสมหลัก,พริกไทยสด,พริกไทยสด,4,กรัม,4.0
1041,104,ส่วนผสมหลัก,ดอกกะเพรา,ดอกกะเพรา,1,กรัม,1.0
1042,105,ส่วนผสมหลัก,ไข่,ไข่,2,ฟอง,
1043,105,ส่วนผสมหลัก,น้ำมัน,น้ำมัน,1,ถ้วยชา,120.0
1044,105,ส่วนผสมหลัก,น้ำปลา,น้ำปลา,1,ช้อนโต๊ะ,18.0
1045,105,ส่วนผสมหลัก,ต้นหอม (หั่นหยาบ),ต้นหอม,3,ต้น,
1046,106,ส่วนผสมหลัก,เปลือกแตงโม (หั่นชิ้นยาวพอคำ),เปลือกแตงโม,1/2,ผล,
1047,106,ส่วนผสมหลัก,กุ้งนาง (ปอกเปลือกและหั่น),กุ้งนาง,2,ตัว,250.0
1048,106,ส่วนผสมหลัก,ปลากุเลาแกะเนื้อ,ปลากุเลาแกะเนื้อ,1,ช้อนโต๊ะ,15.0
1049,106,ส่วนผสมหลัก,ปลาแห้งหรือปลากรอบแกะเนื้อหรือปลาย่างสด,ปลาแห้งหรือปลากรอบแกะเนื้อหรือปลาย่างสด,2,ช้อนโต๊ะ,30.0
1050,106,ส่วนผสมหลัก,พริกไทย,พริกไทย,5,เม็ด,0.25
1051,106,ส่วนผสมหลัก,ตะไคร้หั่นฝอย,ตะไคร้หั่นฝอย,1,ช้อนโต๊ะ,15.0
1052,106,ส่วนผสมหลัก,หัวหอมขนาดกลาง,หัวหอมขนาดกลาง,10,หัว,300.0
1053,106,ส่วนผสมหลัก,กะปิ,กะปิ,1/2,ช้อนชา,2.5
1054,106,ส่วนผสมหลัก,มะเขืออ่อน (ผ่าครึ่ง),มะเขืออ่อน,5,ผล,
1055,106,ส่วนผสมหลัก,ถั่วลันเตา,ถั่วลันเตา,200,กรัม,200.0
1056,106,ส่วนผสมหลัก,พริกชี้ฟ้า,พริกชี้ฟ้า,2,เม็ด,
1057,106,ส่วนผสมหลัก,น้ำตาลปึก,น้ำตาลปึก,1,ช้อนชา,5.0
1058,106,ส่วนผสมหลัก,น้ำปลาดี,น้ำปลาดี,2,ช้อนโต๊ะ,36.0
1059,106,ส่วนผสมหลัก,มะนาว,มะนาว,2,ช้อนโต๊ะ,30.0
1060,106,ส่วนผสมหลัก,เกลือเม็ด,เกลือเม็ด,1/2,ช้อนชา,2.5
1061,106,ส่วนผสมหลัก,ใบมะกรูด,ใบมะกรูด,4,ใบ,
1062,107,ส่วนผสมหลัก,หอยแมลงภู่,หอยแมลงภู่,20,ตัว,
1063,107,ส่วนผสมหลัก,น้ำ,น้ำ,2,ถ้วย,480.0
1064,107,ส่วนผสมหลัก,กระเทียมแห้ง,กระเทียมแห้ง,3,กลีบ,6.0
1065,107,ส่วนผสมหลัก,กะปิดี,กะปิดี,1/2,ช้อนชา,2.5
1066,107,ส่วนผสมหลัก,ต้นหอม (หั่นท่อน),ต้นหอม,2,ต้น,
1067,107,ส่วนผสมหลัก,ผักชี (หั่นหยาบ),ผักชี,1,ช้อนโต๊ะ,15.0
1068,107,ส่วนผสมหลัก,พริกขี้หนูหรือพริกเหลือง,พริกขี้หนูหรือพริกเหลือง,4,เม็ด,
1069,107,ส่วนผสมหลัก,มะนาว,มะนาว,2,ช้อนโต๊ะ,30.0
1070,107,ส่วนผสมหลัก,น้ำปลา,น้ำปลา,2,ช้อนโต๊ะ,36.0
1071,108,ส่วนผสมหลัก,"ผักใบ (เช่น ผักบุ้ง, คะน้า, ฟักทองใบ หั่นเสี้ยวเล็ก)",ผักใบ,1,ถ้วยชา,120.0
1072,108,ส่วนผสมหลัก,น้ำ,น้ำ,2,ถ้วยชา,240.0
1073,108,ส่วนผสมหลัก,ปลาย่างหรือกุ้งแห้งจืด (โขลกละเอียด),ปลาย่างหรือกุ้งแห้งจืด,1,ช้อนโต๊ะ,15.0
1074,108,ส่วนผสมหลัก,กะปิ,กะปิ,1/2,ช้อนชา,2.5
1075,108,ส่วนผสมหลัก,พริกไทย,พริกไทย,5,เม็ด,0.25
1076,108,ส่วนผสมหลัก,หัวหอม,หัวหอม,3,กลีบ,6.0
1077,108,ส่วนผสมหลัก,น้ำปลา,น้ำปลา,1,ช้อนโต๊ะ,18.0
1078,109,ส่วนผสมหลัก,ฟักเขียว (ปอกเปลือกและหั่นชิ้น),ฟักเขียว,1,ถ้วยชา,120.0
1079,109,ส่วนผสมหลัก,ปลาเค็มชนิดเนื้อแข็งหั่นชิ้น (เช่น ปลาทูกัง หรือปลาสละ),ปลาเค็มชนิดเนื้อแข็งหั่นชิ้น,1/2,ถ้วยชา,60.0
1080,109,ส่วนผสมหลัก,มะพร้าวขูด,มะพร้าวขูด,3/4,ถ้วยชา,90.0
1081,109,ส่วนผสมหลัก,น้ำ,น้ำ,2,ถ้วยชา,240.0
1082,109,ส่วนผสมหลัก,หัวหอม,หัวหอม,3,กลีบ,6.0
1083,109,ส่วนผสมหลัก,รากผักชี,รากผักชี,5,ราก,10.0
1084,109,ส่วนผสมหลัก,พริกไทยเม็ด,พริกไทยเม็ด,5,เม็ด,0.25
1085,109,ส่วนผสมหลัก,น้ำมะขามเปียก,น้ำมะขามเปียก,2,ช้อนโต๊ะ,30.0
1086,109,ส่วนผสมหลัก,น้ำปลา,น้ำปลา,1,ช้อนโต๊ะ,18.0
1087,109,ส่วนผสมหลัก,น้ำตาลทราย,น้ำตาลทราย,1,ช้อนชา,5.0
1088,110,ส่วนผสมหลัก,มะพร้าวขูดกระต่ายจีน,มะพร้าวขูดกระต่ายจีน,1/2,ถ้วย,120.0
1089,110,ส่วนผสมหลัก,ถั่วขาวต้มสุก,ถั่วขาวต้มสุก,1,ถ้วย,240.0
1090,110,ส่วนผสมหลัก,ข่าหั่น,ข่าหั่น,15,แว่น,75.0
1091,110,ส่วนผสมหลัก,ข้าวคั่ว,ข้าวคั่ว,1/2,ถ้วย,120.0
1092,110,ส่วนผสมหลัก,วุ้นเส้นลวกให้พอง,วุ้นเส้นลวกให้พอง,2,ถ้วย,480.0
1093,110,ส่วนผสมหลัก,กระเทียมดองซอย,กระเทียมดองซอย,1,ช้อนโต๊ะพูน,
1094,110,ส่วนผสมหลัก,ผิวส้มซ่าหั่นฝอย,ผิวส้มซ่าหั่นฝอย,1,ช้อนโต๊ะ,15.0
1095,110,ส่วนผสมหลัก,หัวหอมซอย,หัวหอมซอย,1,ช้อนโต๊ะ,15.0
1096,110,ส่วนผสมหลัก,ถั่วลิสงคั่วซอย,ถั่วลิสงคั่วซอย,1,ช้อนโต๊ะพูน,
1097,110,ส่วนผสมหลัก,เกลือป่น,เกลือป่น,1/2,ช้อนชา,2.5
1098,110,ส่วนผสมหลัก,มะนาว,มะนาว,2,ช้อนโต๊ะ,30.0
1099,110,ส่วนผสมหลัก,น้ำตาลทรายละเอียด,น้ำตาลทรายละเอียด,1,ช้อนโต๊ะ,15.0
1100,110,ส่วนผสมหลัก,พริกชี้ฟ้าเขียว,พริกชี้ฟ้าเขียว,1,เม็ด,
1101,110,ส่วนผสมหลัก,พริกชี้ฟ้าแดง,พริกชี้ฟ้าแดง,1,เม็ด,
1102,110,ส่วนผสมหลัก,พริกชี้ฟ้าเหลือง,พริกชี้ฟ้าเหลือง,1,เม็ด,
1103,110,ส่วนผสมหลัก,ใบผักกาดแก้ว,ใบผักกาดแก้ว,3,ต้น,
1104,111,ส่วนผสมหลัก,ไข่ปลาตะเพียนขนาดใหญ่,ไข่ปลาตะเพียนขนาดใหญ่,2,ฝัก,
1105,111,ส่วนผสมหลัก,หอมใหญ่,หอมใหญ่,2,หัว,60.0
1106,111,ส่วนผสมหลัก,ต้นคื่นฉ่าย,ต้นคื่นฉ่าย,5,ต้น,
1107,111,ส่วนผสมหลัก,กระเทียม,กระเทียม,4,กลีบ,8.0
1108,111,ส่วนผสมหลัก,รากผักชี,รากผักชี,5,ราก,10.0
1109,111,ส่วนผสมหลัก,พริกไทย,พริกไทย,5,เม็ด,0.25
1110,111,ส่วนผสมหลัก,น้ำมันหมู,น้ำมันหมู,2,ช้อนโต๊ะ,26.0
1111,111,ส่วนผสมหลัก,น้ำเคย,น้ำเคย,1,ช้อนชา,5.0
1112,112,ส่วนผสมหลัก,แตงร้านขนาดกลาง,แตงร้านขนาดกลาง,1,ผล,
1113,112,ส่วนผสมหลัก,กุ้งแห้งป่น,กุ้งแห้งป่น,2,ช้อนโต๊ะ,30.0
1114,112,ส่วนผสมหลัก,ถั่วลิสงคั่ว,ถั่วลิสงคั่ว,2,ช้อนโต๊ะ,30.0
1115,112,ส่วนผสมหลัก,กระเทียม,กระเทียม,5,กลีบ,10.0
1116,112,ส่วนผสมหลัก,พริกไทย,พริกไทย,5,เม็ด,0.25
1117,112,ส่วนผสมหลัก,มะนาว,มะนาว,1,ช้อนโต๊ะ,15.0
1118,112,ส่วนผสมหลัก,ถั่วฝักยาว (หั่นเท่าขนาดเมล็ดถั่วลันเตา),ถั่วฝักยาว,2,ฝัก,
1119,112,ส่วนผสมหลัก,น้ำตาลปีบ,น้ำตาลปีบ,1,ช้อนชา,5.0
1120,112,ส่วนผสมหลัก,น้ำปลาดี,น้ำปลาดี,1,ช้อนโต๊ะ,18.0
1121,112,ส่วนผสมหลัก,น้ำมะนาว,น้ำมะนาว,2,ช้อนโต๊ะ,30.0
1122,113,ส่วนผสมหลัก,ผักคะน้า,ผักคะน้า,2,ต้น,
1123,113,ส่วนผสมหลัก,เต้าหู้เหลือง,เต้าหู้เหลือง,1,แผ่น,
1124,113,ส่วนผสมหลัก,ซีเซ็กฉ่าย,ซีเซ็กฉ่าย,1,กระป๋อง,
1125,113,ส่วนผสมหลัก,น้ำมันรำ,น้ำมันรำ,2,ช้อนโต๊ะ,28.0
1126,113,ส่วนผสมหลัก,กระเทียม,กระเทียม,3,กลีบ,6.0
1127,113,ส่วนผสมหลัก,น้ำซีเซ็กฉ่าย,น้ำซีเซ็กฉ่าย,1,ช้อนชา,5.0
1128,113,ส่วนผสมหลัก,ซีอิ๊ว,ซีอิ๊ว,1,ช้อนชา,5.0
1129,114,ส่วนผสมหลัก,ปลาแห้งหรือปลาใบไม้ขนาดกลาง,ปลาแห้งหรือปลาใบไม้ขนาดกลาง,4,ตัว,
1130,114,ส่วนผสมหลัก,หัวหอม,หัวหอม,5,หัว,150.0
1131,114,ส่วนผสมหลัก,ดอกมะขามหรือใบมะขามอ่อน (ถ้าไม่มี ใช้ส้มมะขามเปียก มะม่วงดิบ ใบมะดันอ่อน หรือผลมะดันแทนได้),ดอกมะขามหรือใบมะขามอ่อน,1/2,ถ้วยชา,60.0
1132,114,ส่วนผสมหลัก,น้ำปลา,น้ำปลา,2,ช้อนโต๊ะ,36.0
1133,114,ส่วนผสมหลัก,น้ำสะอาด,น้ำสะอาด,2+1/2,ถ้วยชา,300.0
1134,114,ส่วนผสมหลัก,พริกแห้งหรือพริกสด,พริกแห้งหรือพริกสด,8,เม็ด,
1135,115,ส่วนผสมหลัก,พริกแห้ง,พริกแห้ง,10,เม็ด,
1136,115,ส่วนผสมหลัก,หอมเผา,หอมเผา,1,ถ้วย,240.0
1137,115,ส่วนผสมหลัก,กระเทียมเผา,กระเทียมเผา,1,ถ้วย,240.0
1138,115,ส่วนผสมหลัก,เนื้อไก่อ่อน,เนื้อไก่อ่อน,1,ตัว,
1139,115,ส่วนผสมหลัก,มะพร้าวขูดคั้นกะทิ,มะพร้าวขูดคั้นกะทิ,500,กรัม,500.0
1140,115,ส่วนผสมหลัก,ถั่วแขก (หั่นท่อน 2–3 ซม. และลวก),ถั่วแขก,1,ถ้วย,240.0
1141,115,ส่วนผสมหลัก,พริกหยวกหั่นเส้น,พริกหยวกหั่นเส้น,1,ถ้วย,240.0
1142,115,ส่วนผสมหลัก,แครอทหั่นชิ้นพอดีคำ,แครอทหั่นชิ้นพอดีคำ,1,กระป๋อง,
1143,115,ส่วนผสมหลัก,กล่ำปลีซอย,กล่ำปลีซอย,1,ถ้วย,240.0
1144,115,ส่วนผสมหลัก,ถั่วกระป๋องลวก,ถั่วกระป๋องลวก,1,ถ้วย,240.0
1145,115,ส่วนผสมหลัก,เห็ดกระป๋องสไลซ์บาง,เห็ดกระป๋องสไลซ์บาง,1,ถ้วย,240.0
1146,115,ส่วนผสมหลัก,กุ้งแห้งป่น,กุ้งแห้งป่น,1,ถ้วย,240.0
1147,115,ส่วนผสมหลัก,หอมเจียว,หอมเจียว,1/2,ถ้วย,120.0
1148,115,ส่วนผสมหลัก,งาขาว,งาขาว,1/2,ถ้วย,70.0
1149,115,ส่วนผสมหลัก,น้ำมะขามเปียก,น้ำมะขามเปียก,3,ช้อนโต๊ะ,45.0
1150,115,ส่วนผสมหลัก,น้ำตาลปึก,น้ำตาลปึก,3,ช้อนโต๊ะ,45.0
1151,115,ส่วนผสมหลัก,น้ำปลา,น้ำปลา,3,ช้อนโต๊ะ,54.0
1152,115,ส่วนผสมหลัก,เกลือ,เกลือ,1/2,ช้อนชา,2.5
1153,116,ส่วนผสมหลัก,เนื้อหมู (หั่นบาง ขนาด 2×3 ซม.),เนื้อหมู,50,กรัม,50.0
1154,116,ส่วนผสมหลัก,ผักกาดขาว (ขนาดกลาง),ผักกาดขาว,300,กรัม,300.0
1155,116,ส่วนผสมหลัก,ไข่ไก่,ไข่ไก่,1,ฟอง,55.0
1156,116,ส่วนผสมหลัก,หัวหอม (กลีบใหญ่),หัวหอม,2,กลีบ,4.0
1157,116,ส่วนผสมหลัก,กระเทียม,กระเทียม,3,กลีบ,6.0
1158,116,ส่วนผสมหลัก,น้ำมันหมู (หรือน้ำมันพืช),น้ำมันหมู,1,ช้อนโต๊ะ,13.0
1159,116,ส่วนผสมหลัก,น้ำปลา,น้ำปลา,1,ช้อนโต๊ะ,18.0
1160,116,ส่วนผสมหลัก,พริกไทยป่น,พริกไทยป่น,1/4,ช้อนชา,1.25
1161,117,ส่วนผสมหลัก,หัวผักกาดเค็ม (หัวเล็ก),หัวผักกาดเค็ม,2,หัว,60.0
1162,117,ส่วนผสมหลัก,เนื้อหมู (หั่นชิ้นขนาด 2×3 ซม.),เนื้อหมู,50,กรัม,50.0
1163,117,ส่วนผสมหลัก,ไข่ไก่,ไข่ไก่,1,ฟอง,55.0
1164,117,ส่วนผสมหลัก,น้ำมันหมู (หรือน้ำมันพืช),น้ำมันหมู,2,ช้อนโต๊ะ,26.0
1165,117,ส่วนผสมหลัก,กระเทียม (กลีบกลาง),กระเทียม,3,กลีบ,6.0
1166,117,ส่วนผสมหลัก,น้ำตาลทราย,น้ำตาลทราย,1,ช้อนชา,5.0
1167,118,ส่วนผสมหลัก,ไข่เป็ดสด,ไข่เป็ดสด,4,ฟอง,280.0
1168,118,ส่วนผสมหลัก,เนื้อโค (เนื้อวัวบดหรือหั่นชิ้น),เนื้อโค,300,กรัม,300.0
1169,118,ส่วนผสมหลัก,ขนมปังสด (ขนาดก้อนเล็ก),ขนมปังสด,1,ก้อน,
1170,118,ส่วนผสมหลัก,หอมหัวใหญ่,หอมหัวใหญ่,1,หัว,30.0
1171,118,ส่วนผสมหลัก,สับปะรด (ขนาดเล็ก),สับปะรด,1,ผล,
1172,118,ส่วนผสมหลัก,น้ำมันหมู,น้ำมันหมู,1,ถ้วยชา,120.0
1173,118,ส่วนผสมหลัก,ลูกจันทน์ป่น,ลูกจันทน์ป่น,1/4,ช้อนชา,1.25
1174,118,ส่วนผสมหลัก,เกลือ,เกลือ,1/2,ช้อนชา,2.5
1175,118,ส่วนผสมหลัก,พริกไทยป่น,พริกไทยป่น,1/4,ช้อนชา,1.25
1176,119,ส่วนผสมหลัก,ไข่เป็ด,ไข่เป็ด,1,ฟอง,70.0
1177,119,ส่วนผสมหลัก,เนื้อหมูสับ,เนื้อหมูสับ,2,ช้อนโต๊ะ,30.0
1178,119,ส่วนผสมหลัก,กระเทียมดอง,กระเทียมดอง,2,หัว,50.0
1179,119,ส่วนผสมหลัก,กุ้งเค็มปอกเปลือก,กุ้งเค็มปอกเปลือก,2,ช้อนโต๊ะพูน,
1180,119,ส่วนผสมหลัก,เนื้อส้มซ่า,เนื้อส้มซ่า,1,ช้อนโต๊ะ,15.0
1181,119,ส่วนผสมหลัก,น้ำพริกเผา,น้ำพริกเผา,1,ช้อนโต๊ะ,15.0
1182,119,ส่วนผสมหลัก,น้ำปลา,น้ำปลา,1,ช้อนโต๊ะ,18.0
1183,119,ส่วนผสมหลัก,น้ำตาลทราย,น้ำตาลทราย,1,ช้อนชา,5.0
1184,119,ส่วนผสมหลัก,น้ำมะนาว,น้ำมะนาว,1,ช้อนโต๊ะ,15.0
1185,119,ส่วนผสมหลัก,น้ำมันหมูสำหรับทอดไข่,น้ำมันหมูสำหรับทอดไข่,2,ช้อนโต๊ะ,26.0
1186,119,ส่วนผสมหลัก,ผักชีหั่นหยาบ,ผักชีหั่นหยาบ,1,ช้อนโต๊ะ,15.0
1187,119,ส่วนผสมหลัก,พริกแดงหั่นฝอย,พริกแดงหั่นฝอย,1,เม็ด,
1188,120,ส่วนผสมหลัก,กุ้งนาง (ขนาดกลางถึงใหญ่),กุ้งนาง,9,ตัว,1125.0
1189,120,ส่วนผสมหลัก,หัวกะทิ,หัวกะทิ,4,ช้อนโต๊ะ,60.0
1190,120,ส่วนผสมหลัก,ไข่แดง,ไข่แดง,3,ฟอง,
1191,120,ส่วนผสมหลัก,พริกแห้ง,พริกแห้ง,1,เม็ด,
1192,120,ส่วนผสมหลัก,หัวหอม,หัวหอม,2,กลีบ,4.0
1193,120,ส่วนผสมหลัก,กระเทียม,กระเทียม,10,กลีบ,20.0
1194,120,ส่วนผสมหลัก,ข่าหั่นบาง,ข่าหั่นบาง,2,แว่น,10.0
1195,120,ส่วนผสมหลัก,ตะไคร้ซอย,ตะไคร้ซอย,2,ช้อนชา,10.0
1196,120,ส่วนผสมหลัก,รากผักชี,รากผักชี,1,ช้อนชา,5.0
1197,120,ส่วนผสมหลัก,พริกไทยเม็ด,พริกไทยเม็ด,5,เม็ด,0.25
1198,120,ส่วนผสมหลัก,เกลือ,เกลือ,1,ช้อนชา,5.0
1199,120,ส่วนผสมหลัก,น้ำปลา,น้ำปลา,1,ช้อนโต๊ะ,18.0
1200,120,ส่วนผสมหลัก,ฟักเขียว (ขนาด 5×7 เซนติเมตร หนา 2 เซนติเมตร โดยประมาณ),ฟักเขียว,6,ชิ้น,
1201,120,ส่วนผสมหลัก,ผักชีสำหรับแต่งหน้า,ผักชีสำหรับแต่งหน้า,,
1202,121,ส่วนผสมหลัก,เนื้อวัว (ส่วนที่ไม่ติดมัน),เนื้อวัว,250,กรัม,250.0
1203,121,ส่วนผสมหลัก,น้ำสะอาด,น้ำสะอาด,500,มิลลิลิตร,
1204,121,ส่วนผสมหลัก,เกลือ,เกลือ,1/2,ช้อนชา,2.5
1205,121,ส่วนผสมหลัก,พริกไทยป่น,พริกไทยป่น,1/4,ช้อนชา,1.25
1206,122,ส่วนผสมหลัก,หมูปนมัน,หมูปนมัน,500,กรัม,500.0
1207,122,ส่วนผสมหลัก,แป้งข้าวแดง,แป้งข้าวแดง,2,ช้อนชา,10.0
1208,122,ส่วนผสมหลัก,ซี้อิ๊วขาว,ซี้อิ๊วขาว,2,ช้อนโต๊ะ,30.0
1209,122,ส่วนผสมหลัก,น้ำผึ้ง,น้ำผึ้ง,2,ช้อนโต๊ะ,30.0
1210,122,ส่วนผสมหลัก,น้ำตาลทราย,น้ำตาลทราย,2,ช้อนหวาน,
1211,122,ส่วนผสมหลัก,พริกไทย,พริกไทย,1,ช้อนชา,5.0
1212,122,ส่วนผสมหลัก,เกลือ,เกลือ,1,ช้อนหวาน,
1213,122,ส่วนผสมหลัก,เหล้าจีน,เหล้าจีน,2,ช้อนโต๊ะ,30.0
1214,122,ส่วนผสมหลัก,ลูกโป๊ยกั๊ก,ลูกโป๊ยกั๊ก,2,ดอก,
1215,122,ส่วนผสมหลัก,อบเชยเล็ก,อบเชยเล็ก,1,แท่ง,
1216,122,ส่วนผสมหลัก,กานพลู,กานพลู,2,ดอก,
1217,122,ส่วนผสมหลัก,น้ำมันหมู,น้ำมันหมู,2,ช้อนโต๊ะ,26.0
1218,122,ผักเคียง,ต้นหอม,ต้นหอม,2,ต้น,
1219,122,ผักเคียง,ผักชี,ผักชี,2,ต้น,
1220,122,ผักเคียง,แตงกวา,แตงกวา,1,ผล,
1221,122,น้ำจิ้ม,ซีอิ๊วดำ,ซีอิ๊วดำ,2,ช้อนโต๊ะ,30.0
1222,122,น้ำจิ้ม,น้ำส้ม,น้ำส้ม,1,ช้อนโต๊ะ,15.0
1223,122,น้ำจิ้ม,พริกชี้ฟ้า,พริกชี้ฟ้า,1,เม็ด,
1224,123,ส่วนผสมหลัก,ไข่เป็ดสด,ไข่เป็ดสด,1,ฟอง,70.0
1225,123,ส่วนผสมหลัก,ตับหมูสับละเอียด,ตับหมูสับละเอียด,1,ช้อนโต๊ะพูน,
1226,123,ส่วนผสมหลัก,ยอดผักกาดขาวหั่นละเอียด,ยอดผักกาดขาวหั่นละเอียด,2,ช้อนโต๊ะ,30.0
1227,123,ส่วนผสมหลัก,น้ำเปล่าหรือน้ำข้าวต้ม,น้ำเปล่าหรือน้ำข้าวต้ม,150,มิลลิลิตร,
1228,123,ส่วนผสมหลัก,เกลือ,เกลือ,1/4,ช้อนชา,1.25
1229,123,ส่วนผสมหลัก,พริกไทยป่น,พริกไทยป่น,1/4,ช้อนชา,1.25
1230,124,ส่วนผสมหลัก,ปลาช่อน (หัวขนาดประมาณ 5 เซนติเมตร),ปลาช่อน,1,ตัว,
1231,124,ส่วนผสมหลัก,น้ำตาลทรายเม็ด,น้ำตาลทรายเม็ด,1,ช้อนหวาน,
1232,124,ส่วนผสมหลัก,น้ำปลา,น้ำปลา,1,ช้อนโต๊ะ,18.0
1233,124,ส่วนผสมหลัก,รากผักชี,รากผักชี,7,ราก,14.0
1234,124,ส่วนผสมหลัก,กระเทียม,กระเทียม,5,กลีบ,10.0
1235,124,ส่วนผสมหลัก,พริกไทย,พริกไทย,7,เม็ด,0.35000000000000003
1236,124,ส่วนผสมหลัก,น้ำมันหมู,น้ำมันหมู,1,ช้อนโต๊ะ,13.0
1237,124,ส่วนผสมหลัก,น้ำ,น้ำ,1,ถ้วยชา,120.0
1238,125,ส่วนผสมหลัก,กุ้งขาวตัวขนาดกลาง,กุ้งขาวตัวขนาดกลาง,20,ตัว,600.0
1239,125,ส่วนผสมหลัก,ผักบุ้งจีน,ผักบุ้งจีน,200,กรัม,200.0
1240,125,ส่วนผสมหลัก,กระเทียม,กระเทียม,5,กลีบ,10.0
1241,125,ส่วนผสมหลัก,เต้าเจี้ยวน้ำ,เต้าเจี้ยวน้ำ,2,ช้อนโต๊ะ,30.0
1242,125,ส่วนผสมหลัก,แป้งข้าวเหนียว,แป้งข้าวเหนียว,1/2,ถ้วยชา,60.0
1243,125,ส่วนผสมหลัก,กะทิ,กะทิ,1/2,ถ้วยชา,60.0
1244,125,ส่วนผสมหลัก,เกลือป่น,เกลือป่น,1/2,ช้อนชา,2.5
1245,125,ส่วนผสมหลัก,น้ำส้ม,น้ำส้ม,1,ช้อนโต๊ะ,15.0
1246,125,ส่วนผสมหลัก,น้ำตาล,น้ำตาล,1,ช้อนชา,5.0
1247,125,ส่วนผสมหลัก,น้ำเคยดี,น้ำเคยดี,1,ช้อนชา,5.0
1248,125,ส่วนผสมหลัก,น้ำมันหมู,น้ำมันหมู,2,ช้อนโต๊ะ,26.0
1249,125,ส่วนผสมหลัก,น้ำมันสำหรับทอดกุ้ง,น้ำมันสำหรับทอดกุ้ง,2,ถ้วยชา,240.0
1250,126,ส่วนผสมหลัก,ไข่แมงดานึ่งสุก,ไข่แมงดานึ่งสุก,1/2,ถ้วยชา,60.0
1251,126,ส่วนผสมหลัก,กุ้งนาง,กุ้งนาง,3,ตัว,375.0
1252,126,ส่วนผสมหลัก,หอมเผา,หอมเผา,5,หัว,150.0
1253,126,ส่วนผสมหลัก,มะม่วงดิบ,มะม่วงดิบ,1,ผล,
1254,126,ส่วนผสมหลัก,ใบสาระแหน่,ใบสาระแหน่,8,ใบ,
1255,126,ส่วนผสมหลัก,น้ำพริกเผา,น้ำพริกเผา,1,ช้อนโต๊ะ,15.0
1256,126,ส่วนผสมหลัก,น้ำเคยดี,น้ำเคยดี,1,ช้อนชา,5.0
1257,126,ส่วนผสมหลัก,น้ำตาล,น้ำตาล,1/2,ช้อนชา,2.5
1258,126,ส่วนผสมหลัก,มะนาว,มะนาว,1,ช้อนโต๊ะ,15.0
1259,127,ส่วนผสมหลัก,ส้มโอ,ส้มโอ,5,กลีบ,10.0
1260,127,ส่วนผสมหลัก,กุ้งแห้งป่น,กุ้งแห้งป่น,1,ช้อนโต๊ะพูน,
1261,127,ส่วนผสมหลัก,มะพร้าวขูดคั่ว,มะพร้าวขูดคั่ว,1,ช้อนโต๊ะ,15.0
1262,127,ส่วนผสมหลัก,น้ำตาลโตนด,น้ำตาลโตนด,1,ช้อนชา,5.0
1263,127,ส่วนผสมหลัก,น้ำปลา,น้ำปลา,1,ช้อนชา,5.0
1264,128,ส่วนผสมหลัก,ไข่,ไข่,3,ฟอง,
1265,128,ส่วนผสมหลัก,น้ำตาล,น้ำตาล,8,ช้อนโต๊ะ,120.0
1266,128,ส่วนผสมหลัก,น้ำ,น้ำ,360,มิลลิลิตร,
1267,128,ส่วนผสมหลัก,ขิงแก่สด (ยาว 3 เซนติเมตร),ขิงแก่สด,1,ท่อน,
1268,129,ส่วนผสมหลัก,ฟักทอง,ฟักทอง,300,กรัม,300.0
1269,129,ส่วนผสมหลัก,น้ำมันพืช,น้ำมันพืช,3,ช้อนโต๊ะ,42.0
1270,129,ส่วนผสมหลัก,เกลือป่น,เกลือป่น,1/4,ช้อนชา,1.25
1271,129,ส่วนผสมหลัก,พริกไทยป่น,พริกไทยป่น,1/4,ช้อนชา,1.25
1272,130,ส่วนผสมหลัก,ไส้กรอกหมูแห้ง,ไส้กรอกหมูแห้ง,3,คู่,
1273,130,ส่วนผสมหลัก,มะพร้าว,มะพร้าว,1,ถ้วยชา,120.0
1274,130,ส่วนผสมหลัก,น้ำ,น้ำ,2,ถ้วยชา,240.0
1275,130,ส่วนผสมหลัก,ตะไคร้,ตะไคร้,2,ต้น,
1276,130,ส่วนผสมหลัก,ใบมะกรูด,ใบมะกรูด,3,ใบ,
1277,130,ส่วนผสมหลัก,หัวหอม,หัวหอม,10,หัว,300.0
1278,130,ส่วนผสมหลัก,มะดัน (ถ้าไม่มี ใช้ส้มมะขามเปียก 2 ผัก),มะดัน,2,ผล,
1279,130,ส่วนผสมหลัก,น้ำปลา,น้ำปลา,2,ช้อนโต๊ะ,36.0
1280,130,ส่วนผสมหลัก,พริกแดง,พริกแดง,2,เม็ด,
1281,130,ส่วนผสมหลัก,รากผักชี,รากผักชี,5,ราก,10.0
1282,130,ส่วนผสมหลัก,พริกไทย,พริกไทย,5,เม็ด,0.25
1283,131,ส่วนผสมหลัก,มะเขือเทศสุกขนาดกลาง,มะเขือเทศสุกขนาดกลาง,6,ผล,
1284,131,ส่วนผสมหลัก,เนื้อไก่หั่นละเอียด,เนื้อไก่หั่นละเอียด,1+1/2,ถ้วย,360.0
1285,131,ส่วนผสมหลัก,มันฝรั่งต้มสุกหั่นเล็ก,มันฝรั่งต้มสุกหั่นเล็ก,1,ถ้วย,240.0
1286,131,ส่วนผสมหลัก,เมล็ดถั่วลันเตาต้มสุกหรือกระป๋อง,เมล็ดถั่วลันเตาต้มสุกหรือกระป๋อง,1,ถ้วย,240.0
1287,131,ส่วนผสมหลัก,หมูแฮมสับละเอียด,หมูแฮมสับละเอียด,1+1/2,ถ้วย,360.0
1288,131,ส่วนผสมหลัก,น้ำตาลทราย,น้ำตาลทราย,2,ช้อนชา,10.0
1289,131,ส่วนผสมหลัก,เกลือป่น,เกลือป่น,1,ช้อนชา,5.0
1290,131,ส่วนผสมหลัก,พริกไทยป่น,พริกไทยป่น,1/2,ช้อนชา,2.5
1291,131,ส่วนผสมหลัก,ลูกจันทร์ป่น,ลูกจันทร์ป่น,1/4,ช้อนชา,1.25
1292,131,ส่วนผสมหลัก,ไข่เป็ด,ไข่เป็ด,2,ฟอง,140.0
1293,131,ส่วนผสมหลัก,น้ำมันหมู,น้ำมันหมู,3,ช้อนโต๊ะ,39.0
1294,131,ส่วนผสมหลัก,หอมเล็ก (หั่นตามขวาง),หอมเล็ก,5,หัว,150.0
1295,132,ส่วนผสมหลัก,ปลาหางแก้งอย่างดีหรือปลาสลิด,ปลาหางแก้งอย่างดีหรือปลาสลิด,1,ตัว,
1296,132,ส่วนผสมหลัก,กระเทียมดองหั่น,กระเทียมดองหั่น,2,ช้อนโต๊ะ,30.0
1297,132,ส่วนผสมหลัก,ต้นกระเทียม,ต้นกระเทียม,3,ต้น,
1298,132,ส่วนผสมหลัก,น้ำกระเทียมดองอย่างดี,น้ำกระเทียมดองอย่างดี,3,ช้อนโต๊ะ,45.0
1299,132,ส่วนผสมหลัก,พริกมูลหนู,พริกมูลหนู,1,ช้อนชา,5.0
1300,133,ส่วนผสมหลัก,ปลาหมึกสด (ขนาดเล็ก),ปลาหมึกสด,30,ตัว,
1301,133,ส่วนผสมหลัก,หัวหอม,หัวหอม,2,ช้อนคาว,
1302,133,ส่วนผสมหลัก,กระเทียม,กระเทียม,2,ช้อนคาว,
1303,133,ส่วนผสมหลัก,พริกแดง,พริกแดง,6,เม็ด,
1304,133,ส่วนผสมหลัก,น้ำปลา,น้ำปลา,3,ช้อนโต๊ะ,54.0
1305,133,ส่วนผสมหลัก,น้ำตาล,น้ำตาล,1,ช้อนโต๊ะ,15.0
1306,133,ส่วนผสมหลัก,น้ำส้ม,น้ำส้ม,2,ช้อนโต๊ะ,30.0
1307,133,ส่วนผสมหลัก,น้ำมันหมู,น้ำมันหมู,3,ช้อนโต๊ะ,39.0
1308,134,ส่วนผสมหลัก,แป้งข้าวจ้าว,แป้งข้าวจ้าว,1,ถ้วยชา,55.0
1309,134,ส่วนผสมหลัก,ไข่,ไข่,2,ฟอง,
1310,134,ส่วนผสมหลัก,แป้งสาลี,แป้งสาลี,1/2,ถ้วยชา,30.0
1311,134,ส่วนผสมหลัก,น้ำปูนใส,น้ำปูนใส,1,ช้อนโต๊ะ,15.0
1312,134,ส่วนผสมหลัก,งาดำคั่วแล้ว,งาดำคั่วแล้ว,1,ช้อนชา,5.0
1313,134,ส่วนผสมหลัก,เกลือ,เกลือ,1,ช้อนชา,5.0
1314,134,ส่วนผสมหลัก,ผักชีเด็ดเป็นใบ,ผักชีเด็ดเป็นใบ,1/2,ถ้วยชา,60.0
1315,134,ส่วนผสมหลัก,น้ำตาลทรายขาว,น้ำตาลทรายขาว,1,ช้อนชา,5.0
1316,134,ส่วนผสมหลัก,เนยสด,เนยสด,2,ช้อนโต๊ะ,30.0
1317,134,ส่วนผสมหลัก,หัวกะทิ,หัวกะทิ,2,ถ้วยชา,240.0
1318,135,ส่วนผสมหลัก,เปลือกส้มโอ,เปลือกส้มโอ,1,ผล,
1319,135,ส่วนผสมหลัก,น้ำตาล,น้ำตาล,1,กิโลกรัม,1000.0
1320,135,ส่วนผสมหลัก,น้ำ,น้ำ,10,ถ้วยชา,1200.0
1321,135,ส่วนผสมหลัก,เกลือ,เกลือ,1/2,ช้อนชา,2.5
1322,135,ส่วนผสมหลัก,น้ำหอมหรือสีตามชอบเล็กน้อย,น้ำหอมหรือสีตามชอบเล็กน้อย,,
1323,136,ส่วนผสมหลัก,พริกแห้ง,พริกแห้ง,15,เม็ด,
1324,136,ส่วนผสมหลัก,หอมเผา,หอมเผา,1,ถ้วย,240.0
1325,136,ส่วนผสมหลัก,กระเทียมเผา,กระเทียมเผา,1,ถ้วย,240.0
1326,136,ส่วนผสมหลัก,เนื้อปลาสลาดย่าง,เนื้อปลาสลาดย่าง,1,ถ้วย,240.0
1327,136,ส่วนผสมหลัก,มะพร้าว,มะพร้าว,2,ผล,
1328,136,ส่วนผสมหลัก,น้ำส้ม,น้ำส้ม,2,ช้อนโต๊ะ,30.0
1329,136,ส่วนผสมหลัก,น้ำมะขามเปียก,น้ำมะขามเปียก,3,ช้อนโต๊ะ,45.0
1330,136,ส่วนผสมหลัก,น้ำตาลหม้อ,น้ำตาลหม้อ,2,ช้อนโต๊ะ,30.0
1331,136,ส่วนผสมหลัก,น้ำปลา,น้ำปลา,2,ช้อนโต๊ะ,36.0
1332,136,ส่วนผสมหลัก,เกลือ,เกลือ,1/4,ช้อนชา,1.25
1333,136,ส่วนผสมหลัก,กุ้งแห้งป่น,กุ้งแห้งป่น,1,ถ้วย,240.0
1334,136,ส่วนผสมหลัก,หอมเจียว,หอมเจียว,2,ช้อนโต๊ะ,30.0
1335,136,ส่วนผสมหลัก,งาขาว,งาขาว,1/2,ถ้วย,70.0
1336,136,ส่วนผสมหลัก,ผักบุ้ง,ผักบุ้ง,1,ถ้วย,240.0
1337,136,ส่วนผสมหลัก,ถั่วฝักยาว,ถั่วฝักยาว,1,ถ้วย,240.0
1338,136,ส่วนผสมหลัก,พริกหยวกอ่อน,พริกหยวกอ่อน,1,ถ้วย,240.0
1339,136,ส่วนผสมหลัก,มะเขือขาว,มะเขือขาว,1,ถ้วย,240.0
1340,136,ส่วนผสมหลัก,หน่อไม้ไผ่ตรง,หน่อไม้ไผ่ตรง,1,ถ้วย,240.0
1341,137,ส่วนผสมหลัก,ไข่ไก่,ไข่ไก่,1,ฟอง,55.0
1342,137,ส่วนผสมหลัก,น้ำตาลทราย,น้ำตาลทราย,1,ช้อนชา,5.0
1343,137,ส่วนผสมหลัก,น้ำผลไม้,น้ำผลไม้,1,ช้อนชา,5.0
1344,137,ส่วนผสมหลัก,เหล้าบรั่นดี,เหล้าบรั่นดี,1/2,ช้อนชา,2.5
1345,137,ส่วนผสมหลัก,นมสด,นมสด,1,ช้อนโต๊ะ,15.0
1346,138,ส่วนผสมหลัก,ดอกมะขามสด,ดอกมะขามสด,1/2,ถ้วย,120.0
1347,138,ส่วนผสมหลัก,เนื้อหมูต้มสุก (หั่นบาง),เนื้อหมูต้มสุก,1/2,ถ้วย,120.0
1348,138,ส่วนผสมหลัก,กุ้งสด (ใช้เฉพาะตัว),กุ้งสด,1/2,ถ้วย,120.0
1349,138,ส่วนผสมหลัก,ถั่วยี่สงคั่ว,ถั่วยี่สงคั่ว,2,ช้อนโต๊ะ,30.0
1350,138,ส่วนผสมหลัก,กระเทียมดอง (ปอกเปลือก ตัดสองเป็นท่อน),กระเทียมดอง,3,กลีบ,6.0
1351,138,ส่วนผสมหลัก,หอม (ทุบให้แบน),หอม,2,กลีบ,4.0
1352,138,ส่วนผสมหลัก,กระเทียม (ทุบให้แบน),กระเทียม,3,กลีบ,6.0
1353,138,ส่วนผสมหลัก,น้ำมันหมู,น้ำมันหมู,2,ช้อนโต๊ะ,26.0
1354,138,ส่วนผสมหลัก,ใบตองสำหรับรอง,ใบตองสำหรับรอง,,
1355,138,ส่วนผสมหลัก,ใบทองหลางหรือใบขจร/ใบถั่วพลู (หั่นพอดีคำ),ใบทองหลางหรือใบขจร/ใบถั่วพลู,1/2,ถ้วย,120.0
1356,138,ส่วนผสมหลัก,มะพร้าวขูด (คั้นกะทิข้น),มะพร้าวขูด,1/4,ถ้วย,60.0
1357,138,ส่วนผสมหลัก,น้ำพริกก้อย (ปรุงให้อ่อนเปรี้ยว),น้ำพริกก้อย,1,ถ้วย,240.0
1358,139,ส่วนผสมหลัก,ไข่เป็ด,ไข่เป็ด,5,ฟอง,350.0
1359,139,ส่วนผสมหลัก,คึ่นฉ่าย,คึ่นฉ่าย,5,ต้น,
1360,139,ส่วนผสมหลัก,กุ้งตะเข็บ,กุ้งตะเข็บ,250,กรัม,250.0
1361,139,ส่วนผสมหลัก,เนื้อหมู,เนื้อหมู,500,กรัม,500.0
1362,139,ส่วนผสมหลัก,กุนเชียง,กุนเชียง,5,คู่,
1363,139,ส่วนผสมหลัก,ต้นหอม,ต้นหอม,10,ต้น,
1364,139,ส่วนผสมหลัก,เกลือ,เกลือ,1,ช้อนชา,5.0
1365,139,ส่วนผสมหลัก,น้ำปลา,น้ำปลา,2,ช้อนโต๊ะ,36.0
1366,139,ส่วนผสมหลัก,ผงชูรส,ผงชูรส,1/2,ช้อนชา,2.5
1367,139,ส่วนผสมหลัก,พริกไทย,พริกไทย,1/2,ช้อนชา,2.5
1368,139,น้ำจิ้ม,ซอสมะเขือเทศ,ซอสมะเขือเทศ,3,ช้อนโต๊ะ,45.0
1369,139,น้ำจิ้ม,ซีอิ๊ว,ซีอิ๊ว,1,ช้อนโต๊ะ,15.0
1370,139,น้ำจิ้ม,น้ำส้มสายชู,น้ำส้มสายชู,1,ช้อนโต๊ะ,15.0
1371,139,น้ำจิ้ม,พริกแดง (หั่นฝอย),พริกแดง,1,เม็ด,
1372,140,ส่วนผสมหลัก,แป้งข้าวเหนียว,แป้งข้าวเหนียว,5,ถ้วยชา,600.0
1373,140,ส่วนผสมหลัก,น้ำตาล,น้ำตาล,2+1/2,ถ้วยชา,300.0
1374,140,ส่วนผสมหลัก,มะพร้าวขูด,มะพร้าวขูด,5,ถ้วยชา,600.0
1375,140,ส่วนผสมหลัก,น้ำมันพืช,น้ำมันพืช,3,ช้อนโต๊ะ,42.0
1376,141,ส่วนผสมหลัก,ปลาเค็ม (ขนาดกลาง),ปลาเค็ม,1,ตัว,
1377,141,ส่วนผสมหลัก,กุ้งนางเผา,กุ้งนางเผา,2,ตัว,250.0
1378,141,ส่วนผสมหลัก,หัวหอม,หัวหอม,5,หัว,150.0
1379,141,ส่วนผสมหลัก,กระเทียม,กระเทียม,3,หัว,75.0
1380,141,ส่วนผสมหลัก,พริกชี้ฟ้าแดง,พริกชี้ฟ้าแดง,3,เม็ด,
1381,141,ส่วนผสมหลัก,พริกชี้ฟ้าเขียว,พริกชี้ฟ้าเขียว,3,เม็ด,
1382,141,ส่วนผสมหลัก,มะนาว,มะนาว,2,ช้อนโต๊ะ,30.0
1383,141,ส่วนผสมหลัก,น้ำปลา,น้ำปลา,2,ช้อนโต๊ะ,36.0
1384,142,ส่วนผสมหลัก,ไก่นา,ไก่นา,5,ตัว,
1385,142,ส่วนผสมหลัก,เนื้อหมู,เนื้อหมู,500,กรัม,500.0
1386,142,ส่วนผสมหลัก,ขิงโขลกคั้นน้ำ,ขิงโขลกคั้นน้ำ,11,ช้อนหวาน,
1387,142,ส่วนผสมหลัก,เหล้าจีน,เหล้าจีน,1,ช้อนหวาน,
1388,142,ส่วนผสมหลัก,น้ำผึ้ง,น้ำผึ้ง,1,ช้อนโต๊ะ,15.0
1389,142,ส่วนผสมหลัก,เกลือ,เกลือ,1,ช้อนโต๊ะ,15.0
1390,142,ส่วนผสมหลัก,ซีอิ๊วขาว,ซีอิ๊วขาว,2,ช้อนโต๊ะ,30.0
1391,142,ส่วนผสมหลัก,น้ำตาลทราย,น้ำตาลทราย,1,ช้อนโต๊ะ,15.0
1392,142,ส่วนผสมหลัก,มันหมูแข็งหั่น,มันหมูแข็งหั่น,1,ถ้วย,240.0
1393,142,ส่วนผสมหลัก,ไส้หมู (ประมาณ 1 เมตร),ไส้หมู,1,ชิ้น,
1394,142,ส่วนผสมหลัก,ใบตองสำหรับปิ้ง,ใบตองสำหรับปิ้ง,,
1395,143,ส่วนผสมหลัก,ไข่ไก่,ไข่ไก่,1,ฟอง,55.0
1396,143,ส่วนผสมหลัก,น้ำมันหมู,น้ำมันหมู,3,ช้อนโต๊ะ,39.0
1397,143,ส่วนผสมหลัก,กุ้งนาง,กุ้งนาง,2,ตัว,250.0
1398,143,ส่วนผสมหลัก,น้ำปลา,น้ำปลา,1/2,ช้อนชา,2.5
1399,143,ส่วนผสมหลัก,น้ำตาลทราย,น้ำตาลทราย,1/4,ช้อนชา,1.25
1400,143,ส่วนผสมหลัก,ใบมะกรูด (หั่นฝอย),ใบมะกรูด,1,ใบ,
1401,143,ส่วนผสมหลัก,ผักชี (เด็ดเป็นใบ),ผักชี,1,ช้อนโต๊ะ,15.0
1402,143,ส่วนผสมหลัก,พริกไทยป่น,พริกไทยป่น,1/4,ช้อนชา,1.25
1403,144,ส่วนผสมหลัก,ปูเค็ม,ปูเค็ม,3,ตัว,
1404,144,ส่วนผสมหลัก,มะดัน (ซอยบาง),มะดัน,4,ผล,
1405,144,ส่วนผสมหลัก,กุ้งแห้งป่น,กุ้งแห้งป่น,2,ช้อนโต๊ะ,30.0
1406,144,ส่วนผสมหลัก,กะปิ,กะปิ,1,ช้อนชา,5.0
1407,144,ส่วนผสมหลัก,กระเทียม,กระเทียม,5,กลีบ,10.0
1408,144,ส่วนผสมหลัก,พริกขี้หนู,พริกขี้หนู,8,เม็ด,
1409,144,ส่วนผสมหลัก,น้ำมะนาว,น้ำมะนาว,1,ช้อนโต๊ะ,15.0
1410,144,ส่วนผสมหลัก,น้ำตาล,น้ำตาล,1/2,ช้อนชา,2.5
1411,144,ส่วนผสมหลัก,น้ำปลา,น้ำปลา,1,ช้อนชา,5.0
1412,145,ส่วนผสมหลัก,เต้าเจี้ยว,เต้าเจี้ยว,1,ช้อนโต๊ะ,15.0
1413,145,ส่วนผสมหลัก,กุ้งตะเข็บ (ต้มปอกเปลือกหั่นเล็ก),กุ้งตะเข็บ,2,ช้อนโต๊ะ,30.0
1414,145,ส่วนผสมหลัก,ขิงสด (ขนาดประมาณ 2-3 ซม.),ขิงสด,1,ท่อน,
1415,145,ส่วนผสมหลัก,มะเขือเทศ (ขนาดกลาง),มะเขือเทศ,1,ผล,
1416,145,ส่วนผสมหลัก,หัวหอม,หัวหอม,1,หัว,30.0
1417,145,ส่วนผสมหลัก,พริกชี้ฟ้าเผา,พริกชี้ฟ้าเผา,1,เม็ด,
1418,145,ส่วนผสมหลัก,น้ำมะนาว,น้ำมะนาว,1,ช้อนชา,5.0
1419,145,ส่วนผสมหลัก,น้ำตาลทราย,น้ำตาลทราย,1/4,ช้อนชา,1.25
1420,146,ส่วนผสมหลัก,แป้งสาลี,แป้งสาลี,500,กรัม,500.0
1421,146,ส่วนผสมหลัก,ไข่เป็ด,ไข่เป็ด,2,ฟอง,140.0
1422,146,ส่วนผสมหลัก,น้ำมันหมู,น้ำมันหมู,2,ช้อนโต๊ะ,26.0
1423,146,ส่วนผสมหลัก,น้ำเย็น,น้ำเย็น,1,ถ้วย,240.0
1424,146,ส่วนผสมหลัก,แป้งมันอย่างดี (ใส่ถุงผ้าขาวเนื้อห่าง ขนาดกว้างยาว 7×10 ซม.),แป้งมันอย่างดี,1/2,ถ้วย,65.0
1425,146,ส่วนผสมหลัก,เนื้อหมู,เนื้อหมู,500,กรัม,500.0
1426,146,ส่วนผสมหลัก,มันแกวหั่นละเอียด,มันแกวหั่นละเอียด,1,ถ้วย,240.0
1427,146,ส่วนผสมหลัก,ผักกาดขาวลวกหั่นฝอยหยาบ,ผักกาดขาวลวกหั่นฝอยหยาบ,1,ถ้วย,240.0
1428,146,ส่วนผสมหลัก,หอมใหญ่หั่นเล็ก,หอมใหญ่หั่นเล็ก,1,ถ้วย,240.0
1429,146,ส่วนผสมหลัก,เกลือป่น,เกลือป่น,1,ช้อนชา,5.0
1430,146,ส่วนผสมหลัก,พริกไทยป่น,พริกไทยป่น,1/2,ช้อนชา,2.5
1431,146,ส่วนผสมหลัก,น้ำตาลทราย,น้ำตาลทราย,2,ช้อนชา,10.0
1432,146,ส่วนผสมหลัก,ซีอิ๊วใส,ซีอิ๊วใส,3,ช้อนโต๊ะ,45.0
1433,146,ส่วนผสมหลัก,เหล้าเสียว,เหล้าเสียว,1,ช้อนโต๊ะ,15.0
1434,147,ส่วนผสมหลัก,ถั่วฝักยาว,ถั่วฝักยาว,5,ฝัก,
1435,147,ส่วนผสมหลัก,ปลา (ขนาดหัวกว้าง 5 ซม.),ปลา,1,ตัว,
1436,147,ส่วนผสมหลัก,หัวหอม,หัวหอม,4,กลีบ,8.0
1437,147,ส่วนผสมหลัก,กระเทียม,กระเทียม,3,กลีบ,6.0
1438,147,ส่วนผสมหลัก,พริกแห้ง,พริกแห้ง,3,เม็ด,
1439,147,ส่วนผสมหลัก,ข่า,ข่า,3,แว่น,15.0
1440,147,ส่วนผสมหลัก,เกลือเม็ด,เกลือเม็ด,1,ช้อนชา,5.0
1441,147,ส่วนผสมหลัก,กะปิ,กะปิ,1/2,ช้อนชา,2.5
1442,147,ส่วนผสมหลัก,น้ำมะขามเปียก,น้ำมะขามเปียก,4,ช้อนโต๊ะ,60.0
1443,147,ส่วนผสมหลัก,น้ำปลา,น้ำปลา,2,ช้อนโต๊ะ,36.0
1444,147,ส่วนผสมหลัก,น้ำตาล,น้ำตาล,2,ช้อนชา,10.0
1445,147,ส่วนผสมหลัก,น้ำ,น้ำ,2,ถ้วยชา,240.0
1446,148,ส่วนผสมหลัก,หมูสามชั้น,หมูสามชั้น,250,กรัม,250.0
1447,148,ส่วนผสมหลัก,สับปะรดปอกเปลือก,สับปะรดปอกเปลือก,1,ซีก,
1448,148,ส่วนผสมหลัก,หัวหอม,หัวหอม,3,กลีบ,6.0
1449,148,ส่วนผสมหลัก,กระเทียม,กระเทียม,3,กลีบ,6.0
1450,148,ส่วนผสมหลัก,ขิง,ขิง,2,แว่น,10.0
1451,148,ส่วนผสมหลัก,รากผักชี,รากผักชี,5,ราก,10.0
1452,148,ส่วนผสมหลัก,พริกไทย,พริกไทย,5,เม็ด,0.25
1453,148,ส่วนผสมหลัก,น้ำปลา,น้ำปลา,2,ช้อนโต๊ะ,36.0
1454,148,ส่วนผสมหลัก,น้ำตาล,น้ำตาล,2,ช้อนชา,10.0
1455,148,ส่วนผสมหลัก,น้ำ,น้ำ,2,ถ้วยชา,240.0
1456,149,ส่วนผสมหลัก,เต้าหู้เหลืองอย่างอ่อน,เต้าหู้เหลืองอย่างอ่อน,300,กรัม,300.0
1457,149,ส่วนผสมหลัก,เนื้อหมูสับ,เนื้อหมูสับ,150,กรัม,150.0
1458,149,ส่วนผสมหลัก,ต้นหอม,ต้นหอม,3,ต้น,
1459,149,ส่วนผสมหลัก,กระเทียม,กระเทียม,1,ช้อนโต๊ะ,15.0
1460,149,ส่วนผสมหลัก,ซีอิ๊วขาว,ซีอิ๊วขาว,1,ช้อนโต๊ะ,15.0
1461,149,ส่วนผสมหลัก,พริกไทยป่น,พริกไทยป่น,1/2,ช้อนชา,2.5
1462,149,ส่วนผสมหลัก,น้ำมันหมูหรือน้ำมันพืช,น้ำมันหมูหรือน้ำมันพืช,2,ช้อนโต๊ะ,26.0
1463,149,ส่วนผสมหลัก,ผงชูรส,ผงชูรส,1/4,ช้อนชา,1.25
1464,150,ส่วนผสมหลัก,ไก่ขนาดกลาง,ไก่ขนาดกลาง,1,ตัว,
1465,150,ส่วนผสมหลัก,เนื้อหมูแดง,เนื้อหมูแดง,750,กรัม,750.0
1466,150,ส่วนผสมหลัก,สับปะรด (หั่นชิ้นสี่เหลี่ยมเล็กๆ),สับปะรด,2,ผล,
1467,150,ส่วนผสมหลัก,ต้นหอม,ต้นหอม,5,ต้น,
1468,150,ส่วนผสมหลัก,เกลือป่น,เกลือป่น,1/2,ช้อนชา,2.5
1469,150,ส่วนผสมหลัก,น้ำปลา,น้ำปลา,1,ช้อนโต๊ะ,18.0
1470,150,ส่วนผสมหลัก,น้ำตาลทราย,น้ำตาลทราย,1,ช้อนชา,5.0
1471,150,ส่วนผสมหลัก,พริกชี้ฟ้าแดง (หั่นแว่น),พริกชี้ฟ้าแดง,2,เม็ด,
1472,150,ส่วนผสมหลัก,น้ำมะขามเปียก,น้ำมะขามเปียก,2,ช้อนชา,10.0
1473,150,ส่วนผสมหลัก,ขิง (ทุบและสับหยาบ),ขิง,8,ซม.,
1474,150,ส่วนผสมหลัก,หัวหอม,หัวหอม,10,หัว,300.0
1475,150,ส่วนผสมหลัก,พริกไทย,พริกไทย,15,เม็ด,0.75
1476,150,ส่วนผสมหลัก,รากผักชี,รากผักชี,1/2,ช้อนชา,2.5
1477,151,ส่วนผสมหลัก,เนื้อวัว,เนื้อวัว,500,กรัม,500.0
1478,151,ส่วนผสมหลัก,ขิงสดซอย,ขิงสดซอย,1,ถ้วยชา,120.0
1479,151,ส่วนผสมหลัก,ถั่วลิสงคั่ว,ถั่วลิสงคั่ว,1/2,ถ้วยชา,60.0
1480,151,ส่วนผสมหลัก,ต้นหอม,ต้นหอม,15,ต้น,
1481,151,ส่วนผสมหลัก,กระเทียม,กระเทียม,7,กลีบ,14.0
1482,151,ส่วนผสมหลัก,น้ำมะนาว,น้ำมะนาว,2,ช้อนโต๊ะ,30.0
1483,151,ส่วนผสมหลัก,เกลือป่น,เกลือป่น,1,ช้อนโต๊ะ,15.0
1484,151,ส่วนผสมหลัก,น้ำมันหมู,น้ำมันหมู,2,ช้อนโต๊ะ,26.0
1485,151,ส่วนผสมหลัก,พริกแดง,พริกแดง,,
1486,151,ส่วนผสมหลัก,ผักชี,ผักชี,,
1487,151,ส่วนผสมหลัก,ใบชะพลูทอดกรอบ,ใบชะพลูทอดกรอบ,,
1488,152,ส่วนผสมหลัก,ไข่ไก่,ไข่ไก่,1,ฟอง,55.0
1489,152,ส่วนผสมหลัก,น้ำตาลทราย,น้ำตาลทราย,1,ช้อนชา,5.0
1490,152,ส่วนผสมหลัก,น้ำผลไม้,น้ำผลไม้,2,ช้อนชา,10.0
1491,152,ส่วนผสมหลัก,นมอุ่น,นมอุ่น,1/2,ถ้วย,120.0
1492,153,ส่วนผสมหลัก,น้ำพริกเผา,น้ำพริกเผา,1,ช้อนโต๊ะ,15.0
1493,153,ส่วนผสมหลัก,กุ้งนาง,กุ้งนาง,1,ตัว,125.0
1494,153,ส่วนผสมหลัก,ถั่วทอง,ถั่วทอง,2,ช้อนโต๊ะ,30.0
1495,153,ส่วนผสมหลัก,มันกุ้ง,มันกุ้ง,1,ช้อนโต๊ะ,15.0
1496,153,ส่วนผสมหลัก,หัวกะทิ,หัวกะทิ,1/2,ถ้วย,120.0
1497,153,ส่วนผสมหลัก,น้ำปลา,น้ำปลา,1,ช้อนชา,5.0
1498,153,ส่วนผสมหลัก,น้ำตาล,น้ำตาล,1/2,ช้อนชา,2.5
1499,153,ส่วนผสมหลัก,น้ำมะนาว,น้ำมะนาว,1/2,ช้อนชา,2.5
1500,153,ส่วนผสมหลัก,น้ำส้มมะขามเปียก,น้ำส้มมะขามเปียก,1/2,ช้อนชา,2.5
1501,154,ส่วนผสมหลัก,ข้าวสาว (ข้าวเก่า),ข้าวสาว,1,ถ้วยชา,120.0
1502,154,ส่วนผสมหลัก,น้ำตาลหม้อ,น้ำตาลหม้อ,2,ถ้วยชา,240.0
1503,154,ส่วนผสมหลัก,น้ำ,น้ำ,10,ถ้วยชา,1200.0
1504,154,ส่วนผสมหลัก,น้ำปูนใส,น้ำปูนใส,2,ถ้วยชา,240.0
1505,154,ส่วนผสมหลัก,กาบมะพร้าวเผาไฟป่นละเอียด (หรือใบตอง/ใบตาล/ใบเตย ป่นละเอียด),กาบมะพร้าวเผาไฟป่นละเอียด,1+1/2,ถ้วยชา,180.0
1506,154,ส่วนผสมหลัก,มะพร้าวทึมทึก,มะพร้าวทึมทึก,1,ซีก,
1507,155,ส่วนผสมหลัก,น้ำเต้าผลเล็ก,น้ำเต้าผลเล็ก,2,ผล,800.0
1508,155,ส่วนผสมหลัก,เนื้อหมูสับละเอียด,เนื้อหมูสับละเอียด,1/2,ถ้วย,120.0
1509,155,ส่วนผสมหลัก,มันแกวหั่นแล้ว,มันแกวหั่นแล้ว,1/4,ถ้วย,60.0
1510,155,ส่วนผสมหลัก,ต้นผักกาดขาว (แปะฉ่าย),ต้นผักกาดขาว,2,ช้อนโต๊ะ,30.0
1511,155,ส่วนผสมหลัก,เกลือป่น,เกลือป่น,1,ช้อนชา,5.0
1512,155,ส่วนผสมหลัก,ต้นหอม (หั่นแล้ว),ต้นหอม,2,ช้อนโต๊ะ,30.0
1513,155,ส่วนผสมหลัก,งาขาว,งาขาว,1,ช้อนโต๊ะ,10.0
1514,155,ส่วนผสมหลัก,เหล้าเสียว (หรือเหล้าอะไรที่สำหรับใส่อาหารก็ได้),เหล้าเสียว,1,ช้อนโต๊ะ,15.0
1515,155,ส่วนผสมหลัก,พริกไทยป่น,พริกไทยป่น,1/4,ช้อนชา,1.25
1516,155,ส่วนผสมหลัก,ผงชูรส,ผงชูรส,1/4,ช้อนชา,1.25
1517,155,ส่วนผสมหลัก,ซีอิ้วขาว,ซีอิ้วขาว,1,ช้อนโต๊ะ,15.0
1518,155,ส่วนผสมหลัก,น้ำร้อน,น้ำร้อน,1,ช้อนโต๊ะ,15.0
1519,156,ส่วนผสมหลัก,ไข่เค็ม,ไข่เค็ม,1,ฟอง,70.0
1520,156,ส่วนผสมหลัก,เนื้อปูทะเล,เนื้อปูทะเล,2,ช้อนโต๊ะ,30.0
1521,156,ส่วนผสมหลัก,กะปิ,กะปิ,1/2,ช้อนโต๊ะ,7.5
1522,156,ส่วนผสมหลัก,กุ้งแห้งป่น,กุ้งแห้งป่น,1,ช้อนโต๊ะ,15.0
1523,156,ส่วนผสมหลัก,กระเทียม (สับละเอียด),กระเทียม,1,ช้อนชา,5.0
1524,156,ส่วนผสมหลัก,มะอึกซอย,มะอึกซอย,1,ช้อนโต๊ะ,15.0
1525,156,ส่วนผสมหลัก,น้ำปลา,น้ำปลา,1,ช้อนชา,5.0
1526,156,ส่วนผสมหลัก,น้ำตาล,น้ำตาล,1/2,ช้อนชา,2.5
1527,156,ส่วนผสมหลัก,น้ำมะนาว,น้ำมะนาว,1,ช้อนชา,5.0
1528,156,ส่วนผสมหลัก,พริกเหลือง,พริกเหลือง,1,เม็ด,
1529,156,ส่วนผสมหลัก,พริกขี้หนูซอย,พริกขี้หนูซอย,1,เม็ด,
