recipe_id,recipe_name,method
1,กุ้งทอดพริกไทยกระเทียม,"1. ล้างกุ้งให้สะอาด ปอกเปลือกแล้วผ่าหลังถึงหางตลอดตัวให้ลึก
2. ใช้มีดบั้งบนหลังกุ้งตามขวาง เพื่อให้เส้นเอ็นขาด เวลาทอดกุ้งจะได้ไม่งอ
3. โขลกพริกไทย กระเทียม และรากผักชีให้ละเอียด
4. เคล้ากุ้งกับเครื่องโขลกและน้ำปลาให้ทั่ว
5. ยกกระทะตั้งไฟ ใส่น้ำมันหมูให้ร้อน นำกุ้งที่หมักไว้ลงทอดจนสุก
6. ตักขึ้นใส่จาน แล้วราดด้วยน้ำมันที่ใช้ทอดเล็กน้อย"
2,ข้าวเม่าทอด,"1. โขลกข้าวเม่าทีละน้อยด้วยครกให้ละเอียดพอที่จะปั้นหุ้มกล้วยได้
2. นำข้าวเม่าที่โขลกแล้วแผ่เป็นแผ่นบาง ๆ หุ้มกล้วยไข่ที่หั่นไว้จนหมด แล้วพักไว้
3. นวดแป้งข้าวเจ้าเข้ากับกะทิ ไข่ เกลือ และน้ำปูนใส โดยเหลือกะทิไว้บางส่วน
4. ทดสอบโดยหยดแป้งลงในกระทะน้ำมันที่เดือด หากฟูดีแสดงว่าใช้ได้
5. นำกล้วยที่หุ้มข้าวเม่าไว้ลงชุบแป้งแล้วทอด จากนั้นโรยแป้งบาง ๆ เป็นฝอย ๆ ใช้ตะหลิวค่อย ๆ เขี่ยให้ฝอยอยู่ด้านบน
6. ทอดเป็นคู่เล็ก ๆ ให้ฝอยฟูเกาะกัน ราดน้ำมันพอเหลือง ตักขึ้นพักให้สะเด็ดน้ำมัน"
3,เปรี้ยวหวานไข่ม้วน,"1. หั่นเนื้อโคบาง ๆ แล้วสับละเอียด ใส่เกลือป่น กระเทียม 5 กลีบ โขลกให้ละเอียด บีบน้ำมะนาวทั้งผลลงไป เคล้าให้เข้ากัน
2. เด็ดผักชี 2 ต้น แบ่งไว้สำหรับโรยหน้าเล็กน้อย ที่เหลือหั่นละเอียด ผสมกับเนื้อสับและไข่แดง 1 ฟอง พักไว้
3. ตอกไข่อีก 1 ฟอง ตีให้เข้ากับไข่ขาว ตั้งกระทะทาน้ำมันหมู กรอกเป็นแผ่นไข่บาง 2 แผ่น
4. แบ่งเนื้อสับเป็น 2 ส่วน ทาแผ่นละส่วน พับริมทั้งสองด้านแล้วม้วนเป็นแท่งให้แน่น จากนั้นนำไปนึ่งพอสุก พักให้เย็น
5. ล้างและหั่นแตงกวา มะเขือเทศ หอมใหญ่ ต้นหอม และพริกแดง (คว้านเมล็ดออกแล้วหั่นฝอยตามยาว แช่น้ำไว้)
6. ผสมน้ำส้ม น้ำแกงดี และน้ำตาล คนให้เข้ากันเป็นน้ำปรุงรส
7. หั่นไข่ม้วนเป็นชิ้นเฉียงพอดีคำ
8. โขลกกระเทียม 3 กลีบให้ละเอียด ตั้งกระทะใส่น้ำมันบนไฟแรง พอร้อนจัด ใส่กระเทียมลงผัดพอหอม ใส่ผักและไข่ม้วนลงผัดจนผักสลด
9. ราดน้ำปรุงรสลงไปรอบ ๆ กระทะ เร่งไฟแล้วคนให้เข้ากัน ตักใส่ภาชนะ โรยพริกไทย ผักชี และพริกแดง"
4,ไข่จ่อม,"1. ปอกเปลือกไข่ต้มแข็งแล้วใส่ลงขวดโหล เติมน้ำเกลือที่ต้มไว้ให้ท่วมไข่
2. ใส่ข่าป่น ข้าวคั่ว และน้ำข้าวหมาก (น้ำครั่ง) คนให้เข้ากัน พอให้น้ำดองมีสีแดงอ่อน ๆ
3. ปิดฝา เก็บไว้หมัก 3–7 วัน จึงนำมาใช้ได้
4. เวลารับประทาน ตักไข่ใส่ภาชนะ หั่นเป็นแว่นบาง ๆ โรยด้วยหอมซอยและขิงหั่นฝอย
5. ตักน้ำดองราดเล็กน้อย บีบมะนาว เติมน้ำตาลตามชอบ (แต่ไม่ควรคนมากเกินไป เพราะจะทำให้เสียรสและไม่น่ากิน)
6. โรยพริกสดและผักชี รับประทานคู่กับปลาย่างหรือผักสดตามชอบ"
5,ปลาทูงบ,"1. ทำปลาทูให้สะอาด แล่เอาแต่เนื้อเป็น 6 ชิ้น และเก็บก้างออกให้หมด ผึ่งไว้
2. แกะเม็ดพริกแห้งออก ล้างให้สะอาด
3. โขลกพริกกับตะไคร้ หอม กระเทียม ผิวมะกรูด และรากผักชีให้ละเอียด
4. ใส่มะพร้าวขูดลงไปโขลกให้เข้ากันดี
5. ปรุงรสด้วยน้ำปลาและน้ำตาลเล็กน้อย
6. เตรียมใบตองซ้อนกัน 3 ชั้น ทำเป็นสี่เหลี่ยมสำหรับห่อ
7. วางใบโหระพาลงรองก้นห่อ
8. นำชิ้นปลาที่ผึ่งไว้คลุกกับน้ำพริกที่ปรุงรสแล้ว วางเรียงบนใบโหระพา
9. ตักน้ำพริกลาดลงบนชิ้นปลา เกลี่ยหน้าให้เรียบ แล้วหยอดหัวกะทิพอประมาณ
10. ตกแต่งด้วยใบมะกรูดซอย ผักชีซอย และพริกแดงหั่นฝอย
11. ห่อเป็นสี่เหลี่ยม ใช้ไม้กลัดยึด หรือมัดให้แน่น แล้วปิ้งจนสุก"
6,น้ำพริกจิ้มผักดิบ,"1. ใส่กุ้งแห้ง กะปิดำ และเกลือเล็กน้อยลงครก โขลกให้ละเอียด
2. ปอกกระเทียมใส่โขลกรวมจนละเอียด
3. ใส่มะอึกที่หั่นแล้ว ผิวส้มเหม็น และพริกสามสี โขลกพอพริกแตก
4. ปรุงรสด้วยน้ำปลา น้ำตาลปึก และบีบมะนาว คนให้เข้ากัน
5. ชิมรสตามชอบ ตักใส่ถ้วย โรยพริกขี้หนูสำหรับตกแต่ง

**หมายเหตุ** น้ำพริกอย่างนี้ใช้คลุกข้าวก็ได้ จิ้มผักดิบก็ได้ เวลาปรุงถ้าใช้มะดันมะม่วงก็ไม่ต้องใช้มะนาว ผิวส้มเหม็นและมะอึก"
7,ลอยน้ำดอกไม้สด,"1. ล้างภาชนะที่จะใช้ลอยให้สะอาด ไม่ว่าจะเป็นขวดหรือโถ
2. ลนดอกกระดังงาด้วยเปลวเทียนเล็ก ๆ
3. เด็ดก้านมะลิออก และฉีกกลีบกระดังงาให้หลุดเอง 2–3 ชิ้นต่อกลีบ (ห้ามบีบแรง)
4. เปิดฝาภาชนะแล้วเทน้ำลงไป
5. โรยกลีบดอกกระดังงาลงไป
6. วางดอกมะลิในน้ำโดยให้ก้านลงด้านล่าง
7. ปิดฝาภาชนะไว้

**ข้อควรทราบในการลอยนํ้าดอกไม้สด**
1. ดอกมะลิ ต้องใช้ที่เก็บจากต้นในคอนเย็น ถ้าเป็นดอกมะลิซื้อ ก็ควรซื้อแต่ตอนเช้ามาเก็บไว้ ถ้าซื้อตอนเย็น จะได้มะลิที่สำลักน้ำ เมื่อบานแล้วจะไม่หอม เพราะดอกมะลิ ถ้าถูกพรมน้ำมากเกินไป หรือ บานเสียก่อน แล้วน้ำมันในดอกไม้จะระเหยไปหมด เมื่อใช้ลอยน้ำก็จะไม่หอม ดอกกะดังงาควรเลือกเหลือง ๆ เพราะลีเขียวกลิ่นอ่อน
2. ดอกไม้ที่ใช้ลอย ไม่ควรลอยให้แน่นภาชนะ ต้องเหลือที่ว่าง สำหรับให้น้ำเก็บกลิ่นหอมได้
3. น้ำที่ใช้ลอย ถ้าใช้ประกอบอาหารที่จะไม่ต้องหุงต้มอีก ก็ใช้น้ำต้มที่ทิ้งไว้จนเย็น ถ้าใช้สำหรับใช้ประกอบอาหารที่จะหุงต้มอีก ก็ไม่ต้องใช้น้ำต้ม
4. เวลาลอยดอกไม้ควรลอยแต่เวลา 18.30 น. ถึงเวลา 19.00 น. เวลาเก็บดอกไม้ขึ้น ควรเป็นเวลา 6.00 น. ถึง 7.00 น. ของวันรุ่งขึ้น"
8,ยำไข่ปลาดุก,"1. นำไข่ปลาดุกนึ่งใส่จาน
2. ขูดมะม่วงดิบเป็นฝอย และซอยหัวหอม
3. ใส่มะม่วงและหัวหอมลงในจานกับไข่ปลาดุก
4. เมื่อจะรับประทาน เติมน้ำเคยดีตามชอบ คลุกให้เข้ากัน
5. โรยพริกขี้หนูซอยบนหน้า
6. สามารถปรับรสด้วยมะนาว มะดัน หรือมะปรางดิบแทนมะม่วงดิบได้"
9,ปลาทูทอดปรุง,"1. ทอดปลาทูนึ่งให้เหลืองเกรียม แล้วแกะเอาแต่เนื้อแบ่งเป็น 4 ชิ้น
2. วางปลาทูบนจานผัก โรยด้วยหัวหอมซอยและขิงซอย
3. ผสมน้ำปลา มะนาว และพริกชี้ฟ้าเผาที่หั่นแล้ว คนให้เข้ากัน
4. เวลาจะรับประทาน ราดน้ำปรุงลงบนปลาทูทอด"
10,ต้มยำกะทิ,"1. คั้นกะทิจากมะพร้าวขูดใส่หม้อ ใส่น้ำตั้งไฟพอเดือด
2. ใส่เนื้อปลาที่เตรียมไว้ลงต้ม
3. ทุบตะไคร้แล้วหั่นเป็นท่อน ใส่ลงหม้อพร้อมฉีกใบมะกรูด
4. ต้มจนปลาสุก
5. ปรุงรสด้วยน้ำพริกเผา น้ำปลา และน้ำมะนาว
6. ตักใส่ชาม โรยผักชี ต้นหอมซอย และกระเทียมเจียว"
11,ไก่ยำ,"1. ล้างอกไก่ให้สะอาด เลาะเอาแต่เนื้อ ทุบให้นุ่ม คลุกแป้งสาลี หมักไว้ 1–2 ชั่วโมง
2. โขลกรากผักชี พริกขี้หนู และกระเทียมให้ละเอียด ใส่ชาม
3. เติมน้ำปลา น้ำมะนาว และน้ำตาลเล็กน้อย คลุกให้เข้ากัน พักไว้เป็นน้ำยำ
4. ล้างใบผักกาดหอม ตัดให้เป็นวงกลมเท่า ๆ กัน วางซ้อนกัน ก้านผักกาดหอมตัดเป็นเส้นเล็ก ๆ สำหรับมัด
5. ย่างไก่บนไฟแรงจนสุกนุ่ม แต่ไม่แห้งแข็ง หั่นเป็นชิ้นเล็ก ๆ
6. คลุกไก่กับน้ำยำที่เตรียมไว้ ใส่หอมหัวเล็ก หอมใหญ่ และตะไคร้ ซอย ปรับรสตามชอบ อย่าให้แฉะ
7. ตักไก่ยำลงในใบผักกาดหอม มัดก้านเป็นกะทง
8. โรยผักชีซอยและถั่วลิสงทอดกรอบ"
12,กล้วยบวชชี,"1. คั้นกะทิจากมะพร้าวขูดแล้วกรองด้วยผ้า
2. แบ่งหัวกะทิครั้งแรกใส่ชามเก็บไว้ ส่วนกะทิครั้งที่ 2–3 ใส่หม้อสำหรับต้ม
3. ใส่กล้วยลงในหม้อกะทิ ตั้งไฟพอเดือดและกล้วยสุก
4. เติมหัวกะทิที่เก็บไว้ ปรุงรสด้วยเกลือและน้ำตาลตามชอบ
5. ตักใส่ชาม โรยถั่วคั่ว

**หมายเหตุ** วิธีคั่วถั่ว ใช้ถั่วทองหรือถั่วเขียว ล้างให้สะอาด ซาวให้หมดผงดำ สงขึ้นจากน้ำใส่กะทะคั่วให้เหลือง (อย่าให้ถึงเปลือกดำ) ใส่ครก ใช้ลูกครกคนให้แตกเป็น 2 ซีก ตักใส่ตะแกรงหรือจาน ฝัดให้เปลือกออกจนหมด"
13,แกงคั่วฟักทองกับกุ้งตะเข็บ,"1. ปอกฟักทอง หั่นเป็นชิ้น ล้างให้สะอาด พักไว้
2. กุ้งปอกเปลือก ผ่าหลังเอาเส้นดำออก (สำหรับกุ้งตัวเล็กที่เลือกไว้โขลกรวมกับน้ำแกง)
3. แช่พริกแห้งในน้ำสักครู่ บีบน้ำออก
4. โขลกพริกแห้ง ข่า ตะไคร้ และเกลือให้ละเอียด ใส่หัวหอม กะปิ และกระเทียม โขลกต่อจนละเอียด
5. ใส่กุ้งตัวเล็ก (หรือปลาย่าง/กุ้งแห้งตามส่วนผสม) ลงโขลกผสม
6. คั้นกะทิใส่หม้อ ตั้งไฟพอเดือดและคนไม่ให้เป็นลูกกะทิ
7. ตักหัวกะทิใส่กะทะ ตั้งไฟ ใส่น้ำพริกโขลกผัดให้หอม
8. นำหัวกะทิและน้ำพริกใส่หม้อกะทิใหญ่ คนให้เข้ากัน
9. ใส่ฟักทอง ปิดฝาต้มจนเดือดและฟักทองสุก
10. ปรุงรสด้วยน้ำปลา ชิมรสตามชอบ
11. ใส่กุ้งตะเข็บที่เตรียมไว้ ต้มจนสุกทั่ว ใช้ได้"
14,ไส้กรอกหมู,"##เตรียมเครื่องน้ำพริก:
1. ฉีกพริกแห้ง ลอกเมล็ด ล้างสะอาด
2. ปอกและหั่นหัวหอม กระเทียม ข่า ตะไคร้
3. โขลกพริกแห้ง ข่า ตะไคร้ หัวหอม กระเทียม รากผักชี และเกลือให้ละเอียด
4. ใส่ถั่วยี่สงคั่วเป็นขั้นตอนสุดท้ายเมื่อเครื่องอื่นละเอียดแล้ว

##เตรียมส่วนผสมไส้:
1. หั่นเนื้อหมู มันหมู และเนื้อปูทะเล/กุ้งให้เป็นชิ้นสม่ำเสมอ
2. ต้มมันแกวหรือฟักเขียวให้สุก แล้วหั่นเป็นฝอย
3. ผสมเนื้อหมู มันหมู ปู/กุ้ง มันแกว และน้ำพริกในอ่างใหญ่
4. คั้นกะทิครั้งที่ 1–2 ผสมลงในอ่าง คนให้เข้ากัน
5. เติมหัวกะทิผสมละลายน้ำพริก ปรุงรสด้วยน้ำปลาเล็กน้อย
6. ต่อยไข่ลงไป คนให้เข้ากัน
7. โรยต้นหอมและผักชีซอย คลุกให้ทั่ว

##บรรจุไส้:
1. ล้างไส้หมูให้สะอาด แช่น้ำเล็กน้อย ตัดเป็นท่อนสั้น ๆ
2. ใช้กรวยบรรจุไส้ จับปลายไส้เข้ากับกรวย สอดหมูผสมเข้าไปจนเต็ม
3. อย่าใส่แน่นหรือหลวมเกินไป ผูกหัวท้ายไส้ให้เรียบร้อย

##การนึ่งและปิ้ง:
1. นึ่งไส้กรอกจนสุกพอประมาณ ผึ่งให้แห้ง
2. ปิ้งบนตะแกรงห่างไฟ 18–19 ซม. ค่อย ๆ กลับไส้จนเกรียม
3. ใช้ใบตองสดคลุมและโรยกากมะพร้าวทีละน้อย ป้องกันไฟลุก
4. เมื่อไส้กรอกเหลืองทั่วและน้ำด้านในแห้ง สามารถเพิ่มไฟเล็กน้อยจนสุกกรอบ

**หมายเหตุ** จะใช้อบแทนวิธีปิ้งก็ได้ แต่ต้องใช้ไฟอ่อนมากประมาณ 1 ชั่วโมง แล้วค่อย ๆ เพิ่มไฟทีละน้อยจนกระทั่งเกรียม"
15,เมี่ยงปลาทู,"1. นำปลาทูนึ่งหรือปลาชนิดอื่นมาทอดให้หอม จากนั้นลอกหนังออกและแกะเนื้อให้หมดก้าง แล้วบี้เนื้อปลาให้กระจายเป็นชิ้นเล็ก ๆ (แต่ไม่ต้องละเอียดจนเกินไป)
2. ถ้าปลาไม่เค็ม ให้เติมเกลือป่นเล็กน้อยตามชอบ แล้วบีบมะนาวโรยให้ทั่ว เคล้าให้เข้ากัน
3. หากส่วนผสมออกมาแฉะเกินไป ให้ใส่ผงขนมปังหรือข้าวคั่วเพื่อดูดความชื้น
4. ใส่เนื้อหมูต้มที่หั่นไว้ เนื้อส้มซ่า ขิงสด และหัวหอมซอย คลุกเคล้าให้เข้ากัน
5. ชิมรสชาติให้ออกเปรี้ยวและเค็ม ไม่ต้องใส่น้ำตาล
6. จัดใส่จาน โรยด้วยถั่วลิสงคั่วหั่นครึ่ง โรยผักชี และพริกสดป่น รับประทานคู่กับใบทองหลางอ่อนหรือผักกาดหอม"
16,นกพิราบตุ๋น,"1. ขูดผิวฟักเขียวออก แกะสลักลวดลายบาง ๆ ฝานปลายเพื่อให้ตั้งได้ ตักไส้ในออกและขูดให้เกลี้ยงแต่ไม่บางจนเกินไป
2. ลอกเอ็นถั่วออก ล้างแครอทให้สะอาด (หรือหัวผักกาดขาวถ้าใช้แทน)
3. ต้มน้ำใส่เกลือเล็กน้อย พอน้ำเดือด ใส่ถั่วและแครอทลงต้มจนสุก (ห้ามปิดฝา)
4. ปอกหอมหัวใหญ่แล้วหั่นตามยาวเป็นเสี้ยว ไม่บางเกินไป
5. หั่นถั่วเป็นชิ้นเล็ก ๆ ขนาดเท่าเมล็ดถั่วกระป๋อง
6. หั่นแครอทเป็นสี่เหลี่ยมลูกบาศก์ขนาดใหญ่กว่าถั่วเล็กน้อย
7. ถอนขนนกพิราบ ผ่าท้องควักไส้ออก ล้างให้สะอาด ตัดหัวและเท้าออก ขัดปีก คอ และขาให้สะอาดดูน่ารับประทาน
8. ใส่นกพิราบและผักที่เตรียมไว้ลงในภาชนะ โรยเกลือและพริกไทยเล็กน้อย
9. วางภาชนะในลังถึง นึ่งประมาณ 1 ชั่วโมง โดยไม่ต้องปิดฝา
10. ยกขึ้นแล้วจัดใส่ลงในผลฟักเขียว เติมซีอิ๊วขาวและผงปรุงรส ชิมรสให้ออกเค็มกลมกล่อม
11. นึ่งต่ออีก 30–45 นาที จนฟักเขียวสุกพอดี
12. ตักเสิร์ฟทั้งในผลฟักเขียวพร้อมน้ำซุปหอม ๆ"
17,ปลากุเลาทอดปรุงหน้า,"1. ล้างปลากุเลาให้สะอาด ขูดขี้เกลือออก บั้งเนื้อปลาเป็นลายสี่เหลี่ยมเฉียงไปมา
2. ใส่น้ำมันหมูลงกระทะ ตั้งไฟกลางให้ร้อน ทอดปลากุเลาจนสุกเหลืองกรอบ แล้วตักขึ้นพักไว้บนจาน
3. ตักน้ำมันออกจากกระทะให้เหลือประมาณ 2 ช้อนโต๊ะสำหรับผัดกุ้ง
4. ล้างกุ้ง ปอกเปลือก แล้วสับเนื้อกุ้งให้ละเอียด
5. ใส่กุ้งสับและหัวหอมหั่นลงในกระทะ ผัดจนสุกหอม
6. ปรุงรสด้วยน้ำส้มสายชู 1 ช้อนโต๊ะ และน้ำตาล 1 ช้อนชา ผัดให้เข้ากัน
7. ตักส่วนผสมกุ้งที่ผัดแล้วราดบนชิ้นปลากุเลาที่ทอดไว้
8. โรยหน้าด้วยผักชีหั่นและพริกชี้ฟ้าเหลืองหั่นเส้น"
18,ห่อหมกหอยแมลงภู่,"1. ล้างหอยแมลงภู่ให้สะอาด พักให้สะเด็ดน้ำ
2. โขลกพริกแห้ง ตะไคร้ ข่า ผิวมะกรูด รากผักชี หอม กระเทียม พริกไทย เกลือ และกะปิ ให้ละเอียดเป็นน้ำพริกเครื่องปรุง
3. หั่นกะหล่ำปลีเป็นเส้นฝอยยาว 2 ซม. ลวกในน้ำเดือดพอสุก บีบน้ำออกให้แห้ง
4. แบ่งหัวกะทิ 1 ถ้วย ตั้งไฟกลาง คนให้เดือดเล็กน้อย แล้วพักไว้สำหรับหยอดหน้าห่อหมก
5. ผสมกะทิข้น 2 ถ้วยกับน้ำพริกเครื่องปรุง คนให้เข้ากัน
6. ใส่กะหล่ำปลีลวกลงไป คนให้เข้ากับน้ำพริกกะทิจนข้น
7. ปรุงรสด้วยน้ำปลา 1–2 ช้อนโต๊ะ ตามชอบ
8. ใส่หอยแมลงภู่ลงไป ต่อยไข่เป็ดใส่ คนด้วยส้อมเบา ๆ แค่พอเข้ากัน (อย่าคนนานเกินไป)
9. เด็ดดอกโสน ใส่พร้อมใบโหระพารองก้นถ้วยหรือใบตองที่เตรียมไว้
10. ตักส่วนผสมห่อหมกใส่ลงในภาชนะที่รองไว้
11. หยอดหน้าด้วยหัวกะทิที่เคี่ยวไว้
12. โรยหน้าด้วยต้นหอม ผักชี ใบมะกรูดหั่นฝอย และพริกแดงหั่นเส้น
13. นำไปนึ่งด้วยไฟแรงประมาณ 15 นาที หรือจนสุกหอม

**หมายเหตุ** เวลากวน กวนมากไม่ดี นึ่งนานเกินไป น้ำจะออกมาทำให้ไม่อร่อย"
19,งบไก่,"1. โขลกเครื่องน้ำพริก (หอมแดง กระเทียม พริกแห้ง ข่า ตะไคร้ รากผักชี พริกไทย เกลือ และน้ำเคย) ให้ละเอียด
2. ล้างไก่ให้สะอาด เราะเอาเฉพาะเนื้อ แล้วหั่นบาง ๆ เป็นชิ้นขวางเส้นเนื้อ
3. คั้นมะพร้าวให้ได้หัวกะทิ 2 ถ้วยตวง แบ่งออกมา 4 ช้อนโต๊ะไว้สำหรับแต่งหน้า
4. ตั้งหัวกะทิ 4 ช้อนโต๊ะบนไฟอ่อน ๆ กวนจนข้น พักไว้
5. กะทิที่เหลือผสมกับเนื้อไก่ เติมเครื่องน้ำพริกที่โขลกไว้ คนให้เข้ากัน
6. ตอกไข่ไก่ 2 ฟองลงไป คนเบา ๆ ให้ส่วนผสมเข้ากัน
7. ปรุงรสด้วยน้ำปลาเพิ่มเล็กน้อย ชิมให้ได้รสเค็มมัน
8. เตรียมใบตองซ้อนกัน 4 ชั้น พับเป็นกรอบสี่เหลี่ยม
9. วางใบโหระพาที่เด็ดไว้ลงก้นใบตอง ตักส่วนผสมไก่วางทับ
10. หยอดหัวกะทิที่กวนข้นไว้ แต่งหน้าด้วยใบมะกรูดซอย ผักชี และพริกแดงหั่นฝอย
11. ห่อเป็นสี่เหลี่ยมแบน ๆ วางบนตะแกรง ปิ้งด้วยไฟกลาง กลับด้านละ 15 นาทีจนสุกหอม"
20,ไข่กระจัง,"1. ต้มไข่จืด 15 นาทีแล้วแช่น้ำเย็น
2. ผ่าไข่เป็น 4 เสี้ยว แล้วตัดกลางเป็น 8 ส่วน
3. หั่นเนื้อหมูปนมันเป็นชิ้นเล็กประมาณ 3 ซม. แล้วสับให้ละเอียด
4. ล้างพริกแล้วปอกเปลือก
5. โขลกเครื่องปรุงเผา ได้แก่ หอม กระเทียม ข่า รากผักชี พริก และถั่วเขียวคั่วให้ละเอียด
6. คั้นกะทิข้น ๆ ใส่หม้อ ตั้งไฟเคี่ยวจนแตกมันเป็นขี้โล้
7. ใส่เครื่องปรุงที่โขลกไว้ลงในกะทิ คนจนเป็นน้ำมัน ปรุงรสด้วยน้ำเคย มะขามเปียก น้ำตาล และเกลือให้ได้รสเค็ม เปรี้ยว หวาน
8. นวดหมูสับผสมมันหมู ปนเครื่องปรุง 1-2 ช้อนโต๊ะ ให้เข้ากันดี แล้วปั้นเป็นวงกลมพอเหมาะ
9. นึ่งวงหมูนึ่งจนสุก
10. ปอกกระเทียมดิบ ทุบสับแล้วเจียวในน้ำมันจนสีเหลืองนวล
11. ปอกมันฝรั่ง หั่นเป็นแผ่นบาง ล้างน้ำเกลือแล้วทอดให้กรอบ
12. ผัดถั่วพูที่หั่นไว้ให้สุกนุ่ม

##วิธีจัด:
1. ตักวงหมูนึ่งลงก้นจานก้นลึก
2. ราดเครื่องปรุงที่ผัดไว้ให้ทั่ววงหมู
3.โรยกระเทียมเจียวให้ทั่ว
4. วางถั่วพูผัดไว้ตรงกลางวงหมู
5.วางไข่ต้มที่ผ่าแล้วรอบวงหมูให้ปลายแหลมขึ้น
6. ประดับมันฝรั่งทอดรอบขอบจานให้สวยงาม"
21,หน้าตั้งแขก,"1. ฉีกพริกแห้ง ล้างให้สะอาด โขลกกับเกลือและเครื่องในคั่วให้ละเอียด
2. ใส่ถั่วลิสงและขมิ้น โขลกต่อจนละเอียด
3. ล้างไก่อ่อนและเลาะกระดูกออกให้หมด หั่นเป็นชิ้นสี่เหลี่ยมขนาดพอดี
4. คั้นกะทิจากกระดูกไก่และนำไปตั้งไฟจนแตกมัน
5. ผัดน้ำพริกในกระทะให้หอม แล้วใส่ไก่ลงผัดให้เข้ากัน
6. เติมกะทิที่เหลือ ปรุงรสด้วยน้ำปลาและน้ำตาลตามชอบ

##วิธีทำโรตี:
1. ผสมแป้งสาลี น้ำ และเกลือเล็กน้อย นำมาทำเป็นฝอยทองด้วยกรวย
2. ใส่กะทะร้อนพอสุก จัดซ้อนบนใบตองสำหรับรับประทานพร้อมหน้าตั้ง
3. เวลาจะรับประทาน ให้เอาแป้งโรตีห่อหน้าตั้ง หรือใช้ข้าวตังทอด ข้าวเกรียบทอด ขนมปังทอดจิ้มตามชอบ

**หมายเหตุ** ตำรับนี้ เจ้าของหวงมาก ไม่ยอมบอกใครเลย คนที่ทำหน้าตั้งนี้เป็นคนสนิทของเจ้าของ สั่งไม่ให้บอกใคร คนที่ทำเขาได้สายบานไว้จึงไม่สามารถบอกได้ แต่ได้แสดงวิธีทำให้ดู จึงได้ตำรับนี้มา"
22,ยำปลาหมึกสด,"1. หั่นปลาหมึกเป็นริ้วเฉียงยาว ตั้งน้ำให้เดือดแล้วลวกปลาหมึกที่หั่นไว้เพียงครู่ จากนั้นราดน้ำเย็นเพื่อให้ปลาหมึกกรอบ
2. เตรียมผักต่าง ๆ: แตงกวาหั่นตามขวาง, หัวผักกาดขาวหั่นฝอย ขยำเกลือแล้วล้างน้ำ, คึ่นฉ่ายตัดเป็นท่อน, มะเฟืองหั่นบาง ๆ, สับปะรดหั่นบาง ๆ
3. จัดผักทั้งหมดให้งดงามในจานเปล
4. หั่นหัวผักกาดเค็มเป็นฝอย ล้างน้ำอุ่นเพื่อลดความเค็ม
5. วางปลาหมึกลงตรงกลางจาน
6. โรยหัวผักกาดเค็มฝอยและงาคั่วบนปลาหมึก เสิร์ฟพร้อมน้ำจิ้ม

**หมายเหตุ** น้ำจิ้ม ตำกระเทียมกับเกลือ ผสม น้ำตาลทราย น้ำปลาดีและมะนาว ปรุงรสตามชอบ"
23,ฟักตุ๋น,"1. ล้างไก่ให้สะอาด แล่เอาแต่เนื้อสับให้ละเอียด
2. ต้มน้ำซุปด้วยกระดูกไก่ 5 ถ้วยชา เคี่ยวจนเหลือ 2 ถ้วยชา
3. ต้มหัวแครอทในน้ำซุปแล้วหั่นเป็นสี่เหลี่ยมลูกบาศก์ขนาด 1 เซนติเมตร
4. โขลกพริกไทยกับกระเทียมให้ละเอียด
5. ผสมแป้งสาลีกับเนื้อไก่สับ นวดจนเข้ากันดี
6. ใส่พริกไทยกับกระเทียมที่โขลกไว้ น้ำเคยดี และน้ำตาล เคล้าให้เข้ากันดี
7. ใส่หัวแครอทต้มและถั่วกระป๋อง ผสมให้ทั่ว
8. ปอกฟัก ล้างให้สะอาด คว้านไส้ออกให้เกลี้ยงโดยไม่ให้ก้นทะลุ
9. บรรจุเนื้อไก่ที่ผสมไว้ลงในฟักให้เต็ม ส่วนที่เหลือปั้นเป็นลูกชิ้นกลมเตรียมไว้
10. กรองน้ำซุปใส่ภาชนะที่ใช้ตุ๋น
11. ใส่ฟักลงตุ๋นประมาณ 1 ชั่วโมงจนสุก
12. เปิดฝาใส่ลูกชิ้นที่เตรียมไว้ ปิดฝาตุ๋นต่อจนลูกชิ้นสุกดี
13. ตักฟักตุ๋นและลูกชิ้นใส่ภาชนะจัดเสิร์ฟตามต้องการ"
24,ยำถั่วพู,"1. ต้มน้ำใส่เกลือเล็กน้อยในหม้อจนเดือดพล่าน
2. ใส่ถั่วพูลงต้มจนสุก ตักขึ้นแล้วหั่นขวางฝักบาง ๆ
3. ปอกกุ้งผ่าสองซีก หั่นตัวตามขวางเป็นชิ้นเล็ก แกะหัวออก รีดมัน ฉีกเนื้อส่วนหัวและส่วนอ่อน ๆ ของเหงือกรวมกัน
4. สับเนื้อส่วนหัวให้ละเอียด ผสมกับเนื้อกุ้งตัว
5. ตั้งกะทะบนไฟ รวนกุ้งผสมมันกุ้งจนพอสุก ตักขึ้นอย่าให้แห้ง
6. ใส่ถั่วพูลงจาน โรยมะพร้าวคั่ว
7. ละลายน้ำพริกเผากับน้ำปลา น้ำตาล และมะนาว ชิมรสตามชอบ
8. ก่อนเสิร์ฟคลุกถั่วพูและกุ้งกับน้ำพริกเผาที่ละลายไว้จนเข้ากัน

**หมายเหตุ** ยำชนิดนี้จะใช้ถั่วฝักยาวแทนถั่วพูก็ได้"
25,ซอสมะเขือเทศซุป,"1. ตั้งหม้อบนไฟ ใส่เนยให้ละลาย
2. ใส่หอมใหญ่สับลงผัดจนสุกนุ่ม
3. ใส่แป้งสาลีลงผัดให้เข้ากัน
4. ค่อย ๆ เติมน้ำทีละน้อย คนจนแป้งละลายหมด
5. ใส่มะเขือเทศขวด คนให้เข้ากัน
6. ชิมรส ปรุงให้เปรี้ยวหวานตามชอบ หากซอสข้นเกินไปสามารถเติมน้ำให้พอดี"
26,ปลาทูชุบแป้งทอด,"1. แช่ปลาทูสดในน้ำเกลือ (เกลือ 2 ช้อนโต๊ะ + น้ำ 1 ถ้วย) ประมาณ 20 นาที
2. นำปลาขึ้นพักประมาณ 25 นาทีจนเย็น
3. แกะเนื้อปลาออกเป็น 2 ซีก ต่อเนื้อที่เหลือกระดูกเล็กออกให้หมด วางหงายทางเนื้อขึ้นทั้ง 12 ซีก
4. ผสมกุ้งสับละเอียดกับไข่ 1 ฟอง เกลือ และพริกไทยให้เข้ากัน
5. ทาลงบนปลาที่แกะแล้วให้ทั่ว
6. โรยใบผักชี 2 ช่อ กดพอให้ติดกับกุ้ง
7. ชุบปลาที่เตรียมไว้ในแป้งสาลีและแป้งมัน
8. ทอดในน้ำมันร้อนจนเหลืองกรอบ

##วิธีผสมแป้งสำหรับชุบ:
1. ตีไข่ 1 ฟองให้ฟู
2. ใส่แป้งสาลี 4 ช้อนโต๊ะ คนเบา ๆ ให้เข้ากันดี"
27,บะหมี่ทรงเครื่อง,"1. ลวกเส้นบะหมี่ในน้ำเดือดจนสุก ตักขึ้นสะเด็ดน้ำใส่จานเตรียมไว้
2. ต้มเนื้อหมูจนสุก ใช้น้ำที่ต้มละลายแป้งมัน 1 ช้อนโต๊ะ เตรียมไว้
3. หั่นเต้าหู้เหลืองเป็นชิ้นเตรียมไว้
4. หั่นหัวผักกาดเค็มเป็นชิ้นเล็ก ๆ
5. ผ่ากุ้งแห้งซอยเล็ก ๆ
6. ปิ้งปลาหมึกแห้งจนหอมแล้วฉีกเป็นชิ้นเล็ก
7. เจียวกระเทียมสับพอเหลือง ใส่ปลาหมึกที่เตรียมไว้ลงผัดพอสุก
8. หั่นไข่เป็ดเป็นแผ่นบาง ๆ แล้วหั่นฝอย
9. ล้างและหั่นใบคึ่นช่าย ใบหอม ผักซี เตรียมไว้โรยหน้า
10. ผสมแป้งมันที่ละลายกับน้ำต้มหมูและผงซูรสลงในกะทะหลังจากทอดปลาหมึกจนเป็นน้ำข้น ๆ
11. ราดน้ำแป้งมันผสมเครื่องปรุงลงบนเส้นบะหมี่ที่เตรียมไว้
12. โรยหน้าด้วยเต้าหู้ เนื้อหมู ไข่ฝอย หัวผักกาดเค็ม ถั่วลิสงคั่ว ใบคึ่นช่าย ผักซี ใบหอม และพริกชี้ฟ้า
13. รับประทานพร้อมปรุงรสด้วยน้ำปลา น้ำส้มสายชู และน้ำตาลตามชอบ"
28,มะตูมเชื่อม,"1. ปอกเปลือกมะตูมอ่อนออก ผ่าครึ่งตามขวางหรือยาวตามชอบ
2. แช่มะตูมในน้ำปูนใสสักพักเพื่อลดความเปรี้ยวและความฝาด
3. นำมะตูมขึ้นล้างในน้ำเย็น ฝานเอารัง เมล็ด และยางออกให้หมด
4. ใส่มะตูมลงในหม้อน้ำตาลทรายกับน้ำ เคี่ยวไปจนเหนียวเหมือนยางของมะตูม
5. ห้ามคน ใช้ไม้เขี่ยเบา ๆ และเอียงหม้อให้น้ำตาลคลุมมะตูมทั่ว"
29,สังขยา,"1. ต่อยไข่ใส่ภาชนะ คั้นหัวกะทิกรองด้วยผ้าขาวบาง
2. ผสมน้ำตาลกับหัวกะทิและไข่ ขยำให้เข้ากันจนขึ้นฟู ประมาณ 30 นาที
3. กรองส่วนผสมอีกครั้งเพื่อละเอียดขึ้น
4. ตักใส่ถาด ใส่ลังถึงยกขึ้นตั้งบนหม้อที่น้ำเดือด ปิดฝานึ่ง 45 นาที
5. ยกลง รอจนเย็น ใช้สังกะสีหรือทองเหลืองแผ่นบาง ๆ ตัดสังขยาเป็นคำ ๆ

**หมายเหตุ** สังขยาที่ปรุงตามส่วนที่กล่าวนี้ คือสังขยาที่ใช้ตัดรับประทานเป็นคำ ๆ การทำสังขยา ถ้าใช้ตีขึ้นไม่ดีเหมือนขยำด้วยใบตองล้างสะอาดแล้วฉีกเป็นริ้ว ๆ เพราะตีทำให้ใยของไข่ขาด หน้าสังขยาไม่ย่น"
30,กุ้งแห้งปรุงขิง,"1. ล้างกุ้งแห้งให้สะอาด ผึ่งให้หมาดแล้วทอดในน้ำมันร้อนจนเหลืองกรอบ
2. ใส่กุ้งทอดลงในภาชนะเตรียมไว้
3. โรยขิงซอยที่ล้างสะอาดและสะเด็ดน้ำแล้วลงบนกุ้ง
4. โรยกระเทียมซอยละเอียดตามลงไป
5. ผสมน้ำปลา น้ำมะนาว และน้ำตาล (ถ้าใช้) ราดลงบนกุ้งและขิงก่อนรับประทาน
6. โรยพริกเหลืองซอยเพื่อแต่งหน้าและเพิ่มรสเผ็ดเล็กน้อย"
31,แกงเผ็ดน้ำมันหมู,"1. โขลกเครื่องแกงให้ละเอียดพร้อมข้าวเบือ กะชาย และหัวหอมเล็ก
2. ตั้งน้ำมันหมูในหม้อหรือกะทะ ใส่น้ำพริกประมาณ 1 ช้อน ผัดจนหอม
3. ใส่ฟักทองลงผัดพอสมควร
4. ใส่เนื้อสัตว์ลงผัดจนเริ่มสุก
5. เติมน้ำพอเหมาะ ปิดฝาให้เดือดจนฟักทองและเนื้อสุก
6. ปรุงรสตามชอบ ชิมให้ได้รสจัด
7. ใส่พริกสดและใบกะเพรา ปล่อยให้เดือดทั่วแล้วปิดไฟ
8. จัดเสิร์ฟพร้อมใบมะกรูดเพื่อเพิ่มกลิ่นหอม"
32,ผัดต้นผักกาดดอง,"1. ตั้งน้ำมันหมูในกะทะ พอน้ำมันร้อนใส่กระเทียมทุบลงไปผัดจนหอม
2. ใส่ผักกาดดองลงผัดจนหายแฉะ
3. ใส่หมูลงผัดจนสุกทั่ว
4. เกลี่ยผักกาดให้แผ่เต็มกะทะ ต่อยไข่ลงไปเขี่ยให้ไข่แดงและไข่ขาวปนกันทั่ว พอไข่สุกกลับผัดให้เข้ากัน
6. โรยน้ำตาลทรายตามชอบ ผัดให้ทั่วอีกครั้งแล้วจัดเสิร์ฟ"
33,ยำขมิ้นขาวกับกุ้งเค็ม,"1. ล้างขมิ้นขาวให้สะอาด หั่นเป็นแฉลบบาง ๆ
2. ปอกเปลือกกุ้งเค็มหรือตัดหัวตามชอบ แล้วผสมกับขมิ้นขาว
3. ซอยกระเทียมและพริกขี้หนู พริกเหลือง ผสมลงไปกับขมิ้นและกุ้งเค็ม
4. บีบมะนาว ใส่น้ำปลาดี บุบพริกให้เข้ากัน
5. คนให้เข้ากันจนทั่ว ชิมรส ถ้าชอบหวานเติมน้ำตาลเล็กน้อย
6. ตักใส่ภาชนะพร้อมเสิร์ฟ"
34,เกี๊ยวกุ้ง,"1. นำกุ้งไปบดให้ละเอียด ผสมกับเหล้าจีน น้ำมันงา ผงปรุงรส และพริกไทย คลุกให้เข้ากัน หมักไว้ 10 นาที
2. นำหมูเด้งบดแล้วผสมกับเหล้าจีน น้ำมันงา และพริกไทย คลุกให้เข้ากัน หมักไว้ 10 นาที
3. นำหัวกุ้งล้างสะอาด คั่วกับน้ำมันเล็กน้อยให้หอมและมันออก ใส่ลงไปในน้ำซุปพร้อมเล้งกระดูก กระเทียมทุบ รากผักชี พริกไทย น้ำกระเทียมดอง และเหล้าจีนประมาณ 4 ฝา ปรุงรสตามชอบ
4. ใช้ไส้กุ้งและหมูเด้งที่หมักแล้ว ห่อเป็นเกี๊ยว พร้อมต้มหรือทอดตามต้องการ

**หมายเหตุ** ใช้หัวกุ้ง ล้าง และนำมาคั่วกับน้ำมันนิดหน่อยให้หอมและมันในหัวกุ้งออก และใส่ลงไปในน้ำซุป น้ำซุปปรุงตามชอบ ใส่เล้งกระดูก กระเทียมทุบ รากผักชี พริกไทย น้ำกระเทียมดอง และใส่เหล้าจีนเพื่อความหอมสัก 4 ฝา"
35,ข้าวต้มน้ำวุ้น,"1. ซาวข้าวเหนียวให้สะอาดแล้วแช่น้ำประมาณ 1 ชั่วโมง
2. ล้างและเช็ดใบตองให้สะอาด พับเป็นรูปสามเหลี่ยม ตักข้าวเหนียวใส่ให้เต็ม ม้วนใบตองให้เป็นสามเหลี่ยมให้แน่นและใช้ไม้กลัดยึดให้แน่น
3. ใส่ข้าวเหนียวห่อใบตองลงในหม้อ ใส่น้ำพอท่วม ตั้งไฟเคี่ยว อย่าใช้ไฟแรง เคี่ยวประมาณ 2 ชั่วโมงจนข้าวสุกดี จากนั้นเช็ดน้ำให้แห้ง
4. ตวงน้ำตาลทรายและน้ำดอกไม้ใส่หม้อหรือกะทะทอง ตั้งไฟคนจนน้ำตาลละลายและเดือดเล็กน้อย ยกลง กรองด้วยผ้าขาวบาง พักไว้ให้เย็น
5. เวลาจะรับประทาน ตักข้าวเหนียวใส่ชาม ราดด้วยน้ำเชื่อมและใส่น้ำแข็งตามชอบ"
36,หมี่หน้าเนื้อ,"1. ลวกเส้นหมี่ให้สุกแล้วพักให้สะเด็ดน้ำ
2. ปอกหัวหอมแล้วหั่นบาง ๆ
3. ผ่ามะเขือเทศแล้วหั่นตามขวางเป็นชิ้นบาง ๆ
4. หั่นเนื้อเค็มต้มตามขวางเป็นชิ้นพอคำ
5. ตักน้ำมันหมูใส่กะทะ ตั้งไฟจนร้อน ใส่หัวหอมผัดพอหอมนุ่ม
6. ใส่เนื้อเค็มที่หั่นแล้ว ลงผัดพร้อมแป้งมันละลายน้ำประมาณ 1 ถ้วยชา และมะเขือเทศ ปรุงรสด้วยเกลือและพริกไทย ถ้าน้ำแห้งไป เติมน้ำเล็กน้อย
7. ตักเนื้อผัดขึ้น พักไว้ในกระทะบางส่วน
8. ใส่เส้นหมี่ที่ลวกไว้ลงในกระทะ เคล้าให้เข้ากับน้ำและเนื้อที่เหลือ ระวังอย่าให้เส้นขาด
9. โรยเนยแข็งป่นเล็กน้อย เคล้าให้ทั่วอีกครั้ง
10. ตักเส้นหมี่ใส่จาน ราดด้วยเนื้อที่ผัดไว้ให้ทั่ว โรยเนยแข็งป่นเพิ่มเติม
11. เสิร์ฟพร้อมน้ำส้มแช่พริกตามชอบ"
37,ขนมสาลี่โกโก้,"1. ตีน้ำตาลกับไข่ให้ขึ้นฟูจนเป็นสีขาวและเนื้อเบา
2. ใส่แป้งสาลีและโกโก้ลงไป เคล้าให้เข้ากันอย่างรวดเร็ว
3. เทส่วนผสมลงในถาดที่รองด้วยกระดาษแก้วธรรมดา (ไม่ใช่ใสแจ๋ว)
4. โรยลูกเกดบนหน้าขนมให้ทั่ว
5. นึ่งบนไฟแรงประมาณ 30 นาที
6. คว่ำหน้าถาดลงแล้วรีบลอกกระดาษแก้วออกทันที
7. หากใช้พิมพ์กลม ให้ปูกระดาษสูงกว่าขอบถาดเล็กน้อยเพื่อสะดวกในการยกขนมออก"
38,สาคูเปียก,"1. เลือกสาคูให้หมดผง ล้างน้ำและคนให้ผงลอยแล้วรีบรินน้ำทิ้งให้หมด
2. ใส่สาคูลงในกะทะพร้อมน้ำดอกไม้สด ยกขึ้นตั้งไฟ ต้มจนสาคูสุกและใส ไตขาวหมด
3. ใส่น้ำตาลทรายลงไป คนจนน้ำตาลละลายเข้ากันดีแล้วยกลง
4. คั้นหัวกะทิกรองด้วยผ้า ใส่เกลือเล็กน้อยแล้วเทใส่ถ้วยสำหรับรับประทาน

**หมายเหตุ** สาคูเปียกนี้จะใช้รับประทานกับถั่วดำต้มน้ำตาลก็ได้ โดยไม่ต้องใช้หัวกะทิ"
39,ห่อหมกไข่,"1. ฉีกพริกแห้งล้างให้สะอาด หั่นตะไคร้ ปอกหัวหอมและกระเทียม ขูดกะชาย ล้างและหั่นรวมเครื่องทั้งหมดใส่ครกโขลกจนละเอียด
2. ตักน้ำใส่หม้อตั้งไฟจนเดือดพล่าน ปอกและผ่าปลีกล้วยใส่ลงตุ๋น ปิดฝาพอสุก ใช้ได้ ตักขึ้นผ่าเป็น 4 เสี้ยว แล้วหั่นตามขวางขนาด 2 เซนติเมตร
3. คั้นหัวกะทิข้น ๆ ตักใส่ภาชนะเล็ก ๆ ตั้งไฟสัก 4 ช้อนโต๊ะ คอยคนจนเดือด เก็บไว้หยอดหน้า ส่วนที่เหลือใส่อ่างสำหรับกวนห่อหมก
4. ใส่หัวปลีที่หั่นไว้ลงในอ่างกะทิ บีบน้ำให้แห้งแล้วคนพอทั่ว ใส่น้ำพริกที่โขลกไว้ลงกวนจนเข้ากัน
5. ต่อยไข่เค็มลงชาม แยกไข่แดงและไข่ขาว ผ่าไข่แดงเป็นลูกละ 8 ชิ้น นวดไข่ขาวกับแป้งข้าวจ้าวให้เข้ากัน ใส่ลงคนกับหัวปลีพร้อมไข่แดงและไข่จืด คนเบา ๆ พอเข้ากัน
6. ชิมรส ถ้ายังไม่เค็มเติมน้ำเคยดีตามชอบ
7. เย็บกระทง 5 มุม รอบปากขนาดเส้นผ่าศูนย์กลาง 10 เซนติเมตร
8. หั่นใบยอเล็ก ใส่ก้นกระทง ตักห่อหมกใส่ให้เต็ม ราดหัวกะทิ หั่นใบมะกรูด ต้นหอม ผักชีโรยตามชอบ"
40,แกงยา,"1. ล้างพริกแห้ง แช่น้ำพอให้นุ่ม จากนั้นโขลกให้ละเอียด
2. ใส่หัวหอม ปลากุเลาเค็ม กะปิ ไพล และน้ำลงโขลกให้เข้ากัน จากนั้นตั้งไฟจนเดือด
3. ล้างใบชะพลูให้สะอาด หั่นฝอยละเอียดใส่ลงในชามแกง
4. ตักน้ำแกงจืดเดือด ๆ ใส่ชามแกง น้ำแกงจะใสกว่าน้ำยาปกติเล็กน้อย รับประทานร้อน ๆ"
41,เนื้อเครื่องเทศทอด,"1. ล้างลูกผักชี ยี่หร่า และพริกไทย คั่วให้หอม แล้วป่นพอหยาบ
2. โรยเครื่องเทศที่ป่นบนเนื้อโค ใส่น้ำปลา เคล้าจนเข้ากันและน้ำปลาซึมเข้าเนื้อ
3. ใส่น้ำมันหมูลงในกะทะ ตั้งไฟให้ร้อนจัด ใส่เนื้อลงทอดจนพอสุก รีบกลับด้าน
4. ผสมน้ำส้มกับน้ำตาลแล้วราดลงบนเนื้อ รีบคลุกให้เข้ากันแล้วตักขึ้นใส่จาน

**หมายเหตุ** ทำเนื้อชนิดนี้ต้องระวังอย่าให้สุกมากเกินไป"
42,ขนมต้มแดง,"1. ใช้น้ำผสมกับแป้งข้าวเหนียว นวดจนแป้งนุ่ม ปั้นเป็นก้อนกลมขนาด 1 เซนติเมตร แล้วกดให้แบน
2. ตักน้ำใส่กะทะ ตั้งไฟจนเดือด ใส่แป้งที่ปั้นไว้ลงต้ม พอแป้งลอย ตักขึ้นล้างน้ำเย็น
3. เคี่ยวน้ำตาลกับน้ำดอกไม้สดจนละลายแล้วกรองด้วยผ้าขาวบาง
4. ใส่มะพร้าวลงในน้ำตาลที่เคี่ยวไว้ กวนจนเหนียว แล้วใส่แป้งที่ต้มแล้วลงคนให้ทั่ว
5. ตักใส่จาน โรยถั่วเขียวหรือถั่วทองคั่วด้านบน"
43,ปลาอบ,"1. ล้างปลาจนหมดเมือก แล่ผ่าปลาตามยาวออกเป็นสองซีก เอาไส้ออก ล้างด้วยน้ำผสมมะนาวให้สะอาด แล้ววางลงในภาชนะที่ทาด้วยน้ำมันหมูให้เกล็ดปลาอยู่ข้างบน
2. โขลกขิงกับกระเทียมให้ละเอียด ใส่เต้าเจี้ยวและหอมหัวใหญ่ บุบจนเข้ากัน ตักส่วนผสมลงภาชนะปลา
3. ผสมน้ำพริกเผา น้ำปลา ซีอิ๊วขาว น้ำตาลทราย และมันหมู เคล้าให้เข้ากัน ตักเกลี่ยลงบนตัวปลาให้ทั่ว
4. เทน้ำชุบกระดูกไก่ลงไปข้างตัวปลา อบในเตาอบใช้ความร้อน 450 ดีกรี ประมาณ 1 ชั่วโมงจนหนังปลากรอบหอม
5. จัดปลาใส่จาน เสิร์ฟพร้อมน้ำจิ้มที่ประกอบด้วยน้ำส้ม พริกไทยป่น น้ำตาล เกลือ กระเทียมหั่นละเอียด ผักชีทั้งก้านและใบหั่นละเอียด"
44,ตับตุ๋น,"1. ผสมตับหมูบด เนื้อหมูบด และกะหล่ำปลีสับละเอียดเข้าด้วยกัน ปรุงรสด้วยเกลือป่น พริกไทยป่น และลูกจันทน์ป่น คนให้เข้ากันดี
2. ทาเนยที่ภาชนะสำหรับนึ่งหรือพิมพ์แก้วให้ทั่วค่อนข้างหนา
3. ตักส่วนผสมทั้งหมดลงในพิมพ์หรือภาชนะที่เตรียมไว้ นึ่งประมาณ 20 นาที
4. นำออกจากพิมพ์ จัดใส่ภาชนะ ตกแต่งด้วยหัวผักกาดแดงและหัวผักกาดเหลืองหั่นฝอยต้มจนเปื่อย รับประทานร้อน ๆ"
45,ไก่หยอง,"1. ใส่เนื้อไก่ที่ต้มซุปลงในกะทะทองหรือกะทะดินเผา
2. เติมซีอิ๊วขาวและน้ำตาลลงไป พร้อมน้ำเล็กน้อยพอให้เนื้อแฉะ
3. คนและยีเนื้อไก่ด้วยพายไม้หรือช้อนไม้ให้เนื้อแตกเป็นปุย
4. ตั้งไฟอ่อน คอยคนไปเรื่อย ๆ จนเนื้อไก่แห้งกรอบ และรสชาติหวานเค็มพอดี
5. ปิดไฟ ยกลง เตรียมใช้เป็นเครื่องปรุงหรือรับประทานคู่ข้าวเหนียว"
46,สลัดหมูกรอบ,"1. เช็ดเนื้อหมูให้สะอาดด้วยผ้าชุบน้ำบิดหมาด ทาเกลือและพริกไทยให้ทั่ว
2. ตั้งน้ำมันหมู 1 ช้อนโต๊ะในกะทะ พอร้อน ใส่เนื้อหมูลงทอดโดยใช้ผ้าปิดไว้ ระวังพอเหลืองกลับอีกด้าน
3. หั่นหัวหอมบาง ๆ แล้วเขี่ยก้อนหมูออกข้างกะทะ ใส่หัวหอมลงเจียวพอเหี่ยว
4. ใส่หมูคืนลงกะทะ เติมน้ำเล็กน้อย อย่าให้ท่วม ปิดฝาเคี่ยวไฟอ่อนจนหมูนุ่ม (ไม่ให้เปื่อย)
5. ปอกสายบัว หั่นเป็นท่อนประมาณ 1 คืบ ลอกเยื่อออก แช่น้ำ
6. ล้างแตงกวา ผ่าครึ่งหรือหั่นเป็นริ้วบาง ๆ หั่นสายบัวเฉียง ๆ บาง ๆ และหั่นมะเขือเทศตามขวาง
7. หั่นเนื้อหมูเป็นแผ่นบาง ๆ ตามขวางให้เรียบร้อย จัดลงจานพร้อมผักต่าง ๆ
8. ราดน้ำสลัดบนสลัดหมูกรอบก่อนเสิร์ฟ

##วิธีผสมน้ำสลัด:
ใส่น้ำมันหมู 2 ช้อนโต๊ะ เกลือ 1 ช้อนชา น้ำตาล 1 ช้อนโต๊ะพูน พริกไทย 1/2 ช้อนชา คนให้เข้ากัน ค่อย ๆ เติมน้ำส้ม คนจนเกลือน้ำตาลละลายและรสชาติเปรี้ยวหวานเค็มพอดี

**หมายเหตุ** เนื้อหมูที่ยังเหลืออยู่เก็บไว้ทำสตู หรืออะไรอย่างอื่นต่อไปในมื้ออื่นได้นานหลายวัน แต่ต้องคอยอุ่นทุกวัน (ตุ๋น) เพราะไม่มีตู้เย็น สลัดนี้ไม่ได้แปลกอะไร แต่จะแสดงว่าสายบัวนั้นใช้ทำสลัดได้ดี ใส่ให้มากกว่าของอื่นแทนผักกาดหอม ผักกาดแก้วอร่อยดีมาก เราใช้ยำพล่าอะไรกับใบสะระแหน่ดีเหมือนกัน บางทีเรายำใส่หัวหอม กุ้งแห้งป่น พริกเผา น้ำปลาดี มะนาว (แทนแตงกวา) อร่อยดี ผักบุ้งสายบัวนี้ เราทำอะไร ๆ หลายอย่างเช่น เราทำพะโล้ผักบุ้งกับเต้าหู้เหลือง รับประทานกับน้ำส้มผสมน้ำปลาซีอิ๊ว พริกแดง ผักชี เป็นต้น"
47,ไข่ดาว,"##วิธีทำอย่างที่ 1:
1. ตักน้ำมันใส่กะทะ พอประมาณ
2. ค่อย ๆ ต่อยไข่ลงในน้ำมัน ระวังอย่าให้ไข่แดงแตก
3. ตั้งไฟ พอน้ำมันร้อน ใช้ตะหลิวราดน้ำมันบนไข่ให้ทั่ว
4. รอจนไข่ขาวสุกเป็นวุ้น ก็ใช้ได้

##วิธีทำอย่างที่ 2:
1. ตั้งน้ำมันในกะทะให้ร้อนจัด
2. ต่อยไข่ลงในน้ำมัน ใช้ตะหลิวราดน้ำมันบนไข่
3. รอจนไข่ขาวสุกบนเหลืองล่าง ก็ใช้ได้

##วิธีแต่ง:
ราดน้ำมันซีอิ้วบนไข่ดาว มันฝรั่งฝานบาง ๆ หรือขนมปังสดหั่นสี่เหลี่ยมลูกบาศก์ทอด หรือใช้หมูสับละเอียด หอมใหญ่ฝอยผัดใส่น้ำส้ม น้ำปลา น้ำตาล แล้วราดลงบนไข่"
48,ยอดแคผัดกรอบ,"1. ล้างยอดแคให้สะอาด รูดใบแคออกแล้วสะเด็ดน้ำให้แห้ง
2. ตั้งน้ำมันในกะทะ ทอดยอดแคจนกรอบ ตักขึ้นพักให้สะเด็ดน้ำมัน
3. ทุบกระเทียมแล้วสับให้ละเอียด เจียวในน้ำมันจนเหลือง ตักน้ำมันขึ้นให้หมด
4. ใส่ยอดแคลงผัดกับกระเทียม เติมซีอิ๊วขาวตามชอบแล้วคลุกให้เข้ากัน (ถ้าชอบหวาน สามารถเติมน้ำตาลเล็กน้อยตอนผัดได้)

**หมายเหตุ** ใบแคต้องล้างก่อน รดสบัดน้ำให้แห้ง ผึ่งไว้ให้น้ำแห้งจึงรูด มิฉะนั้นเวลาทอดน้ำมันจะกระเด็น"
49,ข้าวชวา,"##ไก่ต้ม:
1. ล้างไก่ให้สะอาด ตัดเป็นท่อนโต ๆ
2. คั้นกะทิใส่หม้อพอท่วมชิ้นไก่ ตั้งไฟจนเดือด
3. ใส่ผงกะหรี่และใบกระวาน เคี่ยวจนไก่เปื่อย

##เนื้อพะแนง:
1. ใช้เนื้อโคที่เปื่อยดี ไม่ล้างน้ำ
2. เช็ดเนื้อให้แห้ง วางบนเขียง เคาะด้วยซ่อมเหล็กทั้งสองด้านจนเนื้อนุ่ม
3. ใส่หม้อกับกะทิ เคี่ยวจนเกือบแห้งเป็นน้ำขลุกขลิก ปรุงรสตามชอบ
4. หั่นเป็นชิ้นบาง ๆ ตามขวาง

##เนื้อเค็มทอดฟู:
1. แช่เนื้อเค็มในน้ำเย็นพอให้อ่อนตัว
2. ปิ้งไฟอ่อนจนสุก
3. ทุบให้นุ่มเป็นปุย
4. ทอดในน้ำมันร้อนจนกรอบ โรยน้ำตาลทรายละเอียดกำลังร้อน

##ถั่วงอกผัดกะทิ:
1. เด็ดรากถั่วงอก ล้างสะอาด
2. ลวกในน้ำเดือดพอทั่ว
3. ผัดกับกะทิเล็กน้อย แล้วใส่จาน

##ถั่วเมล็ดกลมผัดกะทิ:
ซาวถั่วให้สะอาด ต้มจนสุก ตักขึ้น ผัดกับกะทิเล็กน้อย ใส่จาน

##ไข่เค็มต้ม:
ปอก เป่าผ่าเป็นชิ้น จัดใส่จาน

##แตงร้าน:
ปอกผิวบาง ๆ ผ่าฝานเมล็ดออก แช่น้ำเย็นให้กรอบ จัดใส่จาน

##พริกแดงกับเกลือ:
ล้างพริกแดง โขลกกับเกลือให้ละเอียด ตักใส่ถ้วยเล็ก ๆ

##วิธีจัดเสิร์ฟ:
1. วางชามใหญ่ใส่ไก่ต้มไว้กลางโต๊ะ
2. จัดเนื้อพะแนง เนื้อเค็มทอดฟู ไข่เค็ม ถั่วงอก ถั่วเมล็ดกลม แตงร้านรอบ ๆ
3. รับประทานโดยตักข้าวใส่จาน พอควร แล้วหยิบเครื่องต่าง ๆ ใส่ในจานตามชอบ
4. ราดน้ำกะทิและน้ำแกงไก่ให้ทั่วข้าว คลุกก่อนรับประทาน
5. แตงร้านจิ้มพริกกับเกลือแกล้มได้ตามชอบ"
50,มะเขือเทศกุ้งเผา,"1. ล้างกุ้งให้สะอาดแล้วเผาไฟแรงให้สุกเร็ว ๆ อย่าให้แห้ง
2. ล้างมะเขือเทศแล้วเผาพอให้ผิวเหี่ยว
3. นำพริกเสียบเข้ากับไม้แหลมรวมกับหัวหอม แล้วเผาพอสุก
4. ปอกกุ้ง แยกหัวไว้ต่างหาก ฉีกเนื้อออก เขี่ยมันที่หัวกุ้งใส่ชามไว้
5. กุ้งที่ปอกแล้วผ่าเป็นสองซีก มะเขือเทศปอกเปลือก ผ่าสองซีก หั่นตามขวางหนาประมาณครึ่งเซนติเมตร
6. จัดกุ้งกับมะเขือเทศลงจาน เรียงสลับกันเป็นสองแถวตรงกลางจานเปล จากนั้นนำมันกุ้งใส่ตรงกลางระหว่างแถว
7. ปอกพริกเผาลอกผิวออก หั่นตามขวางเป็นชิ้น ๆ ปอกหอมเผาซอยหยาบ ๆ แล้วโรยประดับบนกุ้งตามความเหมาะสม
8. ผสมน้ำเคยดีและน้ำมะนาว ปรุงรสตามชอบ แล้วราดข้างบน แต่งหน้าด้วยผักชี"
51,ไข่ต้มปรุงจับฉ่าย,"1. ต้มไข่ให้ไข่แดงเป็นยางมะตูม จากนั้นแช่น้ำเย็น ปอกเปลือกแล้วหั่นเป็น 8 ชิ้น
2. ผ่าแตงกวาตามยาวเป็นสองซีก แล้วหั่นตามขวางบาง ๆ ใส่จาน
3. จัดชิ้นไข่วางบนแตงกวา โรยตั้งฉ่าย ต้นหอม ผักชี และพริกสดหั่นฝอย
4. ผสมน้ำซีอิ๊ว น้ำส้ม และน้ำตาล ชิมรสตามชอบ (ให้ออกรสเค็ม เปรี้ยว หวานกลมกล่อม)
5. ราดน้ำปรุงลงบนไข่และแตงกวา รับประทานกับข้าวสวยร้อน ๆ

**หมายเหตุ** สามารถใช้กุนเชียงแทนไข่ต้มได้ รสชาติอร่อยไปอีกแบบ"
52,ยำไข่ดาว,"1. ตั้งกระทะ ใส่น้ำมันเล็กน้อย พอร้อน ใส่เนื้อวัวสับลงผัดให้สุก ปรุงด้วยน้ำปลาเล็กน้อย ตักขึ้นพักไว้
2. ทอดไข่ดาวโดยตั้งน้ำมันให้ร้อนจัด ต่อยไข่ใส่กระทะ ทอดจนไข่ขาวฟูกรอบและไข่แดงสุกเหลือง ตักขึ้นให้สะเด็ดน้ำมัน
3. หั่นไข่ดาวเป็นสี่เหลี่ยมพอคำ โดยคงรูปไข่ให้ใกล้เคียงของเดิม
4. ล้างผักกาดหอม คึ่นฉ่าย แตงกวา และหอมหัวใหญ่ให้สะอาด หั่นพอคำ จัดใส่จานให้สวยงามคล้ายสลัด
5. วางชิ้นไข่ดาวลงบนผักโดยระวังไม่ให้เสียรูป โรยเนื้อวัวรวนและพริกแดงผ่าครึ่งตกแต่งให้สวยงาม
6. ก่อนรับประทาน ราดด้วยน้ำปรุงยำที่เตรียมไว้

##น้ำปรุงยำ:
1. โขลกกระเทียม พริกแดง (เอาเมล็ดออก) และรากผักชีรวมกันให้ละเอียด
2. ปรุงรสด้วยเกลือป่น น้ำส้ม และน้ำตาล ชิมรสตามชอบ (ให้ออกรสเปรี้ยว เค็ม หวานกลมกล่อม)"
53,นกปากซ่อมสับ,"1. ตั้งกระทะ ใส่เนยหรือน้ำมันหมู พอร้อน ใส่หอมหัวใหญ่ลงผัดจนหอม
2. ใส่นกปากซ่อมและเนื้อหมู ผัดให้สุกดี
3. ปรุงรสด้วยน้ำปลา ซีอิ๊ว เกลือ น้ำตาล และพริกไทย ผัดให้เข้ากัน
4. ใส่หัวผักกาดเค็ม แห้ว และดอกกุยช่าย ผัดต่อให้ทุกอย่างเข้ากันดี ชิมรสให้ออกเค็มเล็กน้อย
5. จัดใบผักกาดหอมตัดเป็นขนาดพอห่อได้ วางเรียงรอบจาน
6. ตักนกสับใส่ตรงกลางจาน เสิร์ฟพร้อมถ้วยซอส
7. เวลารับประทาน ตักนกใส่ใบผักกาดหอม แล้วหยอดซอสเล็กน้อยก่อนรับประทาน"
54,หมี่หน้าเนื้อ,"1. ลวกเส้นหมี่ให้สุก แล้วผึ่งให้สะเด็ดน้ำพักไว้
2. ปอกหัวหอม หั่นบาง ๆ และผ่ามะเขือเทศ หั่นตามขวางเป็นแว่นบาง ๆ
3. หั่นเนื้อเค็มต้มเป็นชิ้นบางตามขวางเส้นเนื้อ
4. ตักน้ำมันหมูใส่กระทะ พอน้ำมันร้อน ใส่หัวหอมลงผัดจนหอมนุ่ม
5. ใส่เนื้อที่หั่นไว้ เติมแป้งมันละลายน้ำประมาณ 1 ถ้วยชา และมะเขือเทศลงไป
6. ปรุงรสด้วยเกลือและพริกไทย ถ้าแห้งเกินไปให้เติมน้ำเล็กน้อย เคี่ยวจนเข้ากันดี
7. ตักขึ้นจากกระทะ เหลือซอสนิดหน่อยไว้ในกระทะ
8. ใส่เส้นหมี่ที่ลวกไว้ลงไปเคล้าให้ทั่ว ระวังอย่าให้เส้นขาดหรือเละ
9. โรยเนยแข็งเล็กน้อย เคล้าให้ทั่วอีกครั้ง แล้วตักใส่ภาชนะ
10. ราดด้วยซอสเนื้อที่ผัดไว้ โรยหน้าเนยแข็งอีกครั้ง
11. รับประทานคู่กับน้ำส้มแช่พริกแดงตามชอบ"
55,แกงจืดชนิดตีน้ำมัน,"1. ล้างหมูปนมันแล้วหั่นเป็นชิ้นบาง ๆ ประมาณ 1 ช้อนโต๊ะพูน เตรียมผักกาดขาวหั่นเป็นชิ้นพอคำแล้วแช่น้ำไว้ ทุบหอมและกระเทียมพอแตกไว้
2. ตั้งกระทะ ใส่น้ำมันหมูลงไป พอร้อนใส่หอมกับกระเทียมที่ทุบไว้ลงเจียวจนมีกลิ่นหอมและสีเหลืองอ่อน
3. สงผักกาดขาวขึ้นจากน้ำ ใส่ลงในกระทะผัดพอให้ผักเริ่มสลด แล้วกลับด้านเพื่อให้สุกทั่วเล็กน้อย
4. ใส่หมูหั่นบางลงผัดกับผักจนหมูเริ่มสุกเข้ากันดี เติมน้ำเปล่าแล้วปิดฝาเคี่ยวจนน้ำเดือดและผักกับหมูนุ่มพอดี
5. เมื่อน้ำเดือดแล้ว ตอกไข่ลงไป ใช้ช้อนหรือพายเขี่ยไข่แดงให้แตกเป็นชิ้นเล็ก ๆ เบา ๆ (ห้ามคนแรง เพื่อให้น้ำแกงใสไม่ข้น)
6. ปรุงรสด้วยน้ำปลา ประมาณ 1 ช้อนชา ชิมแล้วปรับรสตามชอบ
7. ยกลงตักเสิร์ฟ โรยพริกไทยป่นเล็กน้อยก่อนเสิร์ฟ และเสิร์ฟร้อน ๆ

**หมายเหตุ** แกงจืดตีน้ำมันชนิดนี้ จะใช้แตงกวา บวบหอม ฟักเขียว ฟักทอง ฯลฯ ก็ได้ ถ้าชอบไข่ใส่ไข่ด้วย แต่อย่าคนขณะเมื่อต่อยไข่ใส่ลงไป ให้เขี่ยแต่พอไข่แดงแตก แล้วเขี่ยให้กระจายออกพอไม่ให้เป็นแผ่นใหญ่ มิฉะนั้นน้ำแกงจะข้น ไม่น่ารับประทาน"
56,กะหรี่พัฟฟ์,"##การเตรียมแป้งพัฟฟ์:
1.ร่อนแป้งสาลีใส่อ่างใหญ่ ทำหลุมตรงกลาง
2.ต่อยไข่ใส่ในหลุม เติมหัวกะทิ
3.คนส่วนผสมให้เข้ากันจนเป็นก้อน แล้วนวดจนแป้งเนียนและนุ่ม
4.คลึงเป็นแท่งยาว ตัดเป็น 16 ส่วน คลุมด้วยผ้าชุบน้ำบิดแห้ง

##การเตรียมแป้งชั้นนอก:
1. ใส่แป้งสาลีที่เหลือ 3 ถ้วย ลงในอ่าง นวดกับน้ำมันหมู 14 ช้อนโต๊ะ
2. คลึงเป็นแท่งยาว ตัดเป็น 16 ส่วน เช่นเดียวกับแป้งขั้นตอน 1
3. เอาแป้งไข่+หัวกะทิมาหุ้มแป้งชั้นนอกให้มิด ปั้นเป็นก้อนกลม

##การรีดและพับแป้ง:
1. คลึงแป้งเป็นแท่งยาว 18 ซม. แล้วแบ่งเป็น 3 ส่วน
2. พับปลายทั้งสองเข้ามาซ้อนกันเป็น 3 ชั้น
3. คลึงก้อนแรกอีกครั้ง ตัดเป็น 6 แว่น คลึงแต่ละแว่นเป็นแผ่นกลมบาง 0.3 มม.

##การทำไส้:
1. ต้มมันฝรั่งหั่นเล็ก
2. หั่นหอมหัวใหญ่และเนื้อไก่เล็ก ๆ
3. คั่วเครื่องเทศ (ลูกผักชี, กระวาน, กานพลู, ดอกจันทร์, โป๊ยกั๊ก, หัวหอม, กระเทียม, ขมิ้น, ขิง) ให้หอม
4. โขลกเครื่องเทศและเกลือให้ละเอียด
5. ตั้งกระทะใส่น้ำมัน 1 ช้อนโต๊ะ พอร้อน ผัดเครื่องเทศกับน้ำเล็กน้อย
6. ใส่เนื้อไก่และหัวหอม ผัดจนสุก
7. ปรุงรสด้วยน้ำปลาและน้ำตาล คนให้เข้ากัน

##การประกอบพัฟฟ์:
1. วางไส้ตรงกลางแผ่นแป้ง พับแป้งปิดเป็นรูปถั่วแปป
2. ใช้นิ้วแตะน้ำทาขอบแป้งให้ติดแน่น
3. พับริมแป้งเป็นเกลียวจนทั่ว

##การทอดพัฟฟ์:
1. ตั้งน้ำมันร้อน ทอดพัฟฟ์จนเหลืองกรอบ
2. ตักขึ้นสะเด็ดน้ำมัน พร้อมเสิร์ฟ"
57,ปลาทูแนม,"1. โขลกข่าให้ละเอียด ใส่ปลาทูและเกลือ โขลกและยีให้ฟู
2. ใส่มะพร้าวคั่ว, น้ำมะนาว, น้ำส้มซ่า, น้ำกระเทียมดองทีละน้อย คลุกเบา ๆ
3. ใส่ข้าวคั่วบางส่วน, หนังหมู และมันหมู คลุกให้เข้ากัน
4. เติมหอมหัวเล็ก, ถั่วลิสง, น้ำตาล ชิมรส เปรี้ยว-เค็ม-หวาน ตามชอบ
5. จัดใส่จาน เสิร์ฟพร้อมผักสด และตกแต่งด้วยส้มซ่า, กระเทียมดอง, พริก และถั่วลิสง"
58,ขนมกลีบลำดวน,"1. ผึ่งแป้งสาลีและน้ำตาลป่น 2 ครั้ง แล้วตวงส่วนผสม
2. ผสมแป้งกับน้ำมันหมู นวดพอเนียนนุ่ม
3. ปั้นเป็นก้อนขนาดเส้นผ่านศูนย์กลาง 2 ซม. แล้วผ่าเป็น 4 ส่วน
4. กดแต่งเป็นรูปกลีบลำดวนสามกลีบ วางก้อนแป้งกลมตรงกลาง
5. ใส่เมล็ดแตงโมตรงกลางกดให้ตั้งเป็นปุ่ม
6. จัดเรียงใส่ถาดที่ทาน้ำมันไว้ อบ 10-15 นาที จนสีสวยนวล อย่าให้เหลืองเกินไป
7. พอเย็น ใส่ขวดและอบด้วยดอกมะลิ, กะดังงา, และเทียนอบตามชอบ"
59,แกงเผ็ดหมู,"1. คั่วเครื่องเทศทั้งหมดพอหอม อย่าให้ไหม้เกรียม
2. โขลกเครื่องเทศให้ละเอียด ใส่ข่า ตะไคร้ รากผักชี ผิวมะกรูด โขลกต่อจนละเอียด
3. หั่นเนื้อหมูชิ้นบางประมาณ 2×3 ซม.
4. ล้างผักต่าง ๆ เด็ดและหั่นเตรียมไว้
5. คั้นกะทิใส่หม้อตั้งไฟจนเดือดและแตกมันเล็กน้อย
6. ช้อนหัวกะทิใส่กะทะ เคี่ยวจนเป็นมัน ตักน้ำพริกใส่ผัดประมาณ 10 นาที
7. ใส่น้ำพริกที่ผัดแล้วลงหม้อ ตั้งไฟจนเดือด
8. ใส่เนื้อหมู ใบมะกรูด ปรุงรสด้วยน้ำปลา พอหมูเริ่มสุกใส่พริกสดและมะเขือ
9. พอสุก ยกหม้อลง ใส่ใบกะเพราและใบโหระพา คลุกเบา ๆ พร้อมเสิร์ฟ"
60,หมูแนมสด,"1. ล้างเนื้อหมูให้สะอาด ซับน้ำให้แห้ง แล่พังผืดและมันออก
2. โขลกข่าให้ละเอียด ใส่เนื้อหมูลงโขลกให้เข้ากันดี
3. ใส่เกลือป่น น้ำส้มหรือมะนาว ขยำจนเนื้อหมูสุก
4. คั้นน้ำออกไป ตั้งไฟให้สุก (ห้ามคน) ใส่เนื้อหมูคลุกกับน้ำมะนาวร้อน ๆ จนกระจายทั่ว
5. ใส่หนังหมู มันหมู คลุกให้เข้ากัน
6. ใส่หอมซอย ผิวส้มซ่า กระเทียมดอง คลุกให้ทั่ว
7. โรยพริกสดหั่นเฉียง รับประทานกับใบผักกาดหอมจีบ

##วิธีทำข้าวคั่ว
1. ซาวข้าวสาร แช่น้ำ 1 ซม. สงขึ้น
2. ตั้งกะทะร้อน ใส่ข้าวไม่เกิน 4 ช้อนโต๊ะ พูน คั่วไฟแรงจนสีนวล ๆ
3. โม่ให้ละเอียด และกรองด้วยผ้าขาวบาง

##วิธีทำหนังหมูและมันหมู
1. หนังหมู: ขูดล้าง ต้มพอสุก ล้างน้ำเย็น แล่เป็นแผ่นบาง (ความกว้างประมาณ 3 ซม.)
2. ขยำหนังหมูกับมะนาว 1-2 ซีก
3. ราดน้ำร้อน ใช้ช้อนคนจนทั่ว แล้วล้างน้ำเย็นหลายครั้งจนสะอาด
4. ผึ่งให้แห้ง โรยข้าวคั่วเคล้าให้ทั่ว
5. มันหมู: ต้มพอสุก หั่นขนาดเท่าหนังหมู ลวกน้ำร้อน ล้างน้ำเย็น ผึ่งให้แห้ง โรยข้าวคั่วเคล้าให้กระจาย"
61,มะเขือยาวเครื่องเทศ,"1. โขลกลูกผักชี ขมิ้น ขิง หัวหอมเผา และกระเทียมเผาให้ละเอียด พักไว้
2. ตัดมะเขือยาวเป็นท่อนยาวประมาณ 3 ซม. ผ่าสี่แช่น้ำเพื่อไม่ให้ดำ
3. ลอกเอ็นถั่วแขก ตัดขนาด 2 ซม. ล้างน้ำสะอาด
4. ตักน้ำมันใส่กะทะ ทอดมะเขือยาวจนพอสุก ตักขึ้นพักไว้
5. ทอดถั่วแขก หัวหอม และพริกในน้ำมันเดิม ตักขึ้นพักไว้
6. เติมน้ำมันเล็กน้อยหากไม่พอ ใส่เครื่องเทศที่โขลกไว้ลงกะทะ ผัดจนหอม
7. คั้นส้มมะขามเปียกใส่ลงไป พร้อมเติมน้ำตาลมะพร้าวและเกลือ ปรุงรสให้ได้รสเปรี้ยว-หวาน-เค็ม
8. ถ้าซอสข้นเกินไป เติมน้ำเล็กน้อย ผัดจนเข้ากัน
9. ใส่ผักทอดไว้ลงไป คลุกเคล้าให้ทั่ว ใช้รับประทานได้"
62,ไส้กรอกข้าว,"##เตรียมส่วนผสมและเครื่องปรุง:
1. ต้มมันแกวหรือฟักเขียวหั่นฝอย เตรียมเครื่องปรุงโขลกให้ละเอียด (เว้นถั่วยี่สงไว้หลังสุด)
2. หั่นเนื้อหมู มันหมู และเนื้อปูทะเลให้เป็นชิ้นเล็ก ๆ ผสมกับมันแกวและเครื่องโขลก
3. คั้นกะทิใส่รวมไว้ (แบ่งเป็น 4 ครั้ง)
4. ใส่หัวกะทิและเครื่องน้ำพริกลงอ่างหมู คนให้เข้ากัน เติมกะทิให้แฉะ ปรุงรสด้วยน้ำปลา
5. ต่อยไข่ใส่คนให้ทั่ว ใส่ต้นหอมและผักชีสับ คลุกให้เข้ากัน

##วิธีบรรจุไส้:
1. เตรียมไส้หมู ล้างให้สะอาด นุ่ม ตัดเป็นท่อนตามต้องการ
2. บรรจุไส้หมูด้วยส่วนผสมที่เตรียมไว้ ใช้กรวยช่วย ใส่หมูลงไปพอดี ไม่แน่นหรือหลวมเกินไป ผูกหัวท้าย
3. ล้างไส้กรอกให้สะอาด พอแห้งแล้วนำไปนึ่ง ผึ่งให้แห้ง

##วิธีปิ้ง:
1. ปิ้งไส้กรอกบนตะแกรง ใช้ไฟอ่อนราว 18-19 ซม. จากเตา คอยกลับและเปิดใบตองคลุม ป้องกันไม่ให้ไฟแรงเกิน
2. เมื่อไส้กรอกเกรียมทั่ว น้ำในไส้แห้ง จึงปล่อยไฟแรงขึ้นเล็กน้อย

**หมายเหตุ** จะใช้อบแทนวิธีปิ้งก็ได้ แต่ต้องใช้ไฟอ่อนมากประมาณ 1 ชั่วโมง แล้วค่อย ๆ เพิ่มไฟทีละน้อยจนกระทั่งเกรียม

**หมายเหตุ** ข้าวสุกที่ใช้ทำไส้กรอกต้องใช้ข้าวหุงสวย ๆ จึงจะดี เวลานิ่งต้องใช้เวลาน้อยกว่าไส้กรอกหมู เพราะเนื้อหมูมีน้อย"
63,น้ำเมี่ยง,"1. หั่นหมูเป็นชิ้นสี่เหลี่ยมเล็กที่สุด
2. ตั้งกระทะรวนหมูจนพอสุก
3. คั้นมะขามเปียกผสมน้ำตาลปึก เกลือ และน้ำปลาดี
4. ใส่ส่วนผสมมะขามพร้อมกับใบเมี่ยงสับลงไปในกระทะ เคี่ยวให้เข้ากัน
5. ชิมรสให้กลมกล่อม (หวาน-เปรี้ยว-เค็ม)
6. ใส่ถั่วลิสงคั่ว หอมเจียว และกระเทียมเจียว คลุกให้เข้ากัน
7. ตักใส่จาน พร้อมรับประทานกับข้าวตังทอด"
64,ปลานึ่งกับมะเขือเทศ,"1. ขอดเกล็ดปลา ล้างด้วยน้ำผสมน้ำส้มมะขามจนหมดเมือกและคาว
2. ทาเกลือและพริกไทยพอประมาณบนตัวปลา
3. ล้างผักกาดขาว ต้นหอม ผักชีให้สะอาด ใช้คลุมบนตัวปลา
4. นึ่งปลาในลังถึงประมาณ 30 นาทีจนสุก
5. พอปลาหายร้อนจัด ยกผักออกใส่ภาชนะอื่น
6. ลอกหนังปลาและถอดก้างออก หั่นผักกาดและต้นหอมตามขนาดที่ต้องการ
7. ลวกมะเขือเทศในน้ำเดือดพอให้ผิวเหี่ยว จากนั้นลอกเปลือกและหั่นตามขวาง
8. ประดับมะเขือเทศสลับกับผักกาดและต้นหอมบนตัวปลา
9. ผสมน้ำส้ม น้ำตาล เกลือ ชิมรสตามชอบ แล้วราดให้ทั่วตัวปลาและผัก"
65,น้ำพริกพะม่า,"1. ผ่าพริกแดงเอาเม็ดออก ล้างสะอาด
2. ซอยหอมและกระเทียม เจียวในน้ำมันหมูจนเหลือง
3. ปิ้งกะปิห่อใบดองพอหอม แล้วใส่ครกโขลกให้ละเอียด พักไว้
4. ล้างเนื้อหมูและกุ้งให้สะอาด สับให้ละเอียด
5. ลวกมะเขือเทศในน้ำร้อนจนสุก พอลอกเปลือกออก หั่นตามขวาง แล้วสับรวมกับเนื้อหมูและกุ้ง
6. กรองน้ำที่ต้มมะเขือเทศด้วยกระชอนหยาบ ๆ เอาเม็ดออก พักไว้
7. ตั้งกระทะน้ำมันที่เจียวหอมและกระเทียม ใส่เครื่องกะปิที่โขลกไว้ลงผัดพอหอม
8. ใส่หมู กุ้ง และน้ำมะเขือเทศ ปรุงรสด้วยน้ำส้มมะขามเปียก น้ำตาลปีบ และน้ำปลา ชิมรสตามชอบ"
66,ไก่ต้มขนมจีน,"1. ล้างไก่ให้สะอาด แล่เป็นชิ้นขนาดประมาณ 3 ซม.
2. ขูดมะพร้าว คั้นเป็นกะทิข้น ๆ
3 ใส่กะทิและไก่ลงในหม้อ ตั้งไฟ ใส่ใบกระวานและขมิ้นผงเล็กน้อย เคี่ยวจนไก่เปื่อย
4. คั่วถั่วทองให้สุกแล้วเลาะฝักและโขลกให้ละเอียด
5. ผสมน้ำพริกเผา น้ำมะนาว น้ำตาลปึก และน้ำปลาดีกับถั่วโขลกจนเข้ากันเป็นน้ำพริก
6. เด็ดใบผักบุ้ง ล้างและทอดให้กรอบ

##วิธีรับประทาน:
ฉีกเนื้อไก่ออกจากกระดูกให้เป็นชิ้นเล็ก ๆ เอาขนมจีนใส่ชาม ตักไก่ต้มราดบนขนมจีน ตักน้ำพริกหยอดแล้วรับประทานกับใบผักบุ้งทอด"
67,ข้าวเม่าคลุก,"1. เลือกข้าวเม่าเอาแต่เม็ดดี ๆ ไม่มีกากฝัดละออง
2. พรมข้าวเม่าด้วยน้ำเกลือเล็กน้อยให้ทั่วแล้วพักไว้
3. ขูดมะพร้าวให้พอเหมาะ (ถ้าเป็นมะพร้าวแก่าห้ามขูดถึงก้นกะลาเพื่อไม่ให้เป็นกาก)
4. คลุกข้าวเม่ากับมะพร้าว น้ำตาล และเกลือให้เข้ากัน ชิมรสตามชอบ
5. ตักใส่จาน พร้อมรับประทานกับกล้วยหอมหรือกล้วยไข่"
68,กุ้งเผากับมะเขือเปราะ,"1. กุ้งเผา 2 ตัว ปอกเปลือกแล้วฉีกเป็นชิ้นทั้งหัวและตัว (หรือใช้กุ้งเค็มปอกเปลือกแล้วผ่า)
2. ล้างขมิ้นขาวและขิงอ่อน บิดน้ำให้แห้งแล้วหั่นเป็นชิ้นพอเหมาะ
3. หั่นกระเทียมตามขวางกลีบ และหั่นมะเขือเปราะเป็นฝอยตามลูก
4. หั่นต้นหอมและผักชีเตรียมไว้
5. จัดผักเป็นชั้นในจานก้นลึก โรยต้นหอม ผักชี และพริกด้านบน
6. ผสมน้ำเคยและน้ำมะนาว ชิมรสตามชอบแล้วราดให้ทั่ว
7. เวลาจะรับประทาน คลุกให้เข้ากันทั่วทั้งจาน"
69,มะละกอโถบรรจุใส้,"1. ฝานมะละกอเป็นรูปโถ สลับลวดลายตามชอบ คว้านข้างในให้เกลี้ยงและบาง แช่น้ำไว้
2. สับหรือหมุนเนื้อหมูให้ละเอียด
3. โขลกถั่วลิสงคั่วให้ละเอียด แล้วผสมกับหมูให้เข้ากัน
4. ปอกเปลือกลูกแปะก๊วย ผ่าแคะใส้ขมออก ต้มจนสุก ล้างและหั่นละเอียด
5. ขูดมะพร้าวและคั้นกะทิให้ข้นที่สุด
6. ผสมหมู ถั่วลิสง ลูกแปะก๊วย มะพร้าวกะทิ และหัวกะทิ 5 ช้อนโต๊ะ คนจนเหนียว
7. ใส่ไข่เป็ดและน้ำเคยดี ผสมให้เข้ากัน
8. หั่นกะหล่ำปลีเป็นฝอย ใส่ลงผสมให้เข้ากัน ชิมรสตามชอบ
9. บรรจุส่วนผสมลงในมะละกอให้เต็มพูน
10. โรยต้นหอมและผักชี
11. นึ่งในลังถึงประมาณ 15 นาที จนสุก ใช้ได้"
70,พุดชาจีนเชื่อมไส้เกาลัด,"1. แช่พุดชาจีนในน้ำค้างคืน 1 คืน
2. ล้างพุดชาจีนให้สะอาด คว้านเมล็ดออก
3. ต้มพุดชาจีนในน้ำและน้ำตาลจนเหนียวเป็นยางมะตูม
4. แกะลูกเกาลัด ผ่าตามยาวให้คล้ายเมล็ดพุดชา
5. นำลูกเกาลัดแทนเมล็ดพุดชา เรียงลงในชามแก้ว"
71,ข้าวต้มไข่,"1. ซาวข้าวสารให้สะอาด
2. ใส่น้ำมันหมูลงหม้อเล็ก ใส่กระเทียมทุบสับ เจียวพอหอม
3. ใส่ข้าวลงผัดให้เมล็ดกระจาย
4. เติมน้ำประมาณ 2 ถ้วย ต้มจนเมล็ดข้าวบาน
5. ต่อยไข่ใส่ชาม ตีให้ขึ้นแล้วค่อย ๆ โรยลงในหม้อ ใช้ช้อนเขี่ยไข่ให้ไม่เกาะก้นหม้อ
6. ยกขึ้นตักใส่ชาม โรยผักชีหรือคึ่นฉ่าย ปรุงรสด้วยน้ำปลาและพริกไทยตามชอบ

**หมายเหตุ** น้ำที่ต้มข้าวนั้น ถ้าเป็นน้ำต้มไก่ได้จะดีมาก"
72,ปลาแนม,"1. ขูดมะพร้าวกระต่ายจีน ล้างสะอาด คั่วพอหายแฉะ อย่าให้เหลือง
2. โขลกข่าให้ละเอียด ใส่เนื้อปลาย่างและมะพร้าวคั่วลงโขลกจนละเอียดเข้ากัน
3. ยกขึ้นใส่ชามอ่าง ใส่เกลือ น้ำมะนาว น้ำตาลทราย คลุกให้เข้ากัน
4. โรยข้าวคั่วทีละน้อย คลุกจนกระจายทั่ว
5. ปรุงรสให้เปรี้ยว เค็ม หวาน และใส่กระเทียมดอง หนังหมู มันหมูตามชอบ
6. ใส่หัวหอมฝอย ผิวส้มซ่า ถั่วลิสงคลุกให้เข้ากัน เหลือส่วนเล็กน้อยสำหรับตกแต่ง
7. จัดใส่จาน โรยผิวส้มซ่า ถั่วลิสง พริก 3 สี หั่นเฉียง และตกแต่งขอบด้วยใบผักกาดแก้ว"
73,แกงต้มกะทิฟักทอง,"1. หั่นฟักทองเป็นชิ้นสี่เหลี่ยมลูกบาศก์ขนาดเท่า ๆ กัน
2. โขลกพริกแห้ง หัวหอม รากผักชี และกุ้งแห้งให้ละเอียด
3. คั้นหัวกะทิแยกไว้ประมาณ 1/2 ถ้วย สำหรับใส่ตอนท้าย
4. ใส่น้ำกะทิส่วนที่เหลือลงหม้อพอประมาณ ตั้งไฟกลาง
5. ใส่เครื่องแกงที่โขลกไว้ลงผัดพอหอม
6. เติมเนื้อและฟักทองลงหม้อ ปิดฝาให้เดือด
7. เคี่ยวจนฟักทองและเนื้อสุกนุ่ม
8. ปรุงรสด้วยน้ำปลาและน้ำตาลตามชอบ
9. ใส่หัวกะทิที่แยกไว้ คนให้ทั่ว รอเดือดอีกครั้ง
10. ตักใส่ถ้วย พร้อมรับประทาน"
74,ละมุดมีใส้,"1. ล้างละมุดให้สะอาด คว้านไส้และเมล็ดออก ระวังอย่าให้ก้นทะลุ
2. ใช้ด้ามช้อนหรืออุปกรณ์คล้ายราง กดและหมุนรอบขั้วละมุดเป็นช่องกลม
3. ควักไส้กลางและเมล็ดออกให้หมด แล้วคว่ำพักไว้บนจาน
4. ซอยวุ้นเป็นชิ้นเล็ก ๆ
5. ใส่วุ้นลงหม้อ ตั้งไฟอ่อน คนตลอดเวลา อย่าให้ไหม้
6. ใส่น้ำตาลและสีแดงเล็กน้อย คนจนวุ้นละลายและสีเข้ากัน
7. เติมน้ำวานิลลาเล็กน้อยเพื่อกลิ่นหอม
8. หยอดวุ้นลงในผลละมุดที่คว้านไว้
9. ตั้งละมุดในถ้วยตะไลหรือลังถึง ปล่อยให้วุ้นแข็ง
10. ปอกเปลือกละมุด ใช้มีดปลายแหลมแทงกลางผลเป็นปากกระจับ 5–6 แฉก
11. ค่อย ๆ ดุนให้ละมุดเปิดเป็น 2 ซีก จัดลงจานแก้ว เก็บในตู้เย็น"
75,บะหมี่สำเร็จ,"1. ล้างเส้นบะหมี่แห้งให้สะอาด รีบสะเด็ดน้ำ
2. ลวกเส้นในน้ำเดือดจนสุก ตักขึ้น สลัดน้ำให้แห้ง
3. คลุกเส้นบะหมี่ด้วยกระเทียมเจียวให้ทั่ว
4. ใส่เส้นลงในถ้วยตะไล เตรียมวางหน้าเนื้อหมู
5. ผสมเนื้อหมูสับกับตังฉ่ายสับละเอียด และรากผักชี พริกไทย กระเทียมโขลกละเอียด
6. เติมน้ำปลาเล็กน้อย ผสมให้เข้ากันดี
7. ใส่ต้นหอมหั่นละเอียดลงผสม ปั้นเป็นก้อนขนาดพอดี
8. วางก้อนหมูบนเส้นบะหมี่ในถ้วยตะไล
9. แต่งหน้าด้วยใบผักชีและกระเทียมเจียว
10. จัดเสิร์ฟบนจานแบน พร้อมน้ำจิ้ม (ซีอิ๊วใส น้ำส้มสายชู พริกแดงหั่นบาง ๆ)"
76,ก๋วยเตี๋ยวไส้ไข่,"1. เตรียมแป้งก๋วยเตี๋ยวให้นุ่ม ตัดเป็นแผ่นสี่เหลี่ยมขนาด 15 × 15 ซม.
2. สับหรือบดเนื้อหมูให้ละเอียด ใส่เกลือและพริกไทยปรุงรส
3. ต่อยไข่เป็ดลงในชาม คนให้เข้ากัน ใส่ต้นหอมและผักชีลงผสม
4. วางแผ่นแป้งบนโต๊ะ ตักหมูผสมไว้ทาให้ทั่วเว้นขอบ 3 ซม.
5. ซ้อนแผ่นแป้งอีกแผ่นแล้วทาหมูให้เต็มแผ่น
6. ม้วนแป้งเข้าหาทางที่ทาหมูให้แน่น ทำต่อจนหมดแป้ง
7. วางม้วนในลังถึงที่ทาน้ำมันหมู นึ่งประมาณ 10 นาทีจนสุก ยกขึ้น ตัดเป็นท่อน ๆ
8. โรยกระเทียมเจียว เสิร์ฟพร้อมน้ำจิ้มผสมซีอิ๊ว น้ำส้ม และพริกสด"
77,ต้มหน่อไม้ไผ่ตงกับหมู,"1. ล้างเนื้อหมูให้สะอาด หั่นชิ้นขนาด 2 × 3 ซม. หนา 0.5 ซม.
2. โขลกรากผักชี 5 ราก พริกไทย 5 เม็ด และกระเทียม 3 กลีบให้ละเอียด
3. ตั้งหม้อใส่น้ำมันหมู 1 ช้อนชา ผัดเครื่องโขลกจนหอม
4. ใส่เนื้อหมูลงผัดจนเริ่มสุก
5. เติมน้ำ 2 1/2 ถ้วยชา เคี่ยวจนเนื้อหมูเปื่อย
6. ใส่หน่อไม้ไผ่ตงที่หั่นไว้ เคี่ยวต่อจนสุก
7. ปรุงรสด้วยน้ำปลา 1–2 ช้อนชา ชิมรสตามชอบ

**หมายเหตุ** แกงต้มจืดชนิดนี้จะใช้หัวผักกาดสด หัวผักกาดเค็มต้มก็ได้ทำวิธีเหมือนกัน เว้นแต่หัวผักกาดเค็มต้องล้างให้หมดทรายแล้วจึงหั่น หั่นแล้วต้องดึงให้ยืดเสียก่อนจึงใส่หม้อ"
78,ผัดห่วงอาลัย,"1. ล้างไส้หมูให้สะอาด
2. ต่อยไข่เป็ดใส่ชาม เติมน้ำเคยดี 2 ช้อนชา คนให้ไข่แดงและไข่ขาวเข้ากัน
3. กรอกไข่ลงในไส้หมูโดยวิธีจับไส้ขึ้นรูดน้ำออกให้แห้ง ใช้ด้ายผูกข้างหนึ่งให้แน่น ให้เหลือช่องว่าง 3 ซม. จากปลาย แล้วผูกอีกด้านให้แน่น
4. ลวกไส้ไข่พอเกือบสุก (อย่าให้สุกเกินไป) จุ่มน้ำเย็น ผึ่งให้สะเด็ดน้ำ
5. หั่นไส้ไข่เป็นแว่น ๆ ยาว 0.7 ซม. ใช้มีดกดเบา ๆ ให้เกิดลวดลาย 6 แฉก
6. ลวกไส้ในกระชอนน้ำเดือดอีกครั้ง
7. เตรียมกุ้งผ่าหลังและหั่นเป็นท่อน 3 ซม. พริกหยวกหั่นเป็นวง 0.5 ซม. กระเทียมดองและกระเทียมสดสับเตรียมไว้
8. ตั้งกะทะให้ร้อน จัดน้ำมันหมู 2 ช้อนโต๊ะ เจียวกระเทียมสดจนเหลือง
9. ใส่เนื้อหมู กุ้ง ไส้ไข่ พริกหยวก กระเทียมดอง ลงผัดพร้อมกันสักครู่
10. เติมน้ำเคยดี 2 ช้อนชา และน้ำตาลทรายเล็กน้อย ผัดให้ทั่ว จนสุกและเข้ากันดี แล้วตักใส่จานพร้อมเสิร์ฟ"
79,ยำพริก,"1. แกะเมล็ดพริกชี้ฟ้าแล้วหั่นเป็นเส้นหยาบ หากไม่ชอบเผ็ด ให้ล้างน้ำก่อน
2. ตั้งน้ำมัน 2 ช้อนโต๊ะในกะทะ ผัดพริกจนพอสุก พักไว้
3. หั่นเนื้อหมู มันหมู กุ้งต้ม และหนังหมู เป็นชิ้นเล็กยาว 2 ซม.
4. ซอยหัวหอมเผาให้เรียบร้อย
5. คั่วมะพร้าวขูดพอเหลือง
6. ตั้งหัวกะทิข้น ๆ ให้เดือด
7. ผสมทุกอย่างเข้าด้วยกันในชามใหญ่
8. ปรุงรสด้วยน้ำปลา น้ำตาล และน้ำมะนาว ชิมรสตามชอบ
9. ตักใส่ภาชนะ โรยหน้าด้วยกุ้งแห้งป่น หอมเจียว กระเทียมเจียว และหัวหอมเผา"
80,น้ำพริกเผา,"1. คลุกผสมวัตถุดิบให้เข้ากัน ถ้าไม่ต้องการเผ็ดมาก ให้ผ่าพริกเอาเม็ดออก แช่น้ำล้าง แล้วตากให้แห้ง
2. กระเทียมทั้งเปลือก ตากให้แห้ง จากนั้นคั่วพอหอม แล้วป่นให้ละเอียด
3. ใส่น้ำเชื่อมและน้ำปลาลงในภาชนะเคลือบ ตั้งบนไฟอ่อน ๆ
4. ค่อย ๆ ใส่พริกป่นและกระเทียมป่นลงไป คนให้เข้ากันทีละน้อย
5. หากน้ำพริกแข็งหรือเหนียวเกินไป เติมน้ำสุกได้ตามสมควร
6. เก็บน้ำพริกในภาชนะสะอาดและแห้ง สามารถเก็บได้หลายเดือน
7. ใช้ปรุงแกง ต้มยำ ยำต่าง ๆ หรือใช้จิ้มหนังหมู ข้าวเกรียบ และอาหารอื่น ๆ"
81,หมูทอดเค็ม,"1. ล้างหมูให้สะอาด ขนาดหมูสามารถใหญ่หรือเล็กกว่าเล็กน้อยได้
2. โขลกรากผักชี พริกไทย และกระเทียมให้ละเอียด
3. ผสมเกลือป่นลงไป แล้วทาเครื่องที่โขลกให้ทั่วหมู เคล้าให้เข้ากันจนเครื่องเข้าเนื้อ
4. ตั้งกะทะบนไฟอ่อน ใส่น้ำมันหมู รอจนร้อน
5. ใส่หมูลงทอด เรียงให้ชิ้นไม่ทับกัน
6. รอจนด้านหนึ่งเหลืองทั่วแล้วค่อยกลับอีกด้าน
7. เมื่อหมูเหลืองทั้งสองด้าน ตักขึ้นใส่จาน ตักน้ำมันส่วนที่เหลือราดบนชิ้นหมู

**หมายเหตุ** หมูเค็มทอดอีกวิธีหนึ่ง ใช้แต่น้ำปลาดี กับพริกไทยราดลงบนหมู เคล้าให้เข้ากันจนน้ำปลาแห้ง แล้วทอดตามวิธีข้างบนนี้"
82,เต้าหู้ยี้ปรุงรส,"1. เตรียมปลาดุกทอดฟู บิดเป็นชิ้นเล็ก ๆ ใส่ชาม
2. ผสมเต้าหู้ยี้กับน้ำมะนาว (ถ้าต้องการให้เหลวขึ้น เติมน้ำสุกเล็กน้อย) คนจนเข้ากัน
3. ราดส่วนเต้าหู้ยี้ลงบนปลาดุกฟู
4. โรยหัวหอมซอยและพริก (พริกขี้หนู พริกเหลือง) ตามชอบ
5. รับประทานทันที"
83,กล้วยทอด,"1. ร่อนแป้งสาลี น้ำตาลทราย เกลือ และผงฟูเข้าด้วยกัน
2. ตีไข่ไก่จนขึ้นฟูแล้วใส่ส่วนแป้ง นมสด และเนยละลายลงไป ผสมให้เข้ากันดีจนเป็นเนื้อเดียว
3. ตัดกล้วยตามขวาง หนาประมาณ 1 1/2 ซม.
4. จุ่มกล้วยลงในแป้งที่ผสมไว้ให้ทั่ว
5. ตั้งหม้อทอดน้ำมันให้ร้อน ใช้น้ำมันประมาณครึ่งหม้อ
6. ใส่กล้วยชุบแป้งลงทอดประมาณ 4–6 นาที จนเหลืองกรอบ
7. ตักขึ้นพักให้สะเด็ดน้ำมัน แล้วเสิร์ฟร้อน ๆ"
84,แกงต้มส้ม,"1. ล้างปลาช่อนให้สะอาดหมดเมือก
2. โขลกรากผักชี พริกไทย หัวหอม และขิงแว่นให้ละเอียด
3. ตั้งหม้อน้ำ 2 ถ้วยชา ใส่กะปิ น้ำปลา น้ำตาล และน้ำส้มมะขามเปียก ผสมเครื่องโขลกลงไป ละลายให้เข้ากัน ปรุงรสเค็ม หวาน เปรี้ยวตามชอบ
3. เมื่อน้ำเดือด ใส่ปลาช่อนลงต้มจนสุกและรสกลมกล่อม
4. ใส่ขิงหั่นฝอยและต้นหอม ยกลงตักใส่ชาม
5. โรยผักชี พริกแดงหั่น และหอมเจียว (ตามชอบ)

**หมายเหตุ** แกงต้มส้มนี้ จะใส่ปลาอื่นก็ได้ เช่นปลาทูสด ปลาใบไม้สด ปลาเนื้ออ่อน ปลาหมอ ฯลฯ"
85,ต้มยำปลา,"1. ล้างปลาให้สะอาด ตวงน้ำ 2 ถ้วยใส่หม้อ พร้อมซาวข้าวสาร ใส่หัวหอมและกระเทียมทุบ ต้มจนข้าวบาน
2. ใส่ปลา ตะไคร้ และใบมะกรูด ถ้ามีไข่ปลาให้กรีดใส่ลง ต้มจนสุกและไข่แตกเป็นแพ
3. ตักหัวปลาออก เก็บกระดูก ตักปลาชิ้นอื่น ๆ ลงชาม รินน้ำแกงใส่ ระวังอย่าให้เมล็ดข้าวลงไป
4. ละลายน้ำพริกเผากับน้ำปลาและน้ำมะนาว ใส่ลงในชาม ปรุงรสด้วยน้ำตาลตามชอบ
5. ใส่มะม่วงดิบซอย (ถ้าต้องการ) โรยผักชี ต้นหอม กระเทียมเจียว และบุบพริกขี้หนูตามชอบ

##การปรุง:
จะใช้พริกเผาหรือน้ำพริกป่า คือ กระเทียม 5 กลีบ กระปีดี 1/2 ช้อนชา โขลกให้ละเอียด บุบพริกขี้หนูหรือพริกชี้ฟ้าเหลืองใส่ด้วยก็ได้ ถ้าจะทำเป็นต้มยำกะทิ ใช้กะทิแทนน้ำและไม่ต้องใส่ข้าวสาร"
86,แกงเห็ดฟางกับมะเขือเทศ,"1. ทำเห็ดฟางให้สะอาด ปอกมันแกวและหั่นเป็นเสี้ยวบาง ๆ ปอกแห้วจีนหั่นเป็นแว่น ไม่บางเกินไป หั่นมะเขือเทศ และขูด-หั่นมะอึกเป็นสี่เสี้ยว พักไว้
2. คั้นกะทิข้นจากมะพร้าวขูด ตั้งไฟให้เดือดจนแตกมัน
3. โขลกเครื่องน้ำแกง (พริกแห้ง ข่า ตะไคร้ หัวหอม ผิวมะกรูด รากผักชี พริกไทย กระเทียม) ให้ละเอียด
4. ใส่เครื่องโขลกลงผัดกับหัวกะทิจนหอม ปรุงรสด้วยเกลือและผงชูรสตามชอบ
5. ใส่เห็ดฟาง มันแกว แห้วจีน มะอึก และมะเขือเทศลงเคี่ยวในน้ำแกงจนสุกนุ่ม
6. ใส่ใบมะกรูดและพริกสด ปิดท้ายด้วยใบโหระพา ชิมรสตามชอบ พร้อมเสิร์ฟ"
87,ต้มโคล้งกุ้ง,"1. ตวงน้ำใส่หม้อ ตั้งไฟให้เดือด (ใช้น้ำต้มกระดูกได้ก็ยิ่งดี)
2. ล้างกุ้งให้สะอาด ปอกเปลือกและผ่าเป็นชิ้นตามขนาด เก็บหัวกุ้งและมันกุ้งเตรียมไว้
3. เมื่อน้ำเดือด ใส่กุ้งลงไป คนพอทั่ว แล้วยกขึ้น
4. ใส่ใบกระเพรา 2 ช่อ (ถ้าชอบ) และปรุงรสด้วยน้ำปลา น้ำมะนาว และพริกขี้หนู/พริกชี้ฟ้า
5. ตักใส่ชาม โรยผักชีสำหรับตกแต่ง พร้อมเสิร์ฟ

**หมายเหตุ** ถ้าไม่มีกุ้งหลวง ใช้กุ้งตะเข็บ ปอกแล้วไม่ใช้หัว ล้างให้สะอาด ผ่าหลังให้จวนขาดออกจากกัน ถ้าตัวขนาดย่อมให้ใช้ทั้งตัว ถ้าตัวโตตัดเป็น 2 ท่อน เมื่อสุกแล้วจะเป็นก้อนกลมน่ารับประทาน ถ้าตัวใหญ่ 8 ตัว ถ้าตัวย่อมใช้ 16 ตัว"
88,แกงจืดลูกชิ้นกับจีฉ่าย,"1. ผสมเกลือ 1/2 ช้อนชากับแป้งสาลี 1/2 กิโลกรัม ร่อนลงชามใหญ่
2. เติมน้ำทีละน้อย นวดจนเป็นก้อนแป้งเหนียวพอเหมาะ ไม่เหลวเกินไป
3. ใส่ก้อนแป้งลงในน้ำพอท่วม ค่อย ๆ ล้างให้ละอองแป้งออกจนเหลือแค่แป้งเหนียว
4. บีบแป้งให้แห้ง ใส่ครกโขลกกับกระเทียมและพริกไทยให้เหนียว
5. ปั้นเป็นลูกชิ้นขนาดพอเหมาะ ใส่ลงในน้ำเดือดจนสุก ตักขึ้นแช่น้ำเย็นพักไว้
6. ตักน้ำใส่หม้อพอสมควร ตั้งไฟ ใส่น้ำซีอิ๊ว ผงชูรส เกลือ ปรุงรสตามชอบ
7. ใส่ลูกชิ้นที่ทำไว้ลงในหม้อ
8. ใส่จีฉ่ายที่ล้างแล้ว ตังฉ่าย ต้นหอม ผักชี และโรยพริกไทย
9. ต้มจนลูกชิ้นสุกทั่วและน้ำแกงหอมรสกลมกล่อม ยกลงใส่ชามพร้อมเสิร์ฟ

**หมายเหตุ** จีฉ่าย เป็นสาหร่ายทะเลชนิดหนึ่ง คนจีนเรียกจีฉ่าย เขาทำเป็นแผ่นกลม ๆ ตากแห้งคล้ายข้าวเกรียบ ส่วนน้ำแป้งที่เก็บไว้ ทิ้งไว้ให้นอนน้ำรินน้ำออก แล้วเอาแป้งตากให้แห้ง ใช้ทำอะไรก็ได้ คนจีนใช้ทำขนมจีน"
89,ไข่สามชั้น,"1. ล้างผิวเป็ดให้สะอาด ตัดคอ กรีดหนังตามสันหลังแล้วเลาะเนื้อออกเป็นแผ่น ตัดกระดูกปีกและขาออก แล้วยัดกลับเข้าไปทางเนื้อ
2. ทาเกลือ 1 ช้อนชา และพริกไทย 1 ช้อนชาให้ทั่วเนื้อ เก็บพักไว้
3. ต้มไข่เป็ด 4 ฟอง ประมาณ 15 นาที แช่น้ำเย็นแล้วปอกเปลือก
4. ซับและเช็ดก้อนเนื้อให้แห้ง ใช้ดินประสิวทาให้ทั่ว กรีดและสับเนื้อให้ละเอียด
5. ผสมเนื้อสับกับแอปเปิลหั่น ลูกจันทร์ป่น เกลือ พริกไทย และน้ำตาลทราย นวดจนเข้ากันและเนียน
6. แผ่เนื้อเป็ดออก วางเนื้อสับให้ทั่ว แผ่ไข่ฝานเป็นแว่นวางเรียงตามยาวตัวเป็ด ม้วนให้แน่น ใช้ด้ายพันให้แน่นทั้งตัว
7. ตัดหนังคอเป็นแผ่นเล็ก ปะเย็บปิดรอยก้น ใช้ไม้แบน 4 ชิ้น ดามรอยก้นและพันด้วยเชือก
8. อบในเตาอบหรือกะทะ ใช้ไฟอ่อน ใส่น้ำมันหมูเล็กน้อย คอยกลับให้สุกเหลืองทั่ว เติมน้ำเล็กน้อยหากแห้ง จนเป็ดสุกนุ่ม
9. พักเป็ดให้เย็น ปรุงน้ำที่เหลือในกะทะให้มีรสเค็มหวานเล็กน้อย
10. ใช้มีดคมหั่นเป็นแว่นขนาดพอดี จัดเรียงลงจานพร้อมราดน้ำที่ปรุงไว้"
90,มันผรั่งบดใส่ไส้,"1. ตั้งกระทะใส่น้ำมันเล็กน้อย ผัดหอมหัวใหญ่จนสุกใส จากนั้นใส่เนื้อไก่และเมล็ดถั่วลันเตา ผัดให้เข้ากัน
2. ปรุงรสด้วยเกลือ พริกไทย น้ำตาล และผงชูรส ผัดจนเครื่องเข้ากันดีแล้วตักขึ้นพักไว้
3. ต้มมันฝรั่งจนสุกนุ่ม แล้วบดให้ละเอียดเป็นเนื้อเดียวกัน
4. ตักมันฝรั่งพอประมาณ แผ่ให้แบน แล้วตักไส้ที่ผัดไว้ใส่ตรงกลาง ปั้นเป็นก้อนกลมหรือรีตามต้องการ
5. ชุบไข่ไก่ แล้วคลุกขนมปังแห้งบดให้ทั่ว
6. ทอดในน้ำมันร้อนไฟปานกลางจนเหลืองกรอบทั้งสองด้าน
7. ตักขึ้นพักให้สะเด็ดน้ำมัน จัดเสิร์ฟร้อน ๆ"
91,ไข่ในรัง,"##วีธีเตรียมรังรองขนมแบบมะพร้าว:
ผสมมะพร้าวขูด น้ำตาล และแป้งมันเข้าด้วยกัน นำไปอบที่ไฟอ่อน 5 นาที หรือใช้กระทะคั่วให้มะพร้าวแห้งเล็กน้อย แล้วตักใส่พิมพ์เป็นฐานรองขนม

##วีธีเตรียมรังรองขนมแบบแบบแป้งกรอบ:
ผสมแป้งข้าวเจ้า แป้งมัน น้ำตาล น้ำปูนใส และกะทิให้เข้ากัน ตั้งกระทะเทฟลอน ใช้ไฟอ่อน ค่อย ๆ หยอดแป้งให้เป็นแผ่นบาง ตั้งกระทะเทฟลอน ใช้ไฟอ่อน ค่อย ๆ หยอดแป้งให้เป็นแผ่นบาง

##วีธีทำตัวขนมไข่:
ตีไข่กับน้ำตาลทรายจนขึ้นฟูและเป็นสีอ่อน (ใช้เครื่องตีไฟฟ้าจะช่วยให้ขึ้นฟูดี) ร่อนแป้งสาลีและผงฟูลงไป แล้วค่อย ๆ ตะล่อมให้เข้ากัน เติมกลิ่นวานิลลา นมสด และเนยละลาย คนเบา ๆ ให้เข้ากัน แล้วตักส่วนผสมใส่พิมพ์ที่มีรังรองอยู่ประมาณ 3/4 ของพิมพ์

##วีธีอบขนม:
วอร์มเตาอบที่อุณหภูมิ 180°C ประมาณ 10 นาที นำขนมเข้าอบประมาณ 15-20 นาที หรือจนสุกเป็นสีเหลืองทอง แล้วนำออกจากเตา พักให้เย็น แล้วแกะออกจากพิมพ์"
92,ปลาโฉมตรู,"1. หักหัวและหางปลาทูนึ่งออก แล้วลวกน้ำร้อนให้เนื้อนุ่ม แกะเฉพาะเนื้อเป็น 2 ซีก ผึ่งให้สะเด็ดน้ำไว้
2. เด็ดยอดผักบุ้ง ล้างให้สะอาด หั่นเฉียงพอคำ
3. ตั้งกระทะใส่น้ำมันพืชให้ร้อน ใส่กระเทียมทุบลงผัดจนหอม ใส่ผักบุ้ง ปรุงรสด้วยน้ำซีอิ๊วขาว ผัดพอสุก
4. ตักผักบุ้งใส่จาน จัดเรียงเนื้อปลาทูวางคว่ำบนผักบุ้ง โดยให้หางปลามาบรรจบกันตรงกลาง
5. ราดด้วยพริกชี้ฟ้าดองน้ำส้มให้ทั่ว เสิร์ฟขณะร้อน"
93,ไข่เค็มชั้น,"1. แยกไข่แดงและไข่ขาวของไข่เค็มและไข่ไก่ออกจากกัน จากนั้นนำไข่ขาวทั้งหมด (ทั้งเค็มและจืด) ผสมให้เข้ากัน เทใส่ถาดแบนแล้วนึ่งประมาณ 5 นาที ยกลงพักไว้
2. โขลกรากผักชี พริกไทย และกระเทียมให้ละเอียด สับหมูให้ละเอียดแล้วนำไปคลุกกับเครื่องที่โขลกไว้ จากนั้นใส่ไข่แดงจืดลงเคล้าให้เข้ากัน
3. ปั้นหมูเป็นก้อนแบน ๆ วางบนไข่ขาวที่นึ่งไว้ โดยเว้นระยะห่างระหว่างก้อนประมาณ 1 นิ้ว
4. นำไข่แดงเค็มผ่าครึ่งแล้วคว่ำลงบนก้อนหมูแต่ละก้อน จากนั้นนำไปนึ่งต่อประมาณ 25 นาทีจนสุก
5. เมื่อสุกแล้ว ยกออกจากลังถึง พักให้เย็นเล็กน้อย แล้วตัดเป็นชิ้นสี่เหลี่ยมหรือสามเหลี่ยมตามชอบ จัดใส่จาน
6. ตกแต่งด้วยใบผักชีและพริกแดงซอยฝอย โรยให้สวยงาม

**หมายเหตุ** ไข่เค็มชั้นนี้ใช้รับประทานกับแกงเผ็ด ข้าวมัน หรือส้มตำดี"
94,แกงเลียงขี้เหล็ก,"1. โขลกเครื่องแกงทั้งหมด ได้แก่ ปลาช่อนย่าง ปลากุเลาเค็มปิ้ง พริกไทย หัวหอมแดง กะปิ และกระชาย ให้ละเอียด
2. นำน้ำหรือน้ำซุปใส่หม้อ ตั้งไฟให้ร้อน แล้วละลายเครื่องแกงที่โขลกไว้ลงไป คนให้เข้ากัน
3. ใส่ขี้เหล็กที่ต้มคั้นน้ำเรียบร้อยลงในหม้อ ต้มจนเดือด
4. ปรุงรสด้วยน้ำปลา เคี่ยวต่ออีกเล็กน้อยจนเดือดทั่ว แล้วปิดไฟ
5. ตักใส่ชาม โรยหน้าด้วยพริกเหลืองหั่นละเอียดก่อนเสิร์ฟ (ถ้าชอบรสเผ็ด)"
95,ผัดคะน้า,"1. หั่นหมูเป็นชิ้นบางขนาดประมาณ 2×3 เซนติเมตร คลุกกับแป้งมันให้ทั่ว แล้วพักไว้ในจาน
2. แยกใบคะน้าออกจากก้าน หั่นก้านเฉียงบาง ๆ และหั่นใบเป็นสี่เหลี่ยมขนาดประมาณ 3×3 เซนติเมตร แช่น้ำให้สดแล้วพักไว้
3. ตั้งกระทะใส่น้ำมันหมู ใช้ไฟแรงจนร้อนจัด ใส่กระเทียมทุบลงผัดจนหอม
4. ใส่คะน้าและน้ำปลา ผัดเร็ว ๆ แล้วปิดฝาไว้ครู่หนึ่ง เปิดกลับผักให้ทั่ว ใส่หมูลงผัดจนสุก
5. โรยพริกไทยป่น คนให้เข้ากัน ตักขึ้นเสิร์ฟร้อน ๆ

**หมายเหตุ** ผักชนิดนี้ ต้องใช้ไฟแรงมาก และผักที่จะผัดอย่างนี้ เช่น ผักกาดหอม ต้นกุ้ยไฉ่ ต้นกระเทียม ดอกกุ้ยไฉ่ ต้องผัดให้เร็วกว่านี้ คือพอใส่ผักลงไปใส่น้ำปลา หมูคนให้ทั่วรับตักขึ้น ถ้าทิ้งไว้ช้าเหมือนคะน้า ผักจะเหยี่ยวเกินไป แต่ผัดต้นกระเทียมควรใส่กุ้งด้วย ถ้าชอบหวานก็ใส่น้ำตาลด้วย"
96,ปลาช่อนต้มเค็มกับก๋งฉ่าย,"1. ขอดเกล็ดปลาช่อน ล้างให้สะอาด แล้วหั่นเป็นแว่นหนาประมาณ 1/2 นิ้ว พักให้สะเด็ดน้ำ
2. ตั้งกระทะใส่น้ำมันให้ร้อน ใช้ไฟกลาง นำปลาช่อนลงทอดให้เหลืองทั้งสองด้าน แล้วตักขึ้นพักไว้ให้สะเด็ดน้ำมัน
3. เทน้ำมันออกให้เหลือประมาณ 2 ช้อนโต๊ะ ใส่กระเทียมลงเจียวจนเหลืองหอม
4. ใส่ก๋งฉ่าย เกี้ยมฉ่าย และผงพะโล้ ผัดพอหอม
5. ตักส่วนผัดใส่หม้อ เรียงชิ้นปลาทอดลงไป ใส่พริกชี้ฟ้าแดง เติมน้ำพอท่วมปลา
6. เคี่ยวด้วยไฟอ่อนจนผักเปื่อยและน้ำงวดเล็กน้อย ชิมรส หากอ่อนเค็มให้เติมเกลือตามชอบ
7. ตักใส่จาน เสิร์ฟร้อน ๆ รับประทานกับข้าวสวย"
97,ก๋วยเตี๋ยวผัด,"1. สับเนื้อไก่หรือเนื้อโคให้ละเอียด แล้วคลุกเคล้ากับคึ่นช่าย ซีอิ๊ว 1 ช้อนโต๊ะ และพริกไทยป่น พักไว้ประมาณ 10 นาที
2. ตั้งกระทะบนไฟกลาง ใส่น้ำมันหมูให้ร้อน ใส่เส้นก๋วยเตี๋ยวลงผัดจนแห้งและร้อนทั่ว
3. ใส่เนื้อที่หมักลงไป ขยี้ให้กระจาย ผัดให้สุกทั่ว ปรุงรสด้วยซีอิ๊วที่เหลือ ผัดต่อจนหอมและแห้งน้ำ
4. ตักใส่จาน เสิร์ฟพร้อมน้ำมะเขือเทศหรือน้ำซอสมะเขือเทศราดเล็กน้อย"
98,ไข่เค็มทอดกรอบ,"1. ต่อยไข่เค็ม แยกไข่แดงไว้ต่างหาก แล้วหั่นเป็นชิ้นสี่เหลี่ยมขนาดลูกเต๋า พักไว้
2. นวดแป้งข้าวจ้าวกับหัวกะทิให้เข้ากัน
3. ใส่ไข่ขาวของไข่เค็มและไข่เป็ดลงผสมกับแป้งให้เข้ากันดี
4. เติมไข่แดงของไข่เค็มที่หั่นไว้ลงในส่วนผสม
5. ตั้งน้ำมันหมูให้ร้อน ใช้ช้อนตักส่วนผสมไข่ที่มีไข่แดงอยู่ตรงกลาง หยอดลงทอดในน้ำมัน
6. ทอดจนไข่ฟู เหลืองกรอบ แล้วตักขึ้นพักบนกระชอนให้น้ำมันสะเด็ด"
99,แกงจืดต้นคะน้า,"1. ล้างต้นคะน้า กรีดกลางใบและทุบต้นให้แตกหากใบใหญ่ หั่นเป็นชิ้นแล้วล้างน้ำ สะเด็ดน้ำพักไว้
2. ต่อยไข่เค็ม แยกไข่แดงใส่จาน
3. ใส่แป้งข้าวจ้าวลงในอีกจานหนึ่ง พรมน้ำเล็กน้อยให้แป้งนุ่ม ปั้นผสมกับไข่แดงและไข่ขาว ตีให้เข้ากันดี
4. ตั้งน้ำมันหมูในกะทะให้ร้อน จึงเทส่วนผสมไข่ลงเจียวให้เหลืองทั้งสองด้าน
5. หั่นไข่เจียวเป็นชิ้นสี่เหลี่ยมขนาดพอเหมาะ
6. ตั้งหม้อน้ำให้เดือด ใส่คะน้าลงต้มจนสุก
7. ใส่ไข่เจียวลงไป ต้มต่อสักครู่
8. ปรุงรสด้วยกระเทียมเจียว น้ำปลา และเกลือ/น้ำตาลตามชอบ
9. ตักใส่ชาม เสิร์ฟร้อน ๆ"
100,สาเกเชื่อม,"1. ปอกเปลือกสาเก ตัดเป็นชั้นหรือวงตามชอบ และเอาไส้กลางออก
2. แช่สาเกในน้ำดินสอพองประมาณ 1 คืน เพื่อให้เนื้อสาเกขาวสะอาด
3. ตั้งน้ำและน้ำตาลบนไฟอ่อน จนละลายเป็นน้ำเชื่อม
4. ใส่สาเกลงเคี่ยวต่อจนเนื้อนุ่มและน้ำเชื่อมเหนียวคล้ายน้ำตาลยางมะตูม
5. ตักขึ้น พักให้เย็นและพร้อมเสิร์ฟ"
101,ไข่สวรรค์,"1. สับกุ้งและเนื้อหมูรวมกัน ปรุงรสด้วยน้ำปลา ผงชูรส และแป้งสาลี คนให้เข้ากัน
2. ปั้นเป็นก้อนกลม ขนาดตามต้องการ ยัดไส้ด้วยเนื้อปู แล้วคลุกขนมปังป่นให้ทั่ว
3. ตั้งน้ำมันให้ร้อนปานกลาง ทอดก้อนไข่จนสุกและเหลืองทั่ว ตักขึ้นให้สะเด็ดน้ำมัน
4. ผ่าไข่สวรรค์ออกเป็น 2 ซีกเพื่อให้เห็นไส้ปู เสิร์ฟพร้อมน้ำจิ้มพริกหรือน้ำบ้วยเจี่ยผสม"
102,มักกะโรนีรังแตน,"1. หักมักกะโรนีเป็น 2 ท่อน ลวกในน้ำเดือดจนสุก แล้วสะเด็ดน้ำให้แห้ง
2. สับหอมหัวใหญ่ ตับหมู และเนื้อหมูให้ละเอียด ผสมกับลูกจันทน์ป่น เกลือ พริกไทย และผงชูรส เคล้าให้เข้ากัน
3. ผสมเส้นมักกะโรนีกับเนื้อและตับให้ทั่ว
4. ทาถาดปิ้งด้วยน้ำมัน จัดเส้นมักกะโรนีผสมเนื้อให้เรียงเส้นสลับกันให้แน่นและเรียบเสมอกัน
5. นึ่งจนสุกประมาณ 20–25 นาที (หรือจนเนื้อสุกและร้อนทั่ว) ยกลงพักให้เย็น
6. แซะขอบจากถาด ตัดเป็นชิ้นสี่เหลี่ยมแบนเหมือนรังแตน
7. เสิร์ฟพร้อมซอสมะเขือเทศ"
103,น้ำพริกเครื่องสด,"1. เผากะปิให้หอม
2. ล้างกุ้งแห้งจืดให้สะอาด ผึ่งให้หมาดแล้วหั่นเล็ก ๆ
3. ผสมกะปิ กุ้งแห้ง กระเทียม หอมซอย และระกำฝานในชาม
4. บีบน้ำมะนาว ใส่น้ำปลา น้ำตาล แล้วใช้ช้อนคนให้เข้ากัน
5. บุบพริกเหลืองและพริกขี้หนูตามชอบ ใส่ลงผสม
6. ใส่ใบผักชีฝรั่งหั่นฝอย คนให้เข้ากัน ชิมรสและปรับตามชอบ"
104,ปลาทูร่องสวน,"1. ใส่เครื่องน้ำพริกทั้งหมดลงในหม้อ เติมน้ำพอท่วม ต้มเคี่ยวจนเปื่อย
2. ช้อนขึ้นมา กรองโขลกให้ละเอียด และคั้นด้วยน้ำกะทิจนได้เนื้อข้น
3. นำหม้อขึ้นตั้งไฟ เคี่ยวจนงวด (ไม่ต้องแห้งมาก) เป็นน้ำพริก
4. เจียวหัวหอมเตรียมไว้
5. ล้างปลาทูให้สะอาด ทอดพอเหลือง แกะก้างออกเป็น 2 ซีก
6. เด็ดใบผักบุ้งบางส่วน หั่นตามขวางพอคำแล้วผัดไฟแรงสุก
7. ตักผักบุ้งใส่จานกลม ๆ วางปลาทูเรียงเป็นวงกลมให้หางรวมกัน
8. ราดน้ำพริกที่เคี่ยวไว้ให้ทั่ว โรยหัวหอมเจียว"
105,ผัดกะเพรา,"1. นำเนื้อไปผัดในกระทะโดยไม่ต้องใส่น้ำมัน เปิดไฟเบา ผัดไปเรื่อย ๆ จนน้ำมันของเนื้อสัตว์ออกมา
2. ใส่เครื่องพริกที่ตำรวมกันจนละเอียดทั้งหมดลงไปผัดด้วยไฟแรง จนสีของเครื่องพริกเริ่มสวย
3. ใส่ซอสปรุงรสกะเพรา ผัดอีกรอบ และหรี่ไฟกลาง
4. ใส่ใบกะเพรา พริกไทยขาว ผัดประมาณ 4-5 ครั้ง แล้วปิดไฟ นำขึ้นจากกระทะ พร้อมเสิร์ฟ เท่านี้ก็จะได้เมนูผัดกะเพราที่อร่อยที่สุดในประเทศไทยมารับประทานแล้ว

##ที่มา:
1. https://web.facebook.com/Sumnakkaow.PRD/posts/696744839154523
2. https://web.facebook.com/Sumnakkaow.PRD/posts/696744839154523?_rdc=1&_rdr"
106,ไข่เจียว,"1. ต่อยไข่ใส่ชาม เติมน้ำปลา ตีไข่จนขึ้นฟูเป็นฟองเล็ก ๆ
2. ตั้งน้ำมันในกะทะให้ร้อนจนเริ่มมีควัน
3. ใส่ต้นหอมลงในไข่ที่ตีไว้ คนให้เข้ากัน
4. เทไข่ลงกะทะ ทอดจนไข่ฟูและสุกด้านล่าง
5. ใช้ตะหลิวกลับไข่เรื่อย ๆ ให้สุกทั่วทั้งชิ้น จนไข่เหลืองสวย
6. ตักใส่จาน เสิร์ฟร้อน ๆ

**หมายเหตุ** การเจียวไข่ ถ้าตีให้ขึ้นฟูได้เท่าไรยิ่งดี (กล่าวกันว่าการตีไข่ให้ฟูนั้นจะทำให้มีออกซิเจนมากขึ้น ซึ่งช่วยรักษาวิตามินและคุณภาพอื่น ๆ ของไข่ไว้ได้มาก)
เครื่องปรุงสำหรับผสมไข่เจียวนี้ ไม่ใช้ต้นหอมจะใช้หอมหัวเล็ก หอมใหญ่หรือมะเขือเทศก็ได้ หรือจะใช้หมูแฮมใส้กรอกหมูแห้ง (กุนเชียง) หรือหมูสดสับใส่ไปด้วยก็เรียกว่าไข่เจียงปรุงเครื่อง"
107,แกงเปลือกแตงโม,"1. โขลกตะไคร้ หัวหอม ปลากุเลา ปลาย่าง กะปิ และเกลือให้ละเอียด
2. เติมน้ำพอท่วมวัตถุดิบ (ไม่ต้องใส่น้ำมากนัก) ตั้งไฟจนเดือด
3. ใส่เปลือกแตงโม มะเขืออ่อน ถั่วลันเตา และกุ้งทั้งเนื้อและหัว
4. ใส่ใบมะกรูด ปรุงรสด้วยน้ำตาล น้ำปลา และเกลือ
5. ต้มจนส่วนผสมสุกทั่วดี ชิมรสให้กลมกล่อม
6. ยกลงจากไฟ ตักใส่ชาม บีบมะนาว และโรยพริกสดก่อนเสิร์ฟ"
108,ต้มยำหอยแมลงภู่,"1. ตวงน้ำใส่หม้อ ตั้งไฟจนร้อน (ถ้ามีน้ำต้มกระดูกใช้ได้ยิ่งดี)
2. ล้างหอยแมลงภู่ให้สะอาด สงขึ้น ใส่หม้อ พอน้ำเดือดอีกครั้งให้ยกลง
3. โขลกกระเทียมกับกะปิให้ละเอียด ใส่พริกบุบลงละลายในน้ำ
4. เติมน้ำปลาและมะนาว ปรุงรสตามชอบ
5. ตักใส่ชาม โรยต้นหอมและผักชีก่อนเสิร์ฟ"
109,แกงเลียง,"1. โขลกกุ้งแห้งหรือปลาย่างให้ละเอียด ใส่กะปิ พริกไทย และหัวหอม โขลกจนเข้ากัน
2. ตวงน้ำใส่หม้อ นำเครื่องที่โขลกไว้ละลายในน้ำ
3. ตั้งไฟจนเดือด ใส่ผักที่หั่นไว้
4. ปรุงรสด้วยน้ำปลา ยกลงจากเตา

**หมายเหตุ** เครื่องปรุงอีกชนิดหนึ่ง ใช้เครื่องปรุงส่วนเท่ากัน แต่เติมกะชายลงอีกหนึ่งราก หรืออีกวิธีหนึ่งใส่กะชาย 1 ราก ปลาเค็ม แต่ปลาเค็มไม่ต้องโขลกด้วย (บิดเป็นชิ้นใส่เพียงเล็กน้อย ถ้าใส่ปลาเค็มให้ลดส่วนน้ำปลาลงบ้าง) วิธีหั่นผักผล เมื่อปอกเสร็จแล้ว ผ่าให้เป็นเสี้ยวเล็ก ๆ ตามความพอใจ แล้วจึงหั่น"
110,แกงต้มกะทิฟักเขียว,"1. คั้นกะทิจากมะพร้าวขูดใส่หม้อ
2. โขลกรากผักชี พริกไทย และหัวหอมให้ละเอียด
3. ละลายเครื่องโขลกลงในน้ำกะทิ
4. ล้างปลาเค็มและฟักเขียวให้สะอาด ใส่ลงในหม้อกะทิ
5. ตั้งไฟ เคี่ยวจนฟักเขียวสุก
6. ปรุงรสด้วยน้ำมะขามเปียก น้ำปลา และน้ำตาลตามชอบ"
111,ถั่วแนม,"1. แช่ถั่วขาว 2–3 ชั่วโมง ปอกเปลือกแล้วต้มในน้ำเล็กน้อยจนสุก จากนั้นตวง 1 ถ้วย พักให้สะเด็ดน้ำ
2. คั่วมะพร้าวให้แห้ง
3. โขลกข่าให้ละเอียด ใส่ถั่วขาวและมะพร้าวลงโขลกรวมจนละเอียดเข้ากัน
4. ปรุงรสด้วยเกลือ มะนาว น้ำตาลทราย คลุกให้เข้ากัน
5. โรยข้าวคั่วทีละน้อย คลุกให้เข้ากันจนกระจายทั่ว
6. ใส่วุ้นเส้นลวก กระเทียมดอง หัวหอม ผิวส้มซ่า และถั่วลิสง คลุกเบา ๆ ให้เข้ากัน
7. จัดใส่จาน ตกแต่งด้วยผิวส้มซ่า ถั่วลิสง พริก 3 สี และใบผักกาดแก้ว

##วิธีทำข้าวคั่ว:
1. ซาวข้าวสารแล้วแช่น้ำให้ท่วม 1 เซนติเมตร
2. สงขึ้น ตั้งกระทะไฟแรง คั่วข้าว 1 ครั้งไม่เกิน 4 ช้อนโต๊ะพูน พอสีนวล อย่าให้เหลืองเกินไป
3. โม่ละเอียดและกรองด้วยผ้าขาวบาง"
112,ผัดไข่ปลาตะเพียน,"1. ล้างไข่ปลาตะเพียนเบา ๆ ในน้ำ แล้วสะเด็ดน้ำพักไว้ในตะแกรง
2. ปอกหอมหั่นตามยาวเป็นชิ้นเล็ก ๆ
3. ต้นคื่นฉ่ายตัดรากออก ล้างให้สะอาด ตัดเป็นท่อนขนาด 2 ซม.
4. ปอกกระเทียมและรากผักชี ใส่ครกโขลกกับพริกไทยให้ละเอียด
5. ตั้งกระทะใส่น้ำมันหมูบนไฟพอร้อน ใส่กระเทียม รากผักชี และพริกไทยโขลก คนจนหอม
6. ใส่ไข่ปลาลงทั้งสองฝัก พอไข่แข็งตัว พลิกกลับด้าน จนสุกทั้งสองข้าง
7. ใช้ตะหลิวตัดเป็นท่อนเล็ก ๆ ใส่หอมหัวใหญ่และน้ำเคย เห็นไอขึ้น ให้หัวหอมสุกอีกด้าน
8. ใส่ต้นคื่นฉ่าย คนเบา ๆ ให้เข้ากัน แล้วตักขึ้นใส่จาน"
113,ส้มตำแตงร้าน,"1. ปอกแตงร้าน ผ่าเป็นสี่เสี้ยว เอาเมล็ดออก ล้างเนื้อแตงแล้วผึ่งให้สะเด็ดน้ำ
2. คั่วถั่วลิสงจนหอมและเปลือกหลุดออก ตักขึ้นแล้วบุบพอแตก
3. โขลกกระเทียมและพริกไทยให้ละเอียด
4. ใส่แตงร้านในชาม ใส่พริกไทยกระเทียมโขลก กุ้งแห้ง มะนาวหั่นเล็ก น้ำปลา และน้ำตาลปีบ คลุกเคล้าให้เนื้อแตงอ่อนตัว
5. ชิมรสให้เปรี้ยวหวานเค็มสมดุล
6. ใส่ถั่วฝักยาวและถั่วลิสงคั่ว คลุกให้เข้ากัน
7. จัดใส่จาน พร้อมเสิร์ฟทันที"
114,ผัดคะน้ากับซีเซ็กฉ่าย,"1. ล้างผักคะน้าให้สะอาด ปลิดใบแก่และปอกเปลือกต้นแข็ง ๆ จากนั้นหั่นเป็นชิ้นพอคำ
2. หั่นเต้าหู้เหลืองขนาดพอดี
3. เปิดกระป๋องซีเซ็กฉ่าย ตักเอาเฉพาะเนื้อ 1/2 กระป๋อง
4. ตั้งกระทะ ใส่น้ำมันรำ พอกระทะร้อนใส่กระเทียมทุบลงผัดจนหอม
5. ใส่ผักคะน้าที่หั่นแล้วลงผัดจนสุกด้านล่าง ค่อยกลับผัก
6. ใส่เต้าหู้และซีเซ็กฉ่ายคนให้เข้ากัน
7. ปรุงรสด้วยน้ำซีเซ็กฉ่ายและซีอิ๊วตามชอบ
8. ผัดให้เข้ากันอีกครั้ง แล้วตักขึ้นเสิร์ฟร้อน ๆ

**หมายเหตุ** ถ้าเป็นอาหารธรรมดา ก็ใส่เนื้อหมูต้มเค็มด้วย"
115,ต้มโคล้ง,"1. เทน้ำใส่หม้อ 2 1/2 ถ้วย ตั้งไฟ พอน้ำเดือดพล่าน ใส่ปลาเคี่ยวจนปลานุ่ม
2. ขณะเดือดจะมีฟอง ให้ตักฟองออกจนหมด
3. ใส่หัวหอมซอยและดอก/ใบมะขาม เคี่ยวจนหัวหอมสุก
4. เติมน้ำปลา ชิมรสให้เปรี้ยวอ่อน ๆ เพราะพอสักพักรสเปรี้ยวจะออกมากขึ้น
5. เผาพริกแห้งหรือพริกสดพอเกรียม จากนั้นฉีกพริกก่อนใส่ลงหม้อ
6. คนเบา ๆ ให้เข้ากัน ตักใส่ชาม พร้อมเสิร์ฟ

**หมายเหตุ** ต้มโคล้งชนิดนี้ จะใช้ปลาสดอย่างอื่น ๆ แทนปลาแห้งก็ได้และส่วนของแกงในที่นี้ เมื่อทำเสร็จแล้วจะตักได้ 2 ชาม"
116,ยำทวายสมัยใหม่,"1. เคี่ยวกะทิข้น ๆ ใส่ไก่สับละเอียด พริกแห้ง โขลกกับเกลือ หอมเผา และกระเทียมเผา ปรุงรสด้วยน้ำมะขามเปียก น้ำตาลปึก น้ำปลา และเกลือ เคี่ยวจนข้นเข้ากัน
2. ลวกผักทุกชนิดให้สุก (ยกเว้นผักบุ้งหั่นฝอยลวกแล้วสะเด็ดน้ำ)
3. ใส่ผักลงในน้ำพริกไก่ ผัดเบา ๆ หรือวางแยกตามต้องการ จัดผักใส่จาน โรยกุ้งแห้งป่น ราดน้ำพริกไก่ โรยงาคั่วและหอมเจียวบนหน้า เสิร์ฟทันที"
117,ผัดผักกาดขาว,"1. หั่นเนื้อหมูบาง ๆ ขนาด 2×3 เซนติเมตร
2. ล้างผักกาดขาว แยกใบและก้าน หั่นเป็นท่อนยาว 5 เซนติเมตร แช่น้ำให้สด แล้วสะเด็ดน้ำ
3. ทุบหัวหอมและกระเทียมพอแตก
4. ตั้งกระทะใส่น้ำมันหมู ใช้ไฟแรงจนร้อน
5. ใส่หัวหอมและกระเทียม ผัดจนหอม
6. ใส่เนื้อหมูและผักกาดขาวลงไป ใช้ฝาปิดไว้ 30 วินาที แล้วเปิดกลับให้ทั่ว
7. ต่อยไข่ใส่กลางกระทะ เจาะไข่แดงให้แตก เขี่ยไข่ให้กระจาย พอไข่เริ่มสุก ใส่น้ำปลา คนเบา ๆ ให้เข้ากัน
8. โรยพริกไทย ตักเสิร์ฟร้อน ๆ

**หมายเหตุ** ผัดฟักทอง ฟักเขียว และแตงกวา ทำเช่นเดียวกันเว้นแต่ผัดแตงกวา พอใส่แตงกวาคนให้ทั่วก็ใส่ไข่ พอไข่สุกใส่น้ำปลารีบตักขึ้น มิฉะนั้นแตงกวาจะหายกรอบ"
118,ผัดหัวผักกาดเค็ม,"1. ล้างหัวผักกาดเค็มให้สะอาด ดึงให้ยืด แล้วหั่นเป็นเส้นหยาบบาง ๆ
2. ล้างอีกครั้งเพื่อขจัดเกลือส่วนเกิน แล้วบีบน้ำออกให้แห้ง
3. หั่นหมูขนาด 2×3 เซนติเมตร
4. ทุบกระเทียมหยาบ ๆ
5. ตั้งกระทะ ใส่น้ำมันหมู ใช้ไฟกลางจนร้อน
6. ใส่กระเทียมลงผัดจนหอม
7. ใส่หัวผักกาดเค็มลงผัดจนเริ่มเป็นมัน
8. ใส่หมู ผัดให้เข้ากันจนหมูเริ่มสุก
9. ต่อยไข่ลงในกระทะ เขี่ยให้ไข่ขาวและไข่แดงกระจายทั่ว พอไข่สุก โรยน้ำตาลทราย ผัดให้เข้ากันอีกครั้ง
10. ตักใส่จาน เสิร์ฟร้อน ๆ คู่กับข้าวสวย"
119,ไข่ซ่อนรูป,"1. ล้างไข่เป็ด 3 ฟองให้สะอาด ต้มในน้ำเดือดประมาณ 10 นาทีจนสุก แช่น้ำเย็น ปอกเปลือกเตรียมไว้
2. แร่เอาพังผืดแข็งออกจากเนื้อวัว หั่นตามขวางเส้นเนื้อ, หั่นหอมหัวใหญ่, ฝานขนมปังสด 3 แผ่นแช่น้ำเย็นบีบน้ำออกให้แห้ง และหั่นขนมปังที่เหลือเป็นชิ้นเล็กขนาด 0.5×0.8 ซม.
3. ตั้งกระทะใส่น้ำมันหมู 1/2 ช้อนโต๊ะ ผัดหอมหัวใหญ่จนหอม ใส่เนื้อวัวผัดจนสุกพอผิวแล้วยกขึ้น จากนั้นเติมน้ำมันหมูอีก 1 ช้อนโต๊ะ ผัดขนมปังที่แช่น้ำจนจับตัวเป็นปึกสีเหลือง
4. นำเนื้อผัด หอมหัวใหญ่ และขนมปังผัดมาบดรวมกันให้ละเอียด 2 รอบ ปรุงรสด้วยเกลือ พริกไทย และลูกจันทน์ป่น นวดให้เข้ากันจนเนื้อเหนียวนุ่ม
5. แบ่งส่วนผสมเนื้อเป็น 3 ก้อน นำไปพอกไข่ต้มให้แน่นเรียบ ใช้ไข่แดงดิบจากฟองที่เหลือทาให้ทั่ว
6. คลุกไข่ที่ห่อแล้วในขนมปังหั่นชิ้นเล็ก (หรือขนมปังแห้งบดละเอียด) ตั้งน้ำมันให้ร้อนประมาณ 160–170°C ใส่ไข่ซ่อนรูปลงทอด ใช้ช้อนตักน้ำมันราดจนผิวแห้งก่อนกลับด้าน ทอดจนเหลืองทองทั่วทั้งลูกแล้วยกขึ้นพักให้สะเด็ดน้ำมัน
7. หั่นไข่ซ่อนรูปครึ่งตามขวาง วางบนแว่นสับปะรดที่คว้านไส้ออกและทอดจนเหลือง จัดใส่จานเสิร์ฟร้อน ๆ

**หมายเหตุ** การทำไข่ซ่อนรูปต้องระวัง
1. ส่วนผสมเนื้อให้แห้ง ๆ หน่อย ถ้าแฉะจะลำบากเวลาทอด
2. สับปะรดทอดเหลือง ๆ หน่อยจึงจะดี
3. ถ้าไม่มีขนมปังจะใช้ข้าวคั่วโม่หยาบ ๆ ก็ได้"
120,ยำไข่เจียวเครื่องหมี่,"1. ต่อยไข่ใส่ชาม ตีให้ขึ้นฟู ตั้งกระทะใส่น้ำมันหมู พอร้อนเทไข่ลงกลอกให้หนา เจียวจนเหลืองทั้งสองด้าน ใช้ตะหลิวแซะม้วนแล้วตักขึ้น หั่นไข่เจียวเป็นชิ้นเล็ก ๆ ขนาดพอดีคำ
2. สับหมูละเอียด นำไปจี่ในกระทะพอเกรียมทั้งสองข้าง ผ่ากระเทียมดองเป็นซีก เลือกรากและไส้แข็งออก หั่นบาง ๆ ปอกผิวส้มซ่าบาง ๆ หั่นเนื้อเป็นชิ้นเล็ก ๆ แคะเมล็ดออก เตรียมกุ้งเค็มปอกเปลือกให้พร้อม
3. ผสมน้ำพริกเผา น้ำปลา น้ำตาล และน้ำมะนาว คนให้เข้ากัน ชิมรสให้กลมกล่อม (เปรี้ยวนำ เค็มตาม หวานเล็กน้อย)
4. รวมไข่เจียว หมูจี่ กระเทียมดอง กุ้งเค็ม และส้มซ่าลงในชาม ราดน้ำยำที่เตรียมไว้ คลุกให้เข้ากันทั่ว
5. ตักใส่จาน โรยผักชี และพริกแดงหั่นฝอย"
121,กุ้งแฝง,"1. ฉีกพริกแห้งล้างน้ำแล้วโขลกกับเกลือให้ละเอียด ใส่รากผักชี ข่า ตะไคร้ หัวหอม และกระเทียม โขลกรวมกันจนละเอียดดี พักไว้
2. ล้างกุ้งให้สะอาด หักหัว ปอกเปลือกกุ้ง 6 ตัวให้เหลือหางไว้ ผ่าหลังและดึงเส้นดำออก เจาะกลางตัวแล้วสอดหางกลับขึ้นบนหลัง แผ่หางออกให้กาง
3. กุ้งที่เหลืออีก 3 ตัว รวมทั้งหัวกุ้ง ปอกเปลือกแล้วสับละเอียด เก็บมันกุ้งไว้ต่างหาก
4. ผสมเนื้อกุ้งสับกับน้ำพริกที่โขลกไว้ เติมหัวกะทิและไข่แดง กวนให้เข้ากันดี แล้วปรุงรสด้วยน้ำปลา ชิมให้ได้รสเค็มมันกลมกล่อม
5. ปอกเปลือกฟักเขียว ตัดเป็นชิ้นสี่เหลี่ยมผืนผ้า ใช้มีดกรีดให้เป็นขอบหนา 4 มิลลิเมตร แล้วคว้านเนื้อออกให้เป็นหลุมตรงกลาง
6. ตักส่วนผสมกุ้งที่เตรียมไว้ใส่ในฟักเขียวให้เต็ม เกลี่ยหน้าให้เรียบ แล้วทาด้วยมันกุ้งให้ทั่ว
7. วางผักชีแต่งหน้าแต่ละชิ้น แล้วนำไปนึ่งในรังถึงด้วยน้ำเดือดประมาณ 15 นาที หรือจนฟักนุ่มและไส้กุ้งสุกดี"
122,บี๊ฟที,"1. ใช้เนื้อวัวทั้งก้อนขนาดประมาณ 5 นิ้ว (สี่เหลี่ยมลูกบาศก์)
2. ย่างด้วยไฟแรงให้ผิวสุกทั่วกันหนาประมาณ 1/2 นิ้ว
3. หั่นเนื้อที่ย่างแล้วเป็นชิ้นบาง ๆ
4. คั้นเอาน้ำจากเนื้อให้ได้ปริมาณตามต้องการ
5. เก็บน้ำเนื้อที่คั้นไว้ในที่เย็น หากไม่มีตู้เย็นให้ใส่ขวดปากกว้าง ปิดสนิท และแช่ในกะติกน้ำแข็ง
6. เมื่อต้องการใช้ ให้รินน้ำเนื้อใส่ถ้วย
7. เติมน้ำซุปไก่เดือดจัดลงในถ้วย
8. ปรุงรสด้วยเกลือและพริกไทยเล็กน้อย (ถ้าผู้ป่วยรับได้)"
123,กงเชียงสด,"1. ผสมหมูปนมันกับแป้งข้าวแดง ซีอิ๊วขาว น้ำผึ้ง น้ำตาล พริกไทย เกลือ เหล้าจีน และเครื่องเทศ (ลูกโป๊ยกั๊ก อบเชย กานพลู) จนเข้ากัน
2. บรรจุไส้หมูลงในไส้กรอก ไม่ให้แน่นจนเกินไป
3. ขดไส้กรอกเป็นวง ปิ้งไฟไม่แรง ใช้กากมะพร้าวโรยบนไฟเพื่อให้ควันรมกลิ่น
4. คลุมด้วยใบตองตอนเริ่ม ปิ้งจนสุกแล้วเปิดใบตองออก พลิกไส้กรอกกลับทั้งวง
5. ใช้ใบตองฉีกเป็นฝอย ม้วนทำเป็นแปรง ทาน้ำมันหมูบนไส้กรอก
6. หากไส้กรอกจะแตกออก ใช้ปลายไม้กลัดแทงเบา ๆ ให้ลมและน้ำมันออกเล็กน้อย
7. เมื่อสุกแล้ว หั่นไส้กรอกเป็นแฉลบหรือหั่นตามชอบ เสิร์ฟพร้อมผักเคียงและน้ำจิ้ม"
124,ไข่ตุ๋น,"1. ต่อยไข่ใส่ชามแล้วตีจนขึ้นฟอง
2. เติมน้ำเปล่าหรือน้ำข้าวต้ม 100–150 มิลลิลิตร คนให้เข้ากัน
3. ใส่ตับหมูสับและปรุงรสด้วยเกลือหรือซีอิ๊ว/น้ำปลา พร้อมพริกไทย คนให้เข้ากัน
4. ใส่ยอดผักกาดขาวหั่นละเอียดลงไปผสมในไข่
5. เทส่วนผสมลงภาชนะที่เหมาะสำหรับนึ่ง
6. นึ่งในหม้อน้ำเดือดประมาณ 20 นาที จนไข่สุกและเนื้อเนียน
7. ยกออกจากหม้อและพร้อมเสิร์ฟ

**หมายเหตุ** ถ้าไม่มีตับหมูจะใช้ตับไก่ หรือเนื้อไก่ หรือจะใช้เนื้อและตับไก่ปนกันก็ได้"
125,แกงต้มเค็ม,"1. โขลกรากผักชี พริกไทย และกระเทียมให้ละเอียด
2. ตั้งกะทะ ใส่น้ำมันหมู 1 ช้อนโต๊ะ พอร้อน ใส่เครื่องโขลกลงผัดจนหอม
3. เติมน้ำตาล 1 ช้อนหวาน คนจนละลายและเป็นสีเหลืองอ่อน (ระวังอย่าให้ไหม้)
4. เติมน้ำ 1 ถ้วยชา รอจนเดือดและน้ำตาลละลายหมด
5. ล้างปลาช่อนให้สะอาดและเอาเมือกออก
6. นำปลาลงใส่หม้อแล้วเทน้ำเครื่องปรุงที่เตรียมไว้ลงบนปลา
7. ใส่น้ำปลา 1 ช้อนโต๊ะ ปรับรสตามชอบ
8. ตั้งไฟจนปลาสุกและน้ำงวด ปลาจะมีสีแดงสวย ยกลงและพร้อมเสิร์ฟ

**หมายเหตุ** ปลาต้มเค็มนี้ ไม่ต้องให้มีน้ำมาก พอมีน้ำขลุกขลิก ถ้าจะใช้ปลาหมอ หรือปลาทูก็ทำเช่นเดียวกัน"
126,กุ้งทอดปรุงรส,"1. หักหัวกุ้งออก ปอกเปลือกให้เหลือหางติดตัว ผ่าหลังให้ลึกเกือบขาด พักไว้
2. ผสมแป้งข้าวเหนียวกับกะทิและเกลือป่นนิดหน่อย นวดให้เข้ากัน ไม่เหลวเกินไป
3. ตั้งกระทะใส่น้ำมัน 2 ถ้วยชา พอร้อน นำกุ้งมาชุบแป้งแล้วทอดจนเหลืองกรอบ พักไว้
4. ล้างผักบุ้งจีนให้สะอาด หั่นยาวประมาณ 3 เซนติเมตร
5. ทุบกระเทียมแล้วสับให้ละเอียด
6. ตั้งกระทะใส่น้ำมันหมู 2 ช้อนโต๊ะ พอร้อน ใส่กระเทียมเจียวจนหอม
7. ใส่เต้าเจี้ยวน้ำลงผัดพอหอม แล้วใส่ผักบุ้งลงผัดจนสุก รีบคนให้เข้ากันแล้วยกลง
8. จัดผักบุ้งใส่จาน วางกุ้งทอดบนผักบุ้งให้สวยงาม
9. ผสมน้ำส้ม น้ำตาล น้ำเคยดี ชิมรสตามชอบ ราดบนตัวกุ้งก่อนเสิร์ฟ"
127,ยำไข่แมงดา,"1. ล้างกุ้งนางให้สะอาด เผาไฟแรงจนพอสุก (อย่าเผาจนแห้ง)
2. ปอกกุ้งและฉีกเอาเนื้อกับมันทั้งตัว
3. เผาหอม 5 หัว ปอกแล้วซอยเป็นชิ้นเล็ก
4. ปอกมะม่วง กรีดเป็นเส้นบาง ๆ แล้วหั่นตามขวางเป็นฝอย
5. ล้างใบสาระแหน่ สบัดน้ำให้แห้ง แล้วเด็ดเป็นใบ ๆ
6. จัดไข่แมงดา กุ้ง หอมซอย มะม่วง และใบสาระแหน่ใส่จานแยกเป็นกอง ๆ
7. ผสมน้ำพริกเผา น้ำเคย น้ำตาล มะนาว คนให้เข้ากัน
8. ก่อนรับประทาน ราดน้ำปรุงลงบนส่วนผสมแล้วคลุกให้ทั่ว"
128,ยำส้มโอ,"1. คั่วกุ้งแห้งกับมะพร้าวในกระทะพอสีเหลืองอ่อน แล้วพักไว้ให้เย็น
2. แกะส้มโอเป็นเม็ด ๆ จากกลีบ จัดใส่จาน
3. โรยมะพร้าวคั่วและกุ้งแห้งลงบนส้มโอ
4. ก่อนรับประทาน ผสมน้ำปลาและน้ำตาลโตนด คลุกให้เข้ากันแล้วราดบนส้มโอ"
129,ไข่หวานฝอย,"1. ตวงน้ำและน้ำตาลใส่หม้อหรือกะทะทอง ตั้งไฟ ใช้ช้อนหรือทัพพีคนจนละลายหมด
2. กรองน้ำเชื่อมด้วยผ้าขาวบางกลับลงหม้อเดิม
3. ปอกขิง ล้างให้สะอาด ทุบให้ช้ำแล้วใส่ลงในน้ำเชื่อม ตั้งไฟให้เดือดสักครู่ จากนั้นตักขิงขึ้น
4. ปูผ้ากรองลงในชาม ต่อยไข่ใส่ ใช้มือรูดไข่ขาวไข่แดงให้เข้ากัน
5. ตักไข่ที่ผสมแล้วใส่ในกรวยใบตองหรือกรวยโลหะ
6. ราดน้ำเชื่อมเดือดพล่านลงบนไข่จนหมด แล้วปล่อยให้เดือดประมาณ 2 นาที ยกลง ตักใส่ถ้วยแบ่ง พร้อมเสิร์ฟ"
130,ฟักทองทอด,"1. นึ่งฟักทองจนสุก แต่ไม่ให้แฉะ
2. หั่นฟักทองเป็นก้อนสี่เหลี่ยมลูกบาศก์ ขนาดประมาณ 2.5 × 2.5 ซม.
3. ตักน้ำมันพืชใส่หม้อ (ใช้หม้อด้ามจะสะดวก) ตั้งไฟกลางจนร้อน
4. ใส่ฟักทองที่หั่นไว้ลงทอด คอยเขย่าหม้อให้ก้อนฟักทองกลับตัวไปรอบ ๆ
5. โรยเกลือและพริกไทยลงไปพอสมควร
6. ทอดจนฟักทองเกรียมและมีกลิ่นหอม จึงยกขึ้นพร้อมเสิร์ฟ"
131,แกงไส้กรอกหมูแห้ง,"1. หั่นไส้กรอกเฉียงบาง ๆ
2. หั่นตะไคร้เฉียงให้เป็นฝอย
3. หัวหอมหั่นตามยาวของหัว แยก 8 หัวไว้ผัดและ 2 หัวโขลกรวมกับรากผักชีและพริกไทย
4. คั้นมะพร้าวเป็นกะทิ ใส่หม้อ
5. โขลกรากผักชี พริกไทย และหัวหอม 2 หัวให้ละเอียด แล้วละลายในหม้อน้ำกะทิ
6. ตั้งไฟพอเดือด ใส่ไส้กรอก ตะไคร้ มะดัน และน้ำปลา
7. เคี่ยวจนมะดันเปื่อย ชิมรสตามชอบ ถ้าเปรี้ยวพอแล้ว ตักมะดันขึ้น
8. ใส่ใบมะกรูดและหัวหอม 8 หัวที่เตรียมไว้ ผัดจนหัวหอมสุก
9. ตักใส่ชาม โรยพริกแดง พร้อมเสิร์ฟ

**หมายเหตุ** แกงชนิดนี้ จะใช้แกงเนื้อเค็มกับหน่อไม้เปรี้ยวก็ได้ หรือ ใช้แทนก็ได้ แต่ไม่ต้องใส่มะดันหรือมะขามเปียกมากนักหรือถ้าเปรี้ยวพอแล้ว ไม่ต้องใส่เลยก็ได้"
132,มะเขือเทศหน้านวล,"1. ล้างมะเขือเทศ ใช้ปลายมีดแหลมเจาะทางหัวให้เป็นวงรอบตามรูปมะเขือเทศ
2. ใช้ช้อนชาตักเมล็ดและเนื้อออกบางส่วนเพื่อเตรียมใส่ไส้ คว่ำไว้
3. เตรียมไก่ หมูแฮม และมันฝรั่งต้มสุกหั่นเล็ก ๆ
4. ตั้งกะทะ ใส่น้ำมันหมู พอน้ำมันร้อนจัด ใส่หัวหอมเล็กลงผัดจนเหี่ยว
5. ใส่ไก่ หมูแฮม และมันฝรั่ง คนให้เข้ากัน
6. ปรุงรสด้วยเกลือ พริกไทย น้ำตาล และลูกจันทร์ป่น
7. ใส่ถั่วลันเตา คนให้เข้ากัน
8. ตักไส้ที่ผสมแล้วบรรจุลงในผลมะเขือเทศให้เต็ม
9. เรียงผลมะเขือเทศลงในลังถึง ตั้งน้ำให้เดือด แล้วนึ่งประมาณ 10 นาที จนมะเขือเทศสุก
10. ต่อยไข่ใส่ชาม ตีพอไข่ขาวไข่แดงเข้ากัน กรองด้วยผ้าขาวบางเพื่อลดเยื่อไข่ขาว
11. ใส่ไข่ลงในกรวยใบตองหรือกรวยโลหะ ทำเป็นตาข่ายให้พอห่อมะเขือเทศ
12. นำไข่ฝอยทองวางคลุมผลมะเขือเทศที่นึ่งแล้วให้รอบประจบใต้ผล
13. จัดใส่จาน โรยผักชีและพริกแดงฝอยตกแต่งให้น่ารับประทาน"
133,ปลาแห้งปรุงกระเทียมดอง,"1. ล้างปลาแห้งให้สะอาด แล้วขึงปิ้งไฟกลางจนเกือบสุก
2. พอสุก ใช้ลูกครกทุบให้เนื้อปลานุ่ม
3. ปิ้งปลาอีกครั้งจนมีกลิ่นหอม จึงฉีกเป็นชิ้นเล็กพอคำ
4. หั่นต้นกระเทียมเป็นท่อน 2–3 ซม. และหั่นกระเทียมดองเป็นซีกตามขวาง
5. เมื่อต้องการรับประทาน ใส่ปลาแห้งฉีกลงจาน ราดน้ำกระเทียมดอง 3–4 ช้อนโต๊ะ
6. คลุกเร็ว ๆ ให้เข้ากัน โรยพริกมูลหนู ชิมรสตามชอบแล้วจัดเสิร์ฟ"
134,ฉี่ฉู่เมืองปราณ,"1. ทำความสะอาดปลาหมึกสด ตัดเป็น 2 ท่อน แช่น้ำพักไว้
2. ทุบหัวหอมและกระเทียมแล้วสับหยาบ ๆ
3. ล้างพริกแดงแล้วทุบพอแตก
4. ผสมน้ำปลา น้ำตาล และน้ำส้มในถ้วย ชิมรสให้ได้รสเปรี้ยวหวานเค็มตามชอบ
5. ตักน้ำมันหมูใส่กะทะ ตั้งไฟแรงจนร้อนจัด
6. ใส่หัวหอม กระเทียม และพริกแดงลงผัดจนหอม
7. ใส่ส่วนผสมน้ำปลา น้ำตาล น้ำส้มที่เตรียมไว้ลงในกะทะ
8. เร่งไฟแรง ใส่ปลาหมึกลงคนเร็ว ๆ ให้สุกทั่ว พอสุกยกลงทันที
9. ตักใส่ภาชนะ พร้อมเสิร์ฟ (ระวังไม่ให้ปลาหมึกสุกเกินไป จะเหนียว)"
135,ทองม้วนเค็ม,"1. ผสมแป้งข้าวจ้าวและแป้งสาลีเข้าด้วยกันในชามใหญ่
2. เติมไข่ น้ำตาล เกลือ เนยสด และหัวกะทิลงไป นวดส่วนผสมให้เข้ากันจนเนียน
3. เติมน้ำปูนใสและงาดำลงไป คนผสมให้เข้ากัน
4. ทาเนยบาง ๆ ในพิมพ์ทองม้วน แล้วตั้งไฟให้ร้อน
5. ตักแป้งลงพิมพ์ โรยผักชี 1 ใบบนแป้ง
6. ปิดพิมพ์ ผิงกลับไปมาจนแป้งเหลืองสุก
7. เอาออกจากพิมพ์ พับเป็นสามเหลี่ยม
8. พอเย็นสนิท จึงเก็บใส่โหลหรือภาชนะที่ปิดสนิท"
136,เปลือกส้มโอแช่อิ่ม,"1. ปอกผิวนอกของส้มโอออกให้หมด
2. ขยำเปลือกกับน้ำเปล่าจนอ่อน
3. ใส่เกลือนิดหน่อยแล้วต้มเปลือกจนเปื่อย
4. นำขึ้นมาล้างด้วยน้ำเย็น แล้วบีบจนแห้ง
5. เตรียมน้ำเชื่อมโดยใส่น้ำและน้ำตาลลงหม้อ ตั้งไฟจนละลายเป็นน้ำเชื่อมใส
6. ใส่เปลือกส้มโอลงในน้ำเชื่อม ตั้งไฟค่อนข้างอ่อน เคี่ยวจนข้น
7. หากต้องการสีหรือกลิ่น ให้เติมน้ำหอมและสีตามชอบ (ถ้าทำหลายสี แบ่งส่วนแล้วเติมสีต่างกัน)
8. เคี่ยวต่อจนเปลือกขึ้นเป็นเกล็ดใสเหมือนฟัก
9. ยกลงพักให้เย็น และเก็บใส่โหลหรือภาชนะปิดสนิท"
137,ยำทวาย,"1. ขูดมะพร้าวคั้นกะทิข้น ๆ แล้วเคี่ยวให้แตกมัน
2. ฉีกพริกแห้ง ล้างเมล็ดออก ใส่ครกโขลกกับเกลือเล็กน้อยจนละเอียด
3. ใส่หอมเผา กระเทียมเผา และปลาย่างโขลกให้ละเอียดที่สุด
4. ตักส่วนผสมที่โขลกใส่ลงในกะทิมะพร้าว เคี่ยวจนข้น
5. ปรุงรสด้วยน้ำส้ม มะขามเปียก น้ำปลา และน้ำตาลหม้อ ชิมรสตามชอบ
6. ต้มผักทุกชนิดจนสุก หั่นให้เรียบร้อย (ยกเว้นผักบุ้งจักเป็นฝอยสั้น แล้วลวก)
7. สะเด็ดน้ำผักด้วยตะแกรงให้แห้ง
8. ตักน้ำพริกที่เคี่ยวไว้ใส่กะทะ ใส่ผักลงผัดทีละอย่างจนเข้ากัน
9. ตักผักใส่ภาชนะไว้แยกชนิด หรือผสมกันตามชอบ
10. ก่อนเสิร์ฟ จัดผักใส่จาน เกลี่ยหน้าไม่ให้พูนมาก โรยกุ้งแห้งป่น ราดน้ำพริก และโรยงาคั่วกับหอมเจียวให้ทั่ว"
138,ไข่น้อค,"1. แยกไข่แดงออกจากไข่ขาว ใส่ไข่แดงลงในถ้วยสำหรับผสมค็อกเทล
2. ใส่น้ำตาล น้ำผลไม้ เหล้าบรั่นดี และนมสดลงไปในถ้วย
3. ปิดถ้วยให้แน่นสนิท แล้วเขย่าแรง ๆ จนส่วนผสมขึ้นฟู
4. เทใส่ถ้วยแก้ว เติมน้ำโซดาลงพอดื่ม รับประทานทันที"
139,เมี่ยงฝัน,"1. ล้างดอกมะขามสดให้สะอาดแล้วพักไว้
2. ตั้งกระทะใส่มะพร้าวคั้นข้น เคี่ยวไฟอ่อนจนแตกมัน
3. ใส่ดอกมะขามลงผัดจนสุก
4. ต้มเนื้อหมูและกุ้งให้สุก หั่นบาง ๆ
5. คั่วถั่วยี่สงให้หอม ปอกเปลือกแล้วพักไว้
6. ทอดหอม กระเทียม และกระเทียมดองในน้ำมันหมูจนเหลือง
7. ตัดใบทองหลางพอดีคำ ทอดไฟอ่อน ๆ ตักขึ้นพักไว้
8. ผสมน้ำพริกก้อยกับดอกมะขามผัดแล้วเตรียมไว้
9. จัดใบทองหลางทอดลงในจาน
10. ตักดอกมะขามผัดวางบนใบทองหลาง
11. วางเนื้อหมู กุ้ง ถั่วยี่สง กระเทียมดอง กระเทียม และหอมตามลำดับลงบนดอกมะขาม
12. หยอดน้ำพริกก้อยลงบนเครื่องแต่ละอย่างก่อนเสิร์ฟ"
140,ไข่ม้วน,"1. ต่อยไข่ใส่ชาม คนให้ไข่ขาวไข่แดงเข้ากันดี
2. ตั้งกะทะ ใช้จ่าหลิวทาน้ำมันให้ทั่ว ตักไข่กลอกเป็นแผ่นโตขนาดประมาณ 1 คืบ ทำทั้งหมด 10 แผ่น พักไว้
3. ปิ้งกุนเชียงจนพอสุก
4. ต้มน้ำเดือด ใส่คึ่นฉ่ายและต้นหอมลวกพอสุก พักไว้
5. สับกุ้งและหมูรวมกัน ปรุงรสด้วยเกลือ น้ำปลา ผงชูรส และพริกไทย
6. วางแผ่นไข่บาง ๆ บนถาด ตักส่วนผสมกุ้งหมูละเลงบนไข่
7. วางคึ่นฉ่ายและต้นหอม แล้ววางกุนเชียงตรงกลาง
8. ม้วนแผ่นไข่แล้วพับหัวท้ายให้แน่น
9. นึ่งไข่ม้วนประมาณ 12 นาที
10. (ถ้าต้องการ) ละลายแป้งสาลีข้น ๆ ชุบไข่ม้วนทอดให้กรอบ
11. หั่นไข่ม้วนเป็นแว่น ๆ จัดลงจานให้สวยงาม
12. ทำและราดน้ำจิ้มซอสมะเขือเทศ ซีอิ๊ว น้ำส้มสายชู โรยพริกแดง รับประทานคู่กัน"
141,แป้งจี่,"1. นวดแป้งข้าวเหนียวกับมะพร้าวให้เข้ากันดี
2. ใส่น้ำตาลลงไป นวดต่อจนส่วนผสมเข้ากันเป็นเนื้อเดียว
3. ตั้งกะทะแบนบนไฟกลาง ทาน้ำมันพอทั่วกะทะ
4. ตักแป้งผสมลงกะทะ ขนาดพอดีคำ
5. ใช้ตะหลิวกดแป้งให้แบนพอสมควร (อย่าให้บางเกินไป)
6. เมื่อผิวด้านล่างเกรียมแล้ว พลิกอีกด้านให้เกรียมเช่นกัน
7. ตักขึ้นใส่จาน พร้อมเสิร์ฟ

**หมายเหตุ** แป้งข้าวเหนียวที่ใช้เป็นแป้งจี่นี้ จะเป็นข้าวเหนียวดำหรือข้าวเหนียวขาวก็ได้ ถ้าเป็นแป้งแห้งให้ใช้น้ำอุ่น ๆ พรมแล้วนวดจนแป้งขึ้นทั่วกันพอปั้นเข้าก้อนได้ แล้วจึงนวดกับมะพร้าว"
142,น้ำพริกปลาเค็ม,"1. เผาพริกสด หัวหอม และกระเทียมจนมีกลิ่นหอม
2. เผากุ้งนางให้สุกแต่ยังฉ่ำ อย่าแห้ง
3. ปิ้งปลาเค็มจนหอม แกะเอาเฉพาะเนื้อปลา
4. โขลกหัวหอม กระเทียม และพริกสดให้ละเอียด
5. ใส่เนื้อกุ้งโขลกต่อจนเข้ากัน
6. เติมเนื้อปลาเค็มและมันกุ้ง บุบเบา ๆ และคนให้เข้ากัน
7. ปรุงรสด้วยมะนาวและน้ำปลา ชิมรสตามชอบ
8. ตักใส่ภาชนะ เสิร์ฟพร้อมผักสดหรือผักต้ม"
143,กงเชียงไก่นา,"1. ล้างไส้หมูให้สะอาด พลิกด้านในออก ล้างด้วยเกลือจนสะอาดแล้วเป่าตากให้แห้ง
2. เลาะเนื้อไก่นาเอาแต่เนื้อ เอาเอ็นและกระดูกออกแล้วหั่นเป็นชิ้นเล็ก ๆ
3. หั่นเนื้อหมูและมันหมูเป็นชิ้นเล็ก ๆ ขนาดเท่า ๆ กัน
4. ใส่ไก่นา เนื้อหมู และมันหมูลงในภาชนะ
5. ผสมน้ำขิง เหล้าจีน น้ำผึ้ง เกลือ ซีอิ๊วขาว และน้ำตาลทรายเข้าด้วยกัน แล้วเทลงในเนื้อที่เตรียมไว้ คลุกเคล้าให้เข้ากัน
6. ตักเนื้อผสมใส่ไส้หมู โดยใช้ใบตองปิ้งเพื่อปรับรสเค็มหวานตามชอบ ทำเป็นคู่ ๆ แบบกงเชียง
7. ปิ้งจนสุก รับประทานสด หรือสามารถตากแห้งเก็บไว้รับประทานนาน ๆ ได้
8. หากต้องการทำเป็นคู่เล็ก ๆ ให้ใช้ไส้แพะ ล้างให้สะอาดด้วยใบตะไคร้และเกลือ"
144,ไข่ดาวหน้ากุ้ง,"1. ใส่น้ำมันหมู 3 ช้อนโต๊ะลงในกะทะ ตั้งไฟอ่อน
2. ต่อยไข่ใส่กะทะตั้งแต่น้ำมันยังไม่ร้อน ใช้จ่าหลิววิดน้ำมันให้ทั่วไข่
3. เมื่อไข่ขาวสุก ตักไข่ขึ้นใส่จาน พักไว้
4. ปอกกุ้งแล้วสับให้ละเอียด คลุกกับน้ำปลา น้ำตาล และพริกไทยให้เข้ากัน
5. เอาน้ำมันที่เหลือในกะทะออกเล็กน้อย ใส่กุ้งที่เตรียมไว้ลงผัดพอสุก
6. ใส่มันกุ้งลงผัดให้เข้ากันจนสุก ชิมรสตามชอบ
7. ตักกุ้งผัดวางบนไข่ดาวที่เตรียมไว้
8. โรยใบมะกรูดฝอยและผักชีบนหน้าไข่ดาว เสิร์ฟได้ทันที

**หมายเหตุ** ถ้าไม่ชอบใบมะกรูด ก็ไม่ต้องใส่"
145,น้ำพริกปูเค็ม,"1. แกะปูเค็มเอากะดองออก แกะเอามันและเนื้อปูใส่จาน พักไว้
2. บุบก้ามปูให้แตกเล็กน้อย
3. โขลกกระเทียม กะปิ กุ้งแห้งป่น และพริกขี้หนูให้ละเอียดเข้ากัน
4. ใส่มะดันซอยลงโขลกผสมให้เข้ากัน
5. ใส่เนื้อปูเค็มที่เตรียมไว้ บุบและคนให้เข้ากัน
6. ปรุงรสด้วยน้ำตาล น้ำปลา และน้ำมะนาว ชิมรสตามชอบ
7. บุบพริกขี้หนูพอแตกเล็กน้อย คนให้เข้ากันอีกครั้ง ตักใส่ภาชนะ พร้อมเสิร์ฟกับผักสด"
146,เต้าเจี้ยวปรุงรส,"1. ล้างขิง หัวหอม และมะเขือเทศให้สะอาด
2. หั่นขิง หัวหอม และมะเขือเทศเป็นลูกเต๋าขนาด 1/4 นิ้ว
3. เผาพริกชี้ฟ้าแล้วหั่นเป็นชิ้นตามขวาง ขนาดตามชอบ
4. ผสมเต้าเจี้ยวและกุ้งตะเข็บต้มลงในชาม
5. ใส่ขิง หัวหอม มะเขือเทศ และพริกชี้ฟ้า คนให้เข้ากัน
6. ปรุงรสด้วยน้ำมะนาวและน้ำตาล
7. คนให้เข้ากันอีกครั้ง ตักใส่ภาชนะ พร้อมเสิร์ฟกับข้าวต้มหรืออาหารอื่นตามชอบ"
147,ขนมจีบหมูสับ,"##วิธีทำแป้ง:
1. ร่อนแป้งสาลีใส่ชามใหญ่ ทำหลุมตรงกลาง
2. ต่อยไข่ 2 ฟอง ใส่น้ำมันหมู 1 ช้อนโต๊ะ และน้ำเย็น 1 ถ้วยลงไปในหลุม
3. คนให้ไข่แตกและเข้ากับน้ำและน้ำมัน
4. ผสมกับแป้ง นวดจนเป็นก้อน แล้วนวดต่อจนแป้งเนียน นุ่ม
5. คลึงแป้งเป็นแท่งยาว ตัดแบ่งเป็นชิ้นพอเหมาะ
6. โรยแป้งมันบนแผ่นแป้งทุกครั้งก่อนคลึง เพื่อไม่ให้ติดกัน
7. คลึงเป็นแผ่นกลม ขนาดประมาณ 6 ซม. เก็บแป้งซ้อนกันในภาชนะ คลุมด้วยผ้าชุบน้ำบิดแห้ง

##วิธีทำไส้:
1. ล้างหมูแล้วซับให้แห้ง
2. สับหรือบดหมูให้ละเอียด
3. ปอกมันแกว ต้มพอสุก หั่นละเอียด
4. ลวกผักกาดขาวหั่นฝอยหยาบ
5. หั่นหอมใหญ่และต้นหอมให้ละเอียด
6. ผสมหมู มันแกว ผักกาด หอมใหญ่ ต้นหอม และเครื่องปรุงรสอื่น ๆ (เกลือ พริกไทย น้ำตาล ซีอิ๊ว เหล้าเสียว) คลุกให้เข้ากัน

##วิธีปั้น:
1. วางแผ่นแป้งบนมือซ้าย ตักไส้ขนาด 1 ช้อนชาพูนลงตรงกลาง
2. ใช้นิ้วหมุนรอบแป้งให้ปิดไส้แน่น พับหัวท้ายให้เรียบร้อย
3. วางเรียงในลังถึงที่ทาน้ำมันไว้ ไม่ให้เบียดกัน

## วิธีนึ่ง:
1. พรมน้ำบนขนมจีบเล็กน้อย หากวางไว้นาน
2. ใส่ลังถึงลงหม้อนึ่งที่น้ำเดือดพล่าน
3. นึ่งด้วยไฟแรงต่อเนื่อง 15-20 นาทีจนสุก

##การจัดเสิร์ฟ:
1. โรยกระเทียมเจียว และผักชีบนขนมจีบ
2. เสิร์ฟพร้อมน้ำซีอิ๊วผสมน้ำส้ม และพริกเขียวแดงเหลืองหั่นเฉียง"
148,แกงส้มถั่วฝักยาว,"1. ตัดท่อนหางปลาประมาณ 3 ช้อนโต๊ะพูน ล้างให้สะอาดพักไว้
2. หั่นถั่วฝักยาวเป็นท่อน 2 ซม. ล้างสะอาด
3. ลอกเม็ดและเยื่อพริกแห้ง ล้างน้ำ
4. โขลกพริกแห้งกับเกลือให้ละเอียด
5. ใส่หัวหอม กระเทียม ข่า กะปิโขลกต่อจนละเอียด
6. ใส่น้ำ 1 ถ้วยชาในหม้อ ใส่เครื่องแกงและปลาท่อนหางต้มจนสุก
7. ตักปลาท่อนหางออก แกะเนื้อเก็บก้าง
8. ใส่เนื้อปลาที่โขลกแล้วลงในหม้อ ใส่น้ำอีก 1 ถ้วยชา ต้มให้เดือด
9. ใส่น้ำมะขามเปียก น้ำปลา น้ำตาล ปรุงรสให้เปรี้ยว เค็ม หวานเล็กน้อย
10. ใส่ถั่วฝักยาวต้มจนสุก
11. ใส่เนื้อปลาที่โขลกไว้ ห้ามคนหลังใส่ปลา
12. ตักใส่ภาชนะพร้อมเสิร์ฟ

**หมายเหตุ** วิธีแกงส้มนี้ การปรุงน้ำแกงมีหลายวิธี ถ้าแกงส้มชนิดที่ใช้ปลาแห้งหรือกุ้ง เช่นแกงเปลือกแตงโมหรือแตงกวา กับปลาแห้ง ปลาใบไม้ หรือแกงดอกแคกับกุ้ง ไม่ต้องใส่ข่ากระเทียม ถ้าแกงส้มชนิดที่ใช้ปลามีคาวจัด เช่น แกงหน่อไม้เปรี้ยวกับปลาดุก หรือปลากด มักใส่ข่าตะไคร้ด้วย ถ้าแกงปลาเทโพกับผักบุ้งต้องใส่ข่า ตะไคร้ ผิวมะกรูดด้วย การปรุงน้ำแกงส้มนี้ ถ้าใส่พริกแห้งมากเกินไปทำให้รสปร่า หรือใส่ปลามากน้ำแกงข้นเกินไปก็ไม่ดี น้อยเกินไปก็ไม่อร่อยต้องใส่ให้พอดี ตามส่วนดังที่ให้ไว้
อนึ่งควรสังเกตไว้ด้วยว่า ผักบางอย่างพอใส่หม้อก็ยกลง เช่น ผักรู้นอน เมื่อปรุงน้ำแกงได้ที่แล้ว ใส่ปลา พอใส่ผักลงคนทั่วก็ยกลง ถ้าเป็นผักทอดยอดหรือฟักขาวต้องเคี่ยวให้นุ่มและต้องใส่ปลาทีหลัง"
149,แกงต้มหมูกับสับปะรด,"1. ล้างหมูสามชั้น ขูดหนังให้สะอาด
2. หั่นหมูชิ้นหนาขนาด 5 ซม.
3. ต้มหมูในน้ำ 2 ถ้วยชาจนสุก
4. เตรียมสับปะรดโดยปอกเปลือก แกะไส้ และหั่นเป็นเสี้ยวตามยาว 2 ซม.
5. หั่นตามขวางเป็นชิ้นขนาด 5 ซม.
6. โขลกหัวหอม กระเทียม พริกไทย รากผักชี และขิงให้ละเอียด
7. ละลายเครื่องโขลกลงในน้ำแกง
8. ใส่สับปะรดลงในน้ำแกง ปรุงรสด้วยน้ำปลาและน้ำตาลตามชอบ
9. ต้มต่อจนสับปะรดสุกและน้ำแกงเข้ากันดี
10. ตักใส่ภาชนะพร้อมเสิร์ฟ

**หมายเหตุ** แกงต้มส้มชนิดนี้ จะใช้หน่อไม้เปรี้ยวแทนสับปะรดก็ได้ แต่ต้องล้างเสียก่อนจึงตัดสั้น ๆ"
150,ผัดเต้าหู้เหลือง,"1. ล้างเต้าหู้แล้วหั่นเป็นก้อนสี่เหลี่ยม
2. สับหมูให้ละเอียด ผสมซีอิ๊วขาว น้ำเล็กน้อย และผงชูรสให้เข้ากัน
3. หั่นต้นหอมยาวประมาณ 2.5 ซม.
4. ทุบและสับกระเทียมให้ละเอียด
5. ตั้งน้ำมันในกะทะ เจียวกระเทียมพอหอม
6. ใส่เต้าหู้ลงทอดให้ร้อนทั่วชิ้น
7. ราดหมูสับที่ผสมไว้ลงบนเต้าหู้ คนให้หมูหุ้มเต้าหู้ทั่วทุกชิ้น
8. ใส่ต้นหอมลงไปผัดให้เข้ากัน
9. ปรุงรสตามชอบ ตักใส่จานพร้อมเสิร์ฟ"
151,ไก่ทันสมัย,"1. ล้างไก่ให้สะอาด ถอดกระดูกและตัดปลายปีก-ขาออก ผึ่งให้แห้ง
2. ล้างเนื้อหมูแดง สับหรือบดให้ละเอียด
3. ผสมเนื้อหมูแดงกับเครื่องโขลก เครื่องแกงบางส่วน และสับปะรดปรุงรสด้วยเกลือ น้ำปลา น้ำตาล
4. บรรจุหมูสับผสมสับปะรดลงในตัวไก่ ยัดปีกและขายัดเข้าไปให้ไก่กลมสวย (ไม่แน่นเกินไป)
5. ล้างไก่ภายนอกให้สะอาด
6. ละลายเครื่องแกงที่เหลือในน้ำพอท่วมไก่ ปรุงรสเปรี้ยว เค็ม หวานตามชอบ
7. ใส่ไก่ลงต้มด้วยไฟกลาง-อ่อนจนสุก
8. ปอกสับปะรด หั่นหนา 1.5 ซม. คว้านไส้ทิ้ง ใส่ข้าง ๆ ไก่
9. ใส่ต้นหอมหั่นท่อน 3 ซม. ลงในหม้อพอร้อน
10. หั่นไก่ตามขวาง วางตรงกลางจาน วางสับปะรดรอบไก่ โรยต้นหอมและพริกแดง
11. ตักน้ำต้มไก่ราดก่อนเสิร์ฟ"
152,เนื้อผัดกระเทียมแหนม,"1. ล้างเนื้อวัวและซับน้ำให้แห้ง หั่นบาง ๆ ขนาด 3x4 ซม.
2. คลุกเนื้อกับกระเทียมโขลก เกลือป่น และน้ำมะนาวให้เข้ากัน พักไว้
3. ล้างขิงซอยให้สะอาด
4. เตรียมถั่วลิสงคั่วและต้นหอมหั่นท่อน 3 ซม.
5. ตั้งน้ำมันหมู 2 ช้อนโต๊ะในกะทะ ใช้ไฟแรงมากจนร้อนจัด
6. ใส่เนื้อที่คลุกไว้ลงผัดให้สุกโดยเร็ว
7. ใส่ขิงซอย ถั่วลิสง และต้นหอมลงผัดพร้อมกัน รีบคนให้เข้ากันโดยเร็ว
8. ยกกะทะลง ตักใส่ภาชนะ
9. โรยผักชีและพริกแดง
10. เสิร์ฟพร้อมใบชะพลูทอดกรอบ"
153,ไข่น้อค,"1. ต่อยไข่ไก่ใส่ชามที่พอเหมาะสำหรับตีไข่ 1 ฟอง
2. ใส่น้ำตาลทรายตีจนไข่ขึ้นฟูและน้ำตาลละลายหมด
3. เติมน้ำผลไม้และนมอุ่น ตีให้เข้ากัน
4. เทใส่ถ้วย เสิร์ฟรับประทานทันที"
154,น้ำพริกก้อย,"1. คั่วถั่วทองให้หอมแล้วต้มจนเปื่อย
2. ปอกเปลือกกุ้งนาง ควักไส้ล้างน้ำ
3. โขลกกุ้งกับน้ำพริกเผาให้ละเอียด
4. คั้นหัวกะทิแล้วใส่หม้อตั้งไฟพอแตกมัน
5. ใส่เครื่องที่โขลกไว้ลงคนให้เข้ากัน
6. ปรุงรสด้วยน้ำส้มมะขามเปียก น้ำปลา น้ำตาล และมะนาวเล็กน้อย
7. ใส่มันกุ้งคนให้เข้ากัน
8. หากต้องการเพิ่มน้ำพริกให้เติมหางกะทิและชิมรสตามชอบ"
155,ขนมเปียกปูน,"1. แช่ข้าวสาวค้างคืนแล้วโม่ให้ละเอียด
2. ผสมน้ำตาลหม้อ น้ำปูนใส และน้ำลงกับข้าวโม่
3 .ใส่ผงกาบมะพร้าวเผาไฟป่นละเอียดลงไป คนผสมให้เข้ากัน
4. กรองส่วนผสมด้วยผ้าขาวบาง 2 ครั้ง
5. ตั้งหม้อกวนด้วยไฟอ่อนโดยไม่ให้หยุดมือ ประมาณ 3–4 ชั่วโมง ระวังไม่ให้ติดก้นหม้อ
6. ทดลองหยอดดู ถ้าแข็งตัวใช้ได้
7. เทขนมลงในพิมพ์รูปต่าง ๆ หรือเทใส่ถาดเพื่อตัดเป็นคำ
8. โรยมะพร้าวทึมทึกขูดสดบนหน้าขนมก่อนรับประทาน"
156,น้ำเต้าบรรจุไส้,"1. ปอกน้ำเต้าให้คงรูปเดิมไม่ตัดก้าน เจาะจุกคอคอดเป็นวงกลม เก็บจุกไว้เป็นฝา
2. ใช้ช้อนคว้านเมล็ดน้ำเต้าออกให้ภายในเกลี้ยง ระวังอย่าให้บางมาก
3. ล้างหมูแล้วบดหรือสับให้ละเอียด
4. ปอกมันแกวฝานหนา 1 ซม. ต้มพอสุก ล้างน้ำเย็น แล้วหั่นเส้นเล็ก ๆ
5. ตัดก้านผักกาดขาวลวกพอสุกแล้วหั่นฝอย บีบน้ำออกเล็กน้อย
6. ล้างต้นหอมให้สะอาดแล้วหั่นขนาด 5 มม.
7. ล้างงาขาวแล้วโขลกให้ละเอียด ใส่น้ำร้อน 1 ช้อนโต๊ะ ผสมให้ละลาย
8. ใส่งาคลุกกับหมูสับพร้อมมันแกว, ผักกาดขาว, ต้นหอม, เหล้า, เกลือ, พริกไทย, ผงชูรส และซีอิ้วขาว คลุกให้เข้ากัน
9. ตั้งหม้อคนส่วนผสมจนสุก ชิมรสเค็มพอดี
10. บรรจุไส้ลงในน้ำเต้าให้เต็ม วางจุกคอคอดไว้ แต่ไม่ต้องปิดก่อนสุก
11. เมื่อสุกแล้วจึงปิดฝา พร้อมยกไปตั้งรับประทาน

**หมายเหตุ** การล้างเนื้อทุกอย่างที่ปรุงอาหารนั้น อย่าตั้งใจจะล้างให้หมดน้ำแดง ๆ เพราะน้ำแดง ๆ นั่นเป็นคุณสมบัติและโอชะของเนื้อ ถ้าล้างจนหมดน้ำแดง ๆ รสของอาหารเหล่านั้นจะชืด ๆ กร่อย ๆ ฉะนั้นเมื่อจะล้างจึงตักน้ำใส่ชาม หยิบชิ้นเนื้อจุ่มและส่ายเล็กน้อยพอให้ผงละออง หลุดไปแค่นั้น ถ้าจะให้ดีจริง ๆ ควรมีผ้าชาวบางไว้ผืนหนึ่ง ชุบน้ำเช็ดดีกว่ามาก น้ำไม่แฉะและเนื้อนิ่มไม่จืดชืด
อนึ่ง ถ้าไม่มีน้ำเต้าผลเล็ก จะใช้น้ำเต้าผลใหญ่หน่อยตัดจุกออก ตัดน้ำเต้าตามขวางเป็น 2 ซีกคล้ายกับเป็นจายกลม ๆ จักปากเป็นปากกระจับ ใส่เนื้อหมูที่ผสมแล้วลง ทำให้หน้านูนขึ้น มีผักชีวางบนหน้าสัก 1 ยอดก็จะดีเหมือนกัน"
157,น้ำพริกไข่เค็ม,"1. ปอกไข่เค็ม แยกไข่ขาวและไข่แดง
2. โขลกไข่ขาวรวมกับกะปิ, กุ้งแห้งป่น, และกระเทียมจนเข้ากัน
3. ใส่ไข่แดงและมะอึกซอย บุบให้เข้ากัน
4. ใส่เนื้อปูทะเล คนให้เข้ากัน
5. ปรุงรสด้วยน้ำปลา, น้ำตาล, น้ำมะนาว ชิมรสตามชอบ
6. บุบพริกเหลืองและพริกขี้หนูตกแต่งหน้า
7. เสิร์ฟเป็นน้ำพริกคลุกข้าว รับประทานกับผักสดตามชอบ

**หมายเหตุ** ใช้เป็นน้ำพริกคลุกข้าวรับประทานกับผักดิบ"
