ingredient,calcium,potassium,fat,vitamin_c,vitamin_b1,vitamin_b2,iron,sodium,vitamin_a,protein,calories,carbs,fiber
เนื้อหมู,5.0,399.0,2.17,0.0,0.998,0.342,0.98,53.0,0.0,21.0,109.0,0.0,0.0
หมูสามชั้น,5.0,185.0,53.0,0.3,0.396,0.242,0.52,32.0,3.0,9.34,518.0,0.0,0.0
มันหมู,2.0,65.0,88.7,0.1,0.084,0.051,0.18,11.0,5.0,2.92,812.0,0.0,0.0
มันหมูแข็ง,2.0,65.0,88.7,0.1,0.084,0.051,0.18,11.0,5.0,2.92,812.0,0.0,0.0
มันหมูหั่นละเอียด,2.0,65.0,88.7,0.1,0.084,0.051,0.18,11.0,5.0,2.92,812.0,0.0,0.0
มันหมูต้มสุกหั่น,2.0,65.0,88.7,0.1,0.084,0.051,0.18,11.0,5.0,2.92,812.0,0.0,0.0
น้ำมันหมู,0.0,0.0,100.0,0.0,0.0,0.0,0.0,0.0,0.0,0.0,902.0,0.0,0.0
หนังหมู,11.0,140.0,10.1,0.0,0.051,0.201,1.01,75.0,0.0,16.8,159.0,0.0,0.0
หนังหมูต้มหั่นฝอย,15.0,85.0,7.26,0.0,0.04,0.188,1.23,40.0,0.0,21.4,157.0,0.09,0.0
หนังหมูต้มสุกหั่นฝอย,15.0,85.0,7.26,0.0,0.04,0.188,1.23,40.0,0.0,21.4,157.0,0.09,0.0
ไส้หมู,16.0,18.0,16.6,1.1,0.02,0.091,1.02,24.0,0.0,7.64,182.0,0.0,0.0
ตับหมู,9.0,273.0,3.65,25.3,0.283,3.0,23.3,87.0,6500.0,21.4,134.0,2.47,0.0
ตับหมูสับ,9.0,273.0,3.65,25.3,0.283,3.0,23.3,87.0,6500.0,21.4,134.0,2.47,0.0
ตับหมูบดละเอียด,9.0,273.0,3.65,25.3,0.283,3.0,23.3,87.0,6500.0,21.4,134.0,2.47,0.0
ตับหมูสับละเอียด,9.0,273.0,3.65,25.3,0.283,3.0,23.3,87.0,6500.0,21.4,134.0,2.47,0.0
หมูหั่นแล้ว,5.0,399.0,2.17,0.0,0.998,0.342,0.98,53.0,0.0,21.0,109.0,0.0,0.0
หมูแฮม,7.0,297.0,8.39,0.0,0.889,0.24,0.9,1280.0,0.0,18.3,162.0,2.28,0.0
หมูแฮมสับละเอียด,7.0,297.0,8.39,0.0,0.889,0.24,0.9,1280.0,0.0,18.3,162.0,2.28,0.0
กุนเชียง,46.0,152.0,13.6,2.3,0.235,0.103,3.07,304.0,29.0,8.88,260.0,25.5,1.0
ไส้กรอก,32.0,337.0,23.0,1.1,0.51,0.25,1.62,878.0,0.0,22.7,307.0,0.7,0.0
ไส้กรอกหมูแห้ง,46.0,152.0,13.6,2.3,0.235,0.103,3.07,304.0,29.0,8.88,260.0,25.5,1.0
เนื้อเค็มต้ม,7.0,297.0,14.9,27.0,0.043,0.157,1.69,1220.0,0.0,14.7,198.0,0.14,0.0
เนื้อเค็มทอดฟู,8.0,235.0,1.94,0.0,0.065,0.163,2.42,2790.0,0.0,31.1,153.0,2.76,0.0
ซอสสต็อกเนื้อ,8.0,185.0,0.09,0.0,0.033,0.091,0.27,198.0,0.0,1.97,13.0,1.2,0.0
ไก่,11.0,189.0,15.1,1.6,0.06,0.12,0.9,70.0,41.0,18.6,215.0,0.0,0.0
เนื้อไก่,11.0,189.0,15.1,1.6,0.06,0.12,0.9,70.0,41.0,18.6,215.0,0.0,0.0
อกไก่,12.0,229.0,3.08,2.3,0.073,0.142,0.89,77.0,16.0,21.4,119.0,0.0,0.0
ไก่อ่อน,11.0,189.0,15.1,1.6,0.06,0.12,0.9,70.0,41.0,18.6,215.0,0.0,0.0
ไก่อ่อนตัวย่อม,11.0,189.0,15.1,1.6,0.06,0.12,0.9,70.0,41.0,18.6,215.0,0.0,0.0
ไก่ครึ่งตัว,11.0,189.0,15.1,1.6,0.06,0.12,0.9,70.0,41.0,18.6,215.0,0.0,0.0
ไก่ขนาดกลาง,11.0,189.0,15.1,1.6,0.06,0.12,0.9,70.0,41.0,18.6,215.0,0.0,0.0
ไก่นา,11.0,189.0,15.1,1.6,0.06,0.12,0.9,70.0,41.0,18.6,215.0,0.0,0.0
เนื้อไก่อ่อน,11.0,189.0,15.1,1.6,0.06,0.12,0.9,70.0,41.0,18.6,215.0,0.0,0.0
เนื้อไก่หั่นละเอียด,6.0,522.0,8.1,0.0,0.109,0.241,0.82,60.0,0.0,17.4,143.0,0.04,0.0
เนื้อไก่ต้มสุก,13.0,166.0,12.6,0.0,0.046,0.148,1.16,67.0,44.0,24.7,219.0,0.0,0.0
เนื้อไก่ต้มซุป,13.0,166.0,12.6,0.0,0.046,0.148,1.16,67.0,44.0,24.7,219.0,0.0,0.0
น้ำชุบกระดูกไก่,3.0,105.0,1.2,0.2,0.035,0.085,0.21,143.0,1.0,2.52,36.0,3.53,0.0
เป็ดอ่อน,11.0,209.0,39.3,2.8,0.197,0.21,2.4,63.0,50.0,11.5,404.0,0.0,0.0
นกพิราบ,13.0,237.0,7.5,7.2,0.283,0.285,4.51,51.0,28.0,17.5,142.0,0.0,0.0
นกปากซ่อม สับละเอียด,13.0,237.0,7.5,7.2,0.283,0.285,4.51,51.0,28.0,17.5,142.0,0.0,0.0
กุ้งนาง,145.0,80.0,1.36,4.1,0.007,0.015,2.13,870.0,0.0,20.4,100.0,0.0,0.0
กุ้ง,145.0,80.0,1.36,4.1,0.007,0.015,2.13,870.0,0.0,20.4,100.0,0.0,0.0
กุ้งใหญ่,145.0,80.0,1.36,4.1,0.007,0.015,2.13,870.0,0.0,20.4,100.0,0.0,0.0
เนื้อปู,89.0,329.0,1.08,3.0,0.08,0.04,0.74,293.0,2.0,18.1,87.0,0.04,0.0
ปูทะเล,89.0,329.0,1.08,3.0,0.08,0.04,0.74,293.0,2.0,18.1,87.0,0.04,0.0
ปูเค็ม,89.0,329.0,1.08,3.0,0.08,0.04,0.74,293.0,2.0,18.1,87.0,0.04,0.0
เนื้อปลา,20.0,272.0,11.7,1.8,0.15,0.04,0.5,51.0,1040.0,18.4,184.0,0.0,0.0
ปลา,20.0,272.0,11.7,1.8,0.15,0.04,0.5,51.0,1040.0,18.4,184.0,0.0,0.0
ปลาช่อน,18.0,272.0,2.34,0.0,0.038,0.059,0.32,83.0,8.0,17.22,94.0,0.0,0.0
ปลาซ่อนย่าง,160.0,1460.0,2.37,3.5,0.268,0.24,2.5,7030.0,42.0,62.8,290.0,0.0,0.0
ปลาดุก,8.0,302.0,5.94,0.0,0.02,0.083,0.23,98.0,0.0,15.2,119.0,0.0,0.0
ปลาทู,12.0,314.0,13.9,0.4,0.176,0.312,1.63,90.0,50.0,18.6,205.0,0.0,0.0
ปลากุเลา,18.0,272.0,2.34,0.0,0.038,0.059,0.32,83.0,8.0,17.22,94.0,0.0,0.0
ปลาหัวกะโปรง,32.0,417.0,1.34,1.6,0.046,0.003,0.18,64.0,32.0,20.5,100.0,0.0,0.0
ปลาคลุมพุก,47.0,384.0,13.8,0.0,0.15,0.24,0.97,51.0,32.0,16.9,197.0,0.0,0.0
ปลาเกล็ดแข็งอื่นๆ,20.0,272.0,11.7,1.8,0.15,0.04,0.5,51.0,1040.0,18.4,184.0,0.0,0.0
ปลาหางแก้งอย่างดีหรือปลาสลิด,18.0,272.0,2.34,0.0,0.038,0.059,0.32,83.0,8.0,17.22,94.0,0.0,0.0
เนื้อปลาสลาดย่าง,20.0,272.0,11.7,1.8,0.15,0.04,0.5,51.0,1040.0,18.4,184.0,0.0,0.0
ปลาแห้งหรือปลากรอบแกะเนื้อหรือปลาย่างสด,20.0,272.0,11.7,1.8,0.15,0.04,0.5,51.0,1040.0,18.4,184.0,0.0,0.0
ปลาแห้งหรือปลาใบไม้ขนาดกลาง,20.0,272.0,11.7,1.8,0.15,0.04,0.5,51.0,1040.0,18.4,184.0,0.0,0.0
ปลาเค็ม,66.0,520.0,25.1,0.0,0.02,0.19,1.4,4450.0,47.0,18.5,305.0,0.0,0.0
เนื้อปลาเค็ม,66.0,520.0,25.1,0.0,0.02,0.19,1.4,4450.0,47.0,18.5,305.0,0.0,0.0
ปลาเค็มชนิดเนื้อแข็งหั่นชิ้น,66.0,520.0,25.1,0.0,0.02,0.19,1.4,4450.0,47.0,18.5,305.0,0.0,0.0
หอยแมลงภู่,26.0,320.0,2.24,8.0,0.16,0.21,3.95,286.0,48.0,11.9,86.0,3.69,0.0
หอยแมลงภู่สด,26.0,320.0,2.24,8.0,0.16,0.21,3.95,286.0,48.0,11.9,86.0,3.69,0.0
ปลาหมึกสด,32.0,246.0,1.38,4.7,0.02,0.412,0.68,44.0,10.0,15.6,92.0,3.08,0.0
ปลาหมึกแห้ง,32.0,246.0,1.38,4.7,0.02,0.412,0.68,44.0,10.0,15.6,92.0,3.08,0.0
ไข่แมงดานึ่งสุก,28.0,283.0,8.23,16.4,0.277,0.949,0.77,117.0,91.0,28.6,204.0,1.92,0.0
ไข่ปลาตะเพียนขนาดใหญ่,22.0,221.0,6.42,16.0,0.24,0.74,0.6,91.0,90.0,22.3,143.0,1.5,0.0
ไข่,56.0,138.0,9.51,0.0,0.04,0.457,1.75,142.0,160.0,12.6,143.0,0.72,0.0
ไข่ไก่,56.0,138.0,9.51,0.0,0.04,0.457,1.75,142.0,160.0,12.6,143.0,0.72,0.0
ไข่เป็ด,64.0,222.0,13.8,0.0,0.156,0.404,3.85,146.0,194.0,12.8,185.0,1.45,0.0
ไข่เค็ม,64.0,222.0,13.8,0.0,0.156,0.404,3.85,146.0,194.0,12.8,185.0,1.45,0.0
ไข่แดง,129.0,109.0,26.5,0.0,0.176,0.528,2.73,48.0,381.0,15.9,322.0,3.59,0.0
ไข่จืด,56.0,138.0,9.51,0.0,0.04,0.457,1.75,142.0,160.0,12.6,143.0,0.72,0.0
ไข่ต้ม,50.0,126.0,10.6,0.0,0.066,0.513,1.19,124.0,149.0,12.6,155.0,1.12,0.0
ไข่ต้มสุกแข็ง,50.0,126.0,10.6,0.0,0.066,0.513,1.19,124.0,149.0,12.6,155.0,1.12,0.0
กระเทียม,181.0,401.0,0.38,10.0,0.2,0.11,1.7,17.0,0.0,6.62,143.0,28.2,2.7
กระเทียมกลีบใหญ่,181.0,401.0,0.38,10.0,0.2,0.11,1.7,17.0,0.0,6.62,143.0,28.2,2.7
กะเทียม,181.0,401.0,0.38,10.0,0.2,0.11,1.7,17.0,0.0,6.62,143.0,28.2,2.7
หอม,17.0,171.0,0.08,8.2,0.046,0.027,0.24,1.0,0.0,0.86,38.0,8.46,1.7
หอมแดง,37.0,334.0,0.1,8.0,0.06,0.02,1.2,12.0,0.0,2.5,72.0,16.8,3.2
หอมซอย,37.0,334.0,0.1,8.0,0.06,0.02,1.2,12.0,0.0,2.5,72.0,16.8,3.2
หอมเล็ก,37.0,334.0,0.1,8.0,0.06,0.02,1.2,12.0,0.0,2.5,72.0,16.8,3.2
หอมหัวเล็ก,37.0,334.0,0.1,8.0,0.06,0.02,1.2,12.0,0.0,2.5,72.0,16.8,3.2
หอมหัวเล็กซอยละเอียด,37.0,334.0,0.1,8.0,0.06,0.02,1.2,12.0,0.0,2.5,72.0,16.8,3.2
หัวหอมเล็กซอย,37.0,334.0,0.1,8.0,0.06,0.02,1.2,12.0,0.0,2.5,72.0,16.8,3.2
หัวหอมเล็ก,37.0,334.0,0.1,8.0,0.06,0.02,1.2,12.0,0.0,2.5,72.0,16.8,3.2
หอมเจียว,37.0,334.0,0.1,8.0,0.06,0.02,1.2,12.0,0.0,2.5,72.0,16.8,3.2
หอมเจียวเล็กน้อย,37.0,334.0,0.1,8.0,0.06,0.02,1.2,12.0,0.0,2.5,72.0,16.8,3.2
หอมเผา,37.0,334.0,0.1,8.0,0.06,0.02,1.2,12.0,0.0,2.5,72.0,16.8,3.2
หัวหอมเผา,37.0,334.0,0.1,8.0,0.06,0.02,1.2,12.0,0.0,2.5,72.0,16.8,3.2
หอมหัวใหญ่,17.0,171.0,0.08,8.2,0.046,0.027,0.24,1.0,0.0,0.86,38.0,8.46,1.7
หอมใหญ่,17.0,171.0,0.08,8.2,0.046,0.027,0.24,1.0,0.0,0.86,38.0,8.46,1.7
หัวหอม,17.0,171.0,0.08,8.2,0.046,0.027,0.24,1.0,0.0,0.86,38.0,8.46,1.7
หัวหอมซอย,17.0,171.0,0.08,8.2,0.046,0.027,0.24,1.0,0.0,0.86,38.0,8.46,1.7
หัวหอมกลาง,17.0,171.0,0.08,8.2,0.046,0.027,0.24,1.0,0.0,0.86,38.0,8.46,1.7
หัวหอมขนาดกลาง,17.0,171.0,0.08,8.2,0.046,0.027,0.24,1.0,0.0,0.86,38.0,8.46,1.7
หัวหอมหั่นสี่เหลี่ยมเล็ก,17.0,171.0,0.08,8.2,0.046,0.027,0.24,1.0,0.0,0.86,38.0,8.46,1.7
หอมใหญ่ซอยตามขวาง,17.0,171.0,0.08,8.2,0.046,0.027,0.24,1.0,0.0,0.86,38.0,8.46,1.7
หอมใหญ่หั่นเล็ก,17.0,171.0,0.08,8.2,0.046,0.027,0.24,1.0,0.0,0.86,38.0,8.46,1.7
หอมใหญ่สับละเอียด,17.0,171.0,0.08,8.2,0.046,0.027,0.24,1.0,0.0,0.86,38.0,8.46,1.7
หอมฝรั่งหั่นเล็ก ๆ,17.0,171.0,0.08,8.2,0.046,0.027,0.24,1.0,0.0,0.86,38.0,8.46,1.7
หัวหอมปอกแล้วหั่น,17.0,171.0,0.08,8.2,0.046,0.027,0.24,1.0,0.0,0.86,38.0,8.46,1.7
หัวหอมสำหรับเจียว,17.0,171.0,0.08,8.2,0.046,0.027,0.24,1.0,0.0,0.86,38.0,8.46,1.7
หัวหอมซอยหยาบ ๆ,17.0,171.0,0.08,8.2,0.046,0.027,0.24,1.0,0.0,0.86,38.0,8.46,1.7
หัวหอมฝอย,17.0,171.0,0.08,8.2,0.046,0.027,0.24,1.0,0.0,0.86,38.0,8.46,1.7
ต้นหอม,72.0,276.0,0.19,18.8,0.055,0.08,1.48,16.0,50.0,1.83,32.0,7.34,2.6
ใบหอม,72.0,276.0,0.19,18.8,0.055,0.08,1.48,16.0,50.0,1.83,32.0,7.34,2.6
รากผักชี,67.0,521.0,0.52,27.0,0.067,0.162,1.77,46.0,337.0,2.13,23.0,3.67,2.8
ผักชี,67.0,521.0,0.52,27.0,0.067,0.162,1.77,46.0,337.0,2.13,23.0,3.67,2.8
ผักซี,67.0,521.0,0.52,27.0,0.067,0.162,1.77,46.0,337.0,2.13,23.0,3.67,2.8
พริกไทย,443.0,1330.0,3.26,0.0,0.108,0.18,9.71,20.0,27.0,10.4,251.0,64.0,25.3
พริกขี้หนู,18.0,340.0,0.2,242.0,0.09,0.09,1.2,7.0,59.0,2.0,40.0,9.46,1.5
พริกชี้ฟ้า,14.0,322.0,0.44,144.0,0.072,0.086,1.03,9.0,48.0,1.87,40.0,8.81,1.5
พริก,14.0,322.0,0.44,144.0,0.072,0.086,1.03,9.0,48.0,1.87,40.0,8.81,1.5
พริกสด,14.0,322.0,0.44,144.0,0.072,0.086,1.03,9.0,48.0,1.87,40.0,8.81,1.5
พริกแดง,14.0,322.0,0.44,144.0,0.072,0.086,1.03,9.0,48.0,1.87,40.0,8.81,1.5
พริกแห้ง,148.0,2010.0,17.3,76.4,0.328,0.919,7.8,30.0,2080.0,12.0,318.0,56.6,27.2
พริกป่น,148.0,2010.0,17.3,76.4,0.328,0.919,7.8,30.0,2080.0,12.0,318.0,56.6,27.2
พริกสดป่น,148.0,2010.0,17.3,76.4,0.328,0.919,7.8,30.0,2080.0,12.0,318.0,56.6,27.2
พริกแห้งป่นละเอียด,148.0,2010.0,17.3,76.4,0.328,0.919,7.8,30.0,2080.0,12.0,318.0,56.6,27.2
พริกสวนนอก,18.0,340.0,0.2,242.0,0.09,0.09,1.2,7.0,59.0,2.0,40.0,9.46,1.5
พริกเหลือง,18.0,340.0,0.2,242.0,0.09,0.09,1.2,7.0,59.0,2.0,40.0,9.46,1.5
พริกเหลืองซอย,18.0,340.0,0.2,242.0,0.09,0.09,1.2,7.0,59.0,2.0,40.0,9.46,1.5
พริกแดงหั่นฝอย,14.0,322.0,0.44,144.0,0.072,0.086,1.03,9.0,48.0,1.87,40.0,8.81,1.5
พริกแดงหั่นเส้น,14.0,322.0,0.44,144.0,0.072,0.086,1.03,9.0,48.0,1.87,40.0,8.81,1.5
พริกแดงหั่นบาง,14.0,322.0,0.44,144.0,0.072,0.086,1.03,9.0,48.0,1.87,40.0,8.81,1.5
พริกหยวกเขียว,7.0,163.0,0.11,99.5,0.039,0.089,0.19,0.0,18.0,0.72,23.0,4.78,0.9
พริกหยวกแดง,7.0,211.0,0.3,128.0,0.054,0.085,0.43,4.0,157.0,0.99,26.0,6.03,2.1
พริกหยวกแดงเขียว,7.0,211.0,0.3,128.0,0.054,0.085,0.43,4.0,157.0,0.99,26.0,6.03,2.1
พริกหยวกอ่อน,7.0,163.0,0.11,99.5,0.039,0.089,0.19,0.0,18.0,0.72,23.0,4.78,0.9
พริกหยวกหั่นเส้น,7.0,163.0,0.11,99.5,0.039,0.089,0.19,0.0,18.0,0.72,23.0,4.78,0.9
พริกสดเขียวหรือแดง,14.0,322.0,0.44,144.0,0.072,0.086,1.03,9.0,48.0,1.87,40.0,8.81,1.5
พริกแห้งเม็ดใหญ่,148.0,2010.0,17.3,76.4,0.328,0.919,7.8,30.0,2080.0,12.0,318.0,56.6,27.2
พริกแห้งเม็ดเล็ก,148.0,2010.0,17.3,76.4,0.328,0.919,7.8,30.0,2080.0,12.0,318.0,56.6,27.2
พริกกะเหรี่ยง,14.0,322.0,0.44,144.0,0.072,0.086,1.03,9.0,48.0,1.87,40.0,8.81,1.5
พริกจินดาแห้ง,148.0,2010.0,17.3,76.4,0.328,0.919,7.8,30.0,2080.0,12.0,318.0,56.6,27.2
พริกมูลหนู,14.0,322.0,0.44,144.0,0.072,0.086,1.03,9.0,48.0,1.87,40.0,8.81,1.5
ขิง,16.0,415.0,0.75,5.0,0.025,0.034,0.6,13.0,0.0,1.82,80.0,17.8,2.0
ขิงสด,16.0,415.0,0.75,5.0,0.025,0.034,0.6,13.0,0.0,1.82,80.0,17.8,2.0
ขิงแก่,16.0,415.0,0.75,5.0,0.025,0.034,0.6,13.0,0.0,1.82,80.0,17.8,2.0
ขิงแก่สด,16.0,415.0,0.75,5.0,0.025,0.034,0.6,13.0,0.0,1.82,80.0,17.8,2.0
ขิงซอย,16.0,415.0,0.75,5.0,0.025,0.034,0.6,13.0,0.0,1.82,80.0,17.8,2.0
ขิงหั่นฝอย,16.0,415.0,0.75,5.0,0.025,0.034,0.6,13.0,0.0,1.82,80.0,17.8,2.0
ขิงหั่นแว่น,16.0,415.0,0.75,5.0,0.025,0.034,0.6,13.0,0.0,1.82,80.0,17.8,2.0
ขิงสดซอย,16.0,415.0,0.75,5.0,0.025,0.034,0.6,13.0,0.0,1.82,80.0,17.8,2.0
ขิงสดหั่นฝอย,16.0,415.0,0.75,5.0,0.025,0.034,0.6,13.0,0.0,1.82,80.0,17.8,2.0
ขิงอ่อนหั่น,16.0,415.0,0.75,5.0,0.025,0.034,0.6,13.0,0.0,1.82,80.0,17.8,2.0
ขิงอ่อนหั่นฝอย,16.0,415.0,0.75,5.0,0.025,0.034,0.6,13.0,0.0,1.82,80.0,17.8,2.0
ขิงโขลกคั้นน้ำ,16.0,415.0,0.75,5.0,0.025,0.034,0.6,13.0,0.0,1.82,80.0,17.8,2.0
ข่า,37.0,166.0,0.31,26.7,0.058,0.036,0.15,2.0,34.0,0.81,53.0,13.34,1.8
ตะไคร้,65.0,723.0,0.49,2.6,0.065,0.135,8.17,6.0,0.0,1.82,99.0,25.3,0.0
มะกรูด,185.0,337.0,1.4,51.7,0.257,0.66,4.0,9.0,378.0,9.4,64.0,8.28,2.0
ใบมะกรูด,185.0,337.0,1.4,51.7,0.257,0.66,4.0,9.0,378.0,9.4,64.0,8.28,2.0
ใบยี่หร่า,177.0,295.0,0.64,18.0,0.034,0.076,3.17,4.0,264.0,3.15,23.0,2.65,1.6
ใบกะเพรา,177.0,295.0,0.64,18.0,0.034,0.076,3.17,4.0,264.0,3.15,23.0,2.65,1.6
ดอกกะเพรา,177.0,295.0,0.64,18.0,0.034,0.076,3.17,4.0,264.0,3.15,23.0,2.65,1.6
ใบโหระพา,177.0,295.0,0.64,18.0,0.034,0.076,3.17,4.0,264.0,3.15,23.0,2.65,1.6
ใบแมงลัก,177.0,295.0,0.64,18.0,0.034,0.076,3.17,4.0,264.0,3.15,23.0,2.65,1.6
ใบสาระแหน่,243.0,569.0,0.94,31.8,0.082,0.266,5.08,31.0,212.0,3.75,70.0,14.9,8.0
ใบชะพลู,35.0,263.0,0.26,28.7,0.05,0.074,0.26,53.0,206.0,1.19,30.0,5.83,2.0
ใบชะพลูทอดกรอบ,35.0,263.0,0.26,28.7,0.05,0.074,0.26,53.0,206.0,1.19,30.0,5.83,2.0
ใบทองหลางหรือใบขจร/ใบถั่วพลู,35.0,263.0,0.26,28.7,0.05,0.074,0.26,53.0,206.0,1.19,30.0,5.83,2.0
ดอกโสน,35.0,263.0,0.26,28.7,0.05,0.074,0.26,53.0,206.0,1.19,30.0,5.83,2.0
ดอกมะขามสด,35.0,263.0,0.26,28.7,0.05,0.074,0.26,53.0,206.0,1.19,30.0,5.83,2.0
ดอกมะขามหรือใบมะขามอ่อน,35.0,263.0,0.26,28.7,0.05,0.074,0.26,53.0,206.0,1.19,30.0,5.83,2.0
ใบผักบุ้ง,68.0,582.0,0.62,26.5,0.077,0.194,1.26,111.0,283.0,2.85,27.0,2.41,1.6
ผักบุ้ง,68.0,582.0,0.62,26.5,0.077,0.194,1.26,111.0,283.0,2.85,27.0,2.41,1.6
ผักบุ้งจีน,68.0,582.0,0.62,26.5,0.077,0.194,1.26,111.0,283.0,2.85,27.0,2.41,1.6
ยอดผักบุ้งใหม่,68.0,582.0,0.62,26.5,0.077,0.194,1.26,111.0,283.0,2.85,27.0,2.41,1.6
ผักใบ,68.0,582.0,0.62,26.5,0.077,0.194,1.26,111.0,283.0,2.85,27.0,2.41,1.6
ใบยอ,115.0,384.0,0.42,70.0,0.08,0.11,1.64,20.0,151.0,2.86,27.0,4.67,3.2
หัวเปราะ,16.0,415.0,0.75,5.0,0.025,0.034,0.6,13.0,0.0,1.82,80.0,17.8,2.0
ผักกาดหอม,36.0,194.0,0.15,9.2,0.07,0.08,0.86,28.0,370.0,1.36,15.0,2.87,1.3
ผักกาดหอมจีบ,36.0,194.0,0.15,9.2,0.07,0.08,0.86,28.0,370.0,1.36,15.0,2.87,1.3
ผักกาดหอมล้างสะอาดแช่น้ำด่างทับทิมพอควร,36.0,194.0,0.15,9.2,0.07,0.08,0.86,28.0,370.0,1.36,15.0,2.87,1.3
ใบผักกาดแก้ว,18.0,141.0,0.14,2.8,0.041,0.025,0.41,10.0,25.0,0.9,14.0,2.97,1.2
ผักกาดขาว,77.0,238.0,0.2,27.0,0.04,0.05,0.31,9.0,16.0,1.2,16.0,3.23,1.2
กะหล่ำปลี,40.0,170.0,0.1,36.6,0.061,0.04,0.47,18.0,5.0,1.28,25.0,5.8,2.5
กะหล่ำปลีขนาดเล็ก,40.0,170.0,0.1,36.6,0.061,0.04,0.47,18.0,5.0,1.28,25.0,5.8,2.5
กล่ำปลีซอย,40.0,170.0,0.1,36.6,0.061,0.04,0.47,18.0,5.0,1.28,25.0,5.8,2.5
กะหล่ำปลีต้มสับละเอียด,48.0,196.0,0.06,37.5,0.061,0.038,0.17,8.0,4.0,1.27,23.0,5.51,1.9
คะน้า,254.0,348.0,1.49,93.4,0.113,0.347,1.6,53.0,241.0,2.92,35.0,4.42,4.1
ต้นคะน้า,254.0,348.0,1.49,93.4,0.113,0.347,1.6,53.0,241.0,2.92,35.0,4.42,4.1
คะน้าต้นใหญ่,254.0,348.0,1.49,93.4,0.113,0.347,1.6,53.0,241.0,2.92,35.0,4.42,4.1
ผักคะน้า,254.0,348.0,1.49,93.4,0.113,0.347,1.6,53.0,241.0,2.92,35.0,4.42,4.1
คึ่นฉ่าย,46.0,265.0,0.16,3.1,0.021,0.057,0.0,97.0,22.0,0.49,17.0,3.32,1.6
ใบคึ่นฉ่าย,46.0,265.0,0.16,3.1,0.021,0.057,0.0,97.0,22.0,0.49,17.0,3.32,1.6
ใบคึ่นช่าย,46.0,265.0,0.16,3.1,0.021,0.057,0.0,97.0,22.0,0.49,17.0,3.32,1.6
ต้นคึ่นช่าย,46.0,265.0,0.16,3.1,0.021,0.057,0.0,97.0,22.0,0.49,17.0,3.32,1.6
ต้นคื่นฉ่าย,46.0,265.0,0.16,3.1,0.021,0.057,0.0,97.0,22.0,0.49,17.0,3.32,1.6
ถั่วงอก,13.0,149.0,0.18,13.2,0.084,0.124,0.91,6.0,1.0,3.04,30.0,5.94,1.8
สายบัว,45.0,556.0,0.1,44.0,0.16,0.22,1.16,40.0,0.0,2.6,74.0,17.2,4.9
ยอดแค,35.0,263.0,0.26,28.7,0.05,0.074,0.26,53.0,206.0,1.19,30.0,5.83,2.0
ดอกกุ๊ยช่ายหั่นละเอียดด,92.0,296.0,0.73,58.1,0.078,0.115,1.6,3.0,218.0,3.27,30.0,4.35,2.5
ขี้เหล็กต้มคั้นน้ำแล้ว,25.0,169.0,0.15,3.2,0.071,0.12,0.82,35.0,214.0,2.86,65.0,13.1,4.4
ผักกาดดองหั่น,21.0,219.0,0.21,40.7,0.037,0.073,0.22,983.0,194.0,0.94,46.0,10.18,1.6
มะนาว,14.0,117.0,0.07,30.0,0.025,0.015,0.09,2.0,2.0,0.42,25.0,8.42,0.4
มะเขือเทศ,10.0,237.0,0.2,13.7,0.037,0.019,0.27,5.0,42.0,0.88,18.0,3.89,1.2
มะเขือเทศสุกขนาดกลาง,10.0,237.0,0.2,13.7,0.037,0.019,0.27,5.0,42.0,0.88,18.0,3.89,1.2
มะเขือเทศผลใหญ่,10.0,237.0,0.2,13.7,0.037,0.019,0.27,5.0,42.0,0.88,18.0,3.89,1.2
มะเขือเทศขนาดกลาง,10.0,237.0,0.2,13.7,0.037,0.019,0.27,5.0,42.0,0.88,18.0,3.89,1.2
มะเขือเทศขวด,10.0,237.0,0.2,13.7,0.037,0.019,0.27,5.0,42.0,0.88,18.0,3.89,1.2
มะเขือเปราะ,9.0,229.0,0.18,2.2,0.039,0.037,0.23,2.0,1.0,0.98,25.0,5.88,3.0
มะเขือยาว,9.0,229.0,0.18,2.2,0.039,0.037,0.23,2.0,1.0,0.98,25.0,5.88,3.0
มะเขือขาว,9.0,229.0,0.18,2.2,0.039,0.037,0.23,2.0,1.0,0.98,25.0,5.88,3.0
มะเขืออ่อน,9.0,229.0,0.18,2.2,0.039,0.037,0.23,2.0,1.0,0.98,25.0,5.88,3.0
มะอึก,9.0,229.0,0.18,2.2,0.039,0.037,0.23,2.0,1.0,0.98,25.0,5.88,3.0
แตงกวา,16.0,147.0,0.11,2.8,0.027,0.033,0.28,2.0,5.0,0.65,15.0,3.63,0.5
แตงร้าน,16.0,147.0,0.11,2.8,0.027,0.033,0.28,2.0,5.0,0.65,15.0,3.63,0.5
แตงร้านอ่อน,16.0,147.0,0.11,2.8,0.027,0.033,0.28,2.0,5.0,0.65,15.0,3.63,0.5
แตงร้านขนาดกลาง,16.0,147.0,0.11,2.8,0.027,0.033,0.28,2.0,5.0,0.65,15.0,3.63,0.5
เปลือกแตงโม,7.0,112.0,0.15,8.1,0.033,0.021,0.24,1.0,28.0,0.61,30.0,7.55,0.4
ฟัก,19.0,6.0,0.2,13.0,0.04,0.11,0.4,111.0,0.0,0.4,13.0,3.0,2.9
ฟักเขียว,19.0,6.0,0.2,13.0,0.04,0.11,0.4,111.0,0.0,0.4,13.0,3.0,2.9
ฟักทอง,21.0,340.0,0.1,9.0,0.05,0.11,0.8,1.0,426.0,1.0,26.0,6.5,0.5
ฟักทองหั่น,21.0,340.0,0.1,9.0,0.05,0.11,0.8,1.0,426.0,1.0,26.0,6.5,0.5
ฟักทองหั่นแล้ว,21.0,340.0,0.1,9.0,0.05,0.11,0.8,1.0,426.0,1.0,26.0,6.5,0.5
ฟักทองปอกเปลือกและหั่นเป็นชิ้น,21.0,340.0,0.1,9.0,0.05,0.11,0.8,1.0,426.0,1.0,26.0,6.5,0.5
หน่อไม้,13.0,533.0,0.3,4.0,0.15,0.07,0.5,4.0,1.0,2.6,27.0,5.2,2.2
หน่อไม้ไผ่ตง,13.0,533.0,0.3,4.0,0.15,0.07,0.5,4.0,1.0,2.6,27.0,5.2,2.2
หน่อไม้ไผ่ตรง,13.0,533.0,0.3,4.0,0.15,0.07,0.5,4.0,1.0,2.6,27.0,5.2,2.2
หัวผักกาดแดง,36.0,258.0,0.24,4.2,0.054,0.106,0.12,75.0,762.0,0.87,44.0,9.68,2.9
หัวผักกาดเหลือง,36.0,258.0,0.24,4.2,0.054,0.106,0.12,75.0,762.0,0.87,44.0,9.68,2.9
แครอท,36.0,258.0,0.24,4.2,0.054,0.106,0.12,75.0,762.0,0.87,44.0,9.68,2.9
หัวแครอท,36.0,258.0,0.24,4.2,0.054,0.106,0.12,75.0,762.0,0.87,44.0,9.68,2.9
แครอทหั่นชิ้นพอดีคำ,36.0,258.0,0.24,4.2,0.054,0.106,0.12,75.0,762.0,0.87,44.0,9.68,2.9
หัวผักกาดเค็ม,629.0,3490.0,0.72,0.0,0.27,0.68,6.73,278.0,0.0,7.9,271.0,63.4,23.9
หัวผักกาดเค็มหั่นละเอียด,629.0,3490.0,0.72,0.0,0.27,0.68,6.73,278.0,0.0,7.9,271.0,63.4,23.9
หัวไชเท้า,27.0,227.0,0.1,22.0,0.02,0.02,0.4,21.0,0.0,0.6,18.0,4.1,1.6
ตั้งฉ่าย,21.0,219.0,0.21,40.7,0.037,0.073,0.22,983.0,194.0,0.94,46.0,10.18,1.6
ตังฉ่าย,21.0,219.0,0.21,40.7,0.037,0.073,0.22,983.0,194.0,0.94,46.0,10.18,1.6
ตังฉ่ายสับละเอียด,21.0,219.0,0.21,40.7,0.037,0.073,0.22,983.0,194.0,0.94,46.0,10.18,1.6
ซีเซ็กฉ่าย,21.0,219.0,0.21,40.7,0.037,0.073,0.22,983.0,194.0,0.94,46.0,10.18,1.6
น้ำซีเซ็กฉ่าย,21.0,219.0,0.21,40.7,0.037,0.073,0.22,983.0,194.0,0.94,46.0,10.18,1.6
เกี้ยมฉ่ายขนาดกลาง,21.0,219.0,0.21,40.7,0.037,0.073,0.22,983.0,194.0,0.94,46.0,10.18,1.6
จีฉ่าย,372.0,1244.0,4.01,5.0,1.195,1.946,24.95,575.0,14.0,31.84,298.0,52.39,5.6
ก๋งฉ่าย,35.0,263.0,0.26,28.7,0.05,0.074,0.26,53.0,206.0,1.19,30.0,5.83,2.0
มันฝรั่ง,12.0,425.0,0.09,19.7,0.081,0.032,0.81,6.0,0.0,2.05,77.0,17.5,2.1
มันฝรั่งหั่นเล็ก ๆ,12.0,425.0,0.09,19.7,0.081,0.032,0.81,6.0,0.0,2.05,77.0,17.5,2.1
มันฝรั่งต้มสุกหั่นเล็ก,8.0,328.0,0.1,7.4,0.098,0.019,0.31,5.0,0.0,1.71,86.0,20.0,1.8
มันแกว,12.0,150.0,0.09,20.2,0.02,0.029,0.6,4.0,1.0,0.72,38.0,8.82,4.9
แห้ว,11.0,584.0,0.1,4.0,0.14,0.2,0.06,14.0,0.0,1.4,97.0,23.9,3.0
แห้วจีน,11.0,584.0,0.1,4.0,0.14,0.2,0.06,14.0,0.0,1.4,97.0,23.9,3.0
แห้วหั่นละเอียด,11.0,584.0,0.1,4.0,0.14,0.2,0.06,14.0,0.0,1.4,97.0,23.9,3.0
เห็ดฟาง,10.0,78.0,0.68,0.0,0.013,0.07,1.43,384.0,0.0,3.83,32.0,4.64,2.5
เห็ดกระป๋องสไลซ์บาง,11.0,129.0,0.29,0.0,0.085,0.021,0.79,425.0,0.0,1.87,25.0,5.09,2.4
ถั่วฝักยาว,50.0,240.0,0.4,18.8,0.107,0.11,0.47,4.0,43.0,2.8,47.0,8.35,0.0
ถั่วพู,224.0,176.0,1.1,45.0,0.833,0.602,4.0,9.0,405.0,5.85,74.0,14.1,0.0
ถั่วพูอ่อนหั่นเฉียง,224.0,176.0,1.1,45.0,0.833,0.602,4.0,9.0,405.0,5.85,74.0,14.1,0.0
ถั่วลันเตา,25.0,244.0,0.4,40.0,0.266,0.132,1.47,5.0,38.0,5.42,81.0,14.4,5.7
เม็ดถั่วลันเตา,25.0,244.0,0.4,40.0,0.266,0.132,1.47,5.0,38.0,5.42,81.0,14.4,5.7
ถั่วแขก,40.0,290.0,0.275,0.0,0.06,0.0,0.652,0.0,0.0,1.97,0.0,7.41,3.01
น้ำเต้า,26.0,150.0,0.02,10.1,0.029,0.022,0.2,2.0,0.0,0.62,14.0,3.39,0.5
กล้วย,5.0,358.0,0.33,8.7,0.031,0.073,0.26,1.0,3.0,1.09,89.0,22.8,2.6
กล้วยไข่,5.0,358.0,0.33,8.7,0.031,0.073,0.26,1.0,3.0,1.09,89.0,22.8,2.6
กล้วยน้ำว้าสุก,5.0,358.0,0.33,8.7,0.031,0.073,0.26,1.0,3.0,1.09,89.0,22.8,2.6
ปลีกล้วย,35.0,263.0,0.26,28.7,0.05,0.074,0.26,53.0,206.0,1.19,30.0,5.83,2.0
มะม่วงดิบ,11.0,168.0,0.38,36.4,0.028,0.038,0.16,1.0,54.0,0.82,60.0,14.98,1.6
มะม่วงดิบซอย,11.0,168.0,0.38,36.4,0.028,0.038,0.16,1.0,54.0,0.82,60.0,14.98,1.6
มะละกอ,20.0,182.0,0.26,60.9,0.023,0.027,0.25,8.0,47.0,0.47,43.0,10.8,1.7
สับปะรด,13.0,109.0,0.12,47.8,0.079,0.032,0.29,1.0,3.0,0.54,50.0,13.1,1.4
สับปะรดปอกเปลือก,13.0,109.0,0.12,47.8,0.079,0.032,0.29,1.0,3.0,0.54,50.0,13.1,1.4
มะพร้าว,14.0,356.0,33.5,3.3,0.066,0.02,2.43,20.0,0.0,3.33,354.0,15.2,9.0
มะพร้าวขูด,14.0,356.0,33.5,3.3,0.066,0.02,2.43,20.0,0.0,3.33,354.0,15.2,9.0
มะพร้าวขูดเส้น,14.0,356.0,33.5,3.3,0.066,0.02,2.43,20.0,0.0,3.33,354.0,15.2,9.0
มะพร้าวขูดแล้ว,14.0,356.0,33.5,3.3,0.066,0.02,2.43,20.0,0.0,3.33,354.0,15.2,9.0
มะพร้าวขูดกระต่ายจีน,14.0,356.0,33.5,3.3,0.066,0.02,2.43,20.0,0.0,3.33,354.0,15.2,9.0
มะพร้าวขูดคั่ว,14.0,356.0,33.5,3.3,0.066,0.02,2.43,20.0,0.0,3.33,354.0,15.2,9.0
มะพร้าวคั่ว,14.0,356.0,33.5,3.3,0.066,0.02,2.43,20.0,0.0,3.33,354.0,15.2,9.0
มะพร้าวทึมทึก,14.0,356.0,33.5,3.3,0.066,0.02,2.43,20.0,0.0,3.33,354.0,15.2,9.0
ส้มโอ,4.0,216.0,0.04,61.0,0.034,0.027,0.11,1.0,0.0,0.76,38.0,9.62,1.0
ส้มเขียวหวาน,37.0,166.0,0.31,26.7,0.058,0.036,0.15,2.0,34.0,0.81,53.0,13.3,1.8
ส้มซ่า,37.0,166.0,0.31,26.7,0.058,0.036,0.15,2.0,34.0,0.81,53.0,13.34,1.8
ผิวส้มเหม็นหั่นละเอียด,134.0,160.0,0.3,129.0,0.06,0.08,0.8,6.0,3.0,1.5,47.0,16.0,10.6
เปลือกส้มโอ,4.0,216.0,0.04,61.0,0.034,0.027,0.11,1.0,0.0,0.76,38.0,9.62,1.0
ส้มมะขามเปียก,74.0,628.0,0.6,3.5,0.428,0.152,2.8,28.0,2.0,2.8,239.0,62.5,5.1
น้ำส้มมะขามเปียก,74.0,628.0,0.6,3.5,0.428,0.152,2.8,28.0,2.0,2.8,239.0,62.5,5.1
มะขามเปียก,74.0,628.0,0.6,3.5,0.428,0.152,2.8,28.0,2.0,2.8,239.0,62.5,5.1
น้ำมะขามเปียก,74.0,628.0,0.6,3.5,0.428,0.152,2.8,28.0,2.0,2.8,239.0,62.5,5.1
ระกำฝานแต่เนื้อ,17.0,125.0,0.13,7.7,0.025,0.029,0.34,2.0,0.0,0.82,19.0,4.51,1.7
มะดัน,33.0,102.0,0.2,29.1,0.03,0.02,0.6,2.0,2.0,0.7,30.0,10.54,2.8
มะเฟืองสุก,3.0,133.0,0.33,34.4,0.014,0.016,0.08,2.0,3.0,1.04,31.0,6.73,2.8
ละมุด,21.0,193.0,1.1,14.7,0.0,0.02,0.8,12.0,3.0,0.44,83.0,20.0,5.3
พุดชาจีน,21.0,250.0,0.2,69.0,0.02,0.04,0.48,3.0,2.0,1.2,79.0,20.2,0.0
พุทรา,21.0,250.0,0.2,69.0,0.02,0.04,0.48,3.0,2.0,1.2,79.0,20.2,0.0
แอปเปิล,5.98,104.0,0.162,0.0,0.00625,0.0675,0.015,1.01,0.0,0.148,0.0,15.7,2.08
สาเก,17.0,490.0,0.23,29.0,0.11,0.03,0.54,2.0,0.0,1.07,103.0,27.1,4.9
มะตูมอ่อน,17.0,125.0,0.13,7.7,0.025,0.029,0.34,2.0,0.0,0.82,19.0,4.51,1.7
ข้าวเหนียวขาว,2.0,10.0,0.19,0.0,0.02,0.013,0.14,227.0,0.0,2.01,96.0,20.97,1.0
ข้าวสาร,4.46,82.3,1.03,0.0,0.065,0.08,0.14,0.462,0.0,7.04,0.0,80.3,0.149
ข้าวสาว,4.46,82.3,1.03,0.0,0.065,0.08,0.14,0.462,0.0,7.04,0.0,80.3,0.149
ข้าวคั่ว,4.46,82.3,1.03,0.0,0.065,0.08,0.14,0.462,0.0,7.04,0.0,80.3,0.149
ข้าวเบือ,2.0,10.0,0.19,0.0,0.02,0.013,0.14,227.0,0.0,2.01,96.0,20.97,1.0
ข้าวเม่า,2.0,10.0,0.19,0.0,0.02,0.013,0.14,227.0,0.0,2.01,96.0,20.97,1.0
ข้าวตาก,4.46,82.3,1.03,0.0,0.065,0.08,0.14,0.462,0.0,7.04,0.0,80.3,0.149
แป้งข้าวเจ้า,6.0,75.0,1.3,0.0,0.09,0.0,0.22,5.0,0.0,6.94,359.0,79.8,0.5
แป้งข้าวจ้าว,6.0,75.0,1.3,0.0,0.09,0.0,0.22,5.0,0.0,6.94,359.0,79.8,0.5
แป้งข้าวเจ้าแห้ง,6.0,75.0,1.3,0.0,0.09,0.0,0.22,5.0,0.0,6.94,359.0,79.8,0.5
แป้งข้าวจ้าวแห้ง,6.0,75.0,1.3,0.0,0.09,0.0,0.22,5.0,0.0,6.94,359.0,79.8,0.5
แป้งข้าวแดง,6.0,75.0,1.3,0.0,0.09,0.0,0.22,5.0,0.0,6.94,359.0,79.8,0.5
แป้งข้าวเหนียว,10.0,80.0,1.16,0.0,0.053,0.0,0.34,6.0,0.0,6.69,358.0,80.1,0.0
แป้งข้าวเหนียวขาว,10.0,80.0,1.16,0.0,0.053,0.0,0.34,6.0,0.0,6.69,358.0,80.1,0.0
แป้งสาลี,15.0,107.0,0.98,0.0,0.12,0.04,1.17,2.0,0.0,10.3,364.0,76.3,2.7
แป้งสาลีอเนกประสงค์,15.0,107.0,0.98,0.0,0.12,0.04,1.17,2.0,0.0,10.3,364.0,76.3,2.7
แป้งสาลีอย่างดี,14.0,105.0,0.86,0.0,0.892,0.43,7.32,2.0,0.0,8.2,362.0,78.0,1.7
แป้งมัน,17.0,282.0,3.03,18.2,0.082,0.048,0.28,145.0,13.0,1.42,191.0,39.62,1.9
แป้งมันสำปะหลัง,17.0,282.0,3.03,18.2,0.082,0.048,0.28,145.0,13.0,1.42,191.0,39.62,1.9
แป้งมันอย่างดี,17.0,282.0,3.03,18.2,0.082,0.048,0.28,145.0,13.0,1.42,191.0,39.62,1.9
งาขาว,975.0,468.0,49.7,0.0,0.791,0.247,14.6,11.0,0.0,17.7,573.0,23.4,11.8
งาขาวคั่ว,989.0,475.0,48.0,0.0,0.803,0.251,14.8,11.0,0.0,17.0,565.0,25.7,14.0
งาดำ,975.0,468.0,49.7,0.0,0.791,0.247,14.6,11.0,0.0,17.7,573.0,23.4,11.8
งาดำคั่วแล้ว,975.0,468.0,49.7,0.0,0.791,0.247,14.6,11.0,0.0,17.7,573.0,23.4,11.8
เมล็ดแตงโม,54.0,648.0,47.4,0.0,0.19,0.145,7.28,99.0,0.0,28.3,557.0,15.3,0.0
ถั่วเขียวคั่ว,132.0,1250.0,1.15,4.8,0.621,0.233,6.74,15.0,6.0,23.9,347.0,62.6,16.3
ถั่วทอง,13.0,149.0,0.18,13.2,0.084,0.124,0.91,6.0,1.0,3.04,30.0,5.94,1.8
ถั่วทองคั่วหรือถั่วเขียวคั่ว,132.0,1250.0,1.15,4.8,0.621,0.233,6.74,15.0,6.0,23.9,347.0,62.6,16.3
ถั่วเขียวหรือถั่วทองคั่ว,132.0,1250.0,1.15,4.8,0.621,0.233,6.74,15.0,6.0,23.9,347.0,62.6,16.3
ถั่วเขียว,132.0,1250.0,1.15,4.8,0.621,0.233,6.74,15.0,6.0,23.9,347.0,62.6,16.3
ถั่วเหลือง,277.0,1800.0,19.9,6.0,0.874,0.87,15.7,2.0,1.0,36.5,446.0,30.2,9.3
ถั่วลิสง,92.0,705.0,49.2,0.0,0.64,0.135,4.58,18.0,0.0,25.8,567.0,16.1,8.5
ถั่วลิสงคั่ว,58.0,634.0,49.7,0.0,0.152,0.197,1.58,6.0,0.0,24.4,587.0,21.3,8.4
ถั่วลิสงคั่วป่นละเอียด,58.0,634.0,49.7,0.0,0.152,0.197,1.58,6.0,0.0,24.4,587.0,21.3,8.4
ถั่วลิสงคั่วซอย,58.0,634.0,49.7,0.0,0.152,0.197,1.58,6.0,0.0,24.4,587.0,21.3,8.4
ถั่วลิสงคั่วซอยแล้ว,58.0,634.0,49.7,0.0,0.152,0.197,1.58,6.0,0.0,24.4,587.0,21.3,8.4
ถั่วลิสงดิบ,92.0,705.0,49.2,0.0,0.64,0.135,4.58,18.0,0.0,25.8,567.0,16.1,8.5
ถั่วลิสงป่น,58.0,634.0,49.7,0.0,0.152,0.197,1.58,6.0,0.0,24.4,587.0,21.3,8.4
ถั่วลิสงทอดกรอบ,61.0,726.0,52.5,0.8,0.085,0.089,1.52,6.0,0.0,28.0,599.0,15.3,9.4
ถั่วยี่สงคั่ว,58.0,634.0,49.7,0.0,0.152,0.197,1.58,6.0,0.0,24.4,587.0,21.3,8.4
ถั่วยี่สงคั่วใหม่ ๆ,58.0,634.0,49.7,0.0,0.152,0.197,1.58,6.0,0.0,24.4,587.0,21.3,8.4
ถั่วขาวต้มสุก,90.0,561.0,0.35,0.0,0.118,0.046,3.7,6.0,0.0,9.73,139.0,25.1,6.3
ถั่วกระป๋อง,34.0,224.0,0.37,0.0,0.096,0.039,1.19,343.0,5.0,4.75,94.0,21.1,4.1
ถั่วกระป๋องลวก,34.0,224.0,0.37,0.0,0.096,0.039,1.19,343.0,5.0,4.75,94.0,21.1,4.1
ถั่วเมล็ดกลม,25.0,244.0,0.4,40.0,0.266,0.132,1.47,5.0,38.0,5.42,81.0,14.4,5.7
เมล็ดถั่วลันเตาต้มสุกหรือกระป๋อง,20.0,173.0,0.35,9.6,0.121,0.078,0.95,2.0,27.0,4.42,69.0,12.6,4.1
ลูกเกาลัก,18.0,447.0,1.11,36.0,0.16,0.18,1.41,3.0,10.0,4.2,224.0,49.1,0.0
ลูกแปะก๊วย,2.0,510.0,1.68,15.0,0.22,0.09,1.0,7.0,28.0,4.32,182.0,37.6,0.0
ลูกเกดเล็ก,28.0,825.0,0.54,5.4,0.112,0.182,2.59,28.0,0.0,2.52,296.0,78.5,6.8
วุ้นเส้น,25.0,10.0,0.06,0.0,0.15,0.0,2.17,10.0,0.0,0.16,351.0,86.1,0.5
วุ้นเส้นลวกให้พอง,25.0,10.0,0.06,0.0,0.15,0.0,2.17,10.0,0.0,0.16,351.0,86.1,0.5
วุ้นเคี่ยวแล้วซอย,25.0,10.0,0.06,0.0,0.15,0.0,2.17,10.0,0.0,0.16,351.0,86.1,0.5
เส้นหมี่,18.0,30.0,0.56,0.0,0.031,0.017,0.7,182.0,0.0,5.95,364.0,80.2,1.6
เส้นบะหมี่,35.0,244.0,4.44,0.0,1.13,0.426,4.01,21.0,17.0,14.2,384.0,71.3,3.3
เส้นบะหมี่แห้ง,35.0,244.0,4.44,0.0,1.13,0.426,4.01,21.0,17.0,14.2,384.0,71.3,3.3
ก๋วยเตี๋ยว,18.0,30.0,0.56,0.0,0.031,0.017,0.7,182.0,0.0,5.95,364.0,80.2,1.6
ก๋วยเตี๋ยวเส้นใหญ่,18.0,30.0,0.56,0.0,0.031,0.017,0.7,182.0,0.0,5.95,364.0,80.2,1.6
แป้งก๋วยเตี๋ยวที่ยังไม่ได้หั่น,18.0,30.0,0.56,0.0,0.031,0.017,0.7,182.0,0.0,5.95,364.0,80.2,1.6
มักกะโรนี,21.0,223.0,1.51,0.0,0.891,0.4,3.3,6.0,0.0,13.0,371.0,74.7,3.2
สาคูเม็ดเล็ก,20.0,11.0,0.02,0.0,0.004,0.0,1.58,1.0,0.0,0.19,358.0,88.7,0.9
ขนมจีน,4.0,4.0,0.2,0.0,0.018,0.004,0.14,250.0,0.0,1.78,107.0,23.87,1.0
ขนมปังสด,211.0,117.0,3.59,0.0,0.507,0.24,3.36,477.0,0.0,9.43,270.0,49.2,2.3
ขนมปังแห้ง,211.0,117.0,3.59,0.0,0.507,0.24,3.36,477.0,0.0,9.43,270.0,49.2,2.3
ขนมปังป่นหยาบ,183.0,196.0,5.3,0.0,0.967,0.403,4.83,732.0,0.0,13.4,395.0,72.0,4.5
ข้าวคั่วหรือผงขนมปัง,183.0,196.0,5.3,0.0,0.967,0.403,4.83,732.0,0.0,13.4,395.0,72.0,4.5
เกล็ดขนมปัง,183.0,196.0,5.3,0.0,0.967,0.403,4.83,732.0,0.0,13.4,395.0,72.0,4.5
เต้าหู้,350.0,121.0,4.78,0.1,0.081,0.052,5.36,7.0,0.0,8.08,76.0,1.87,0.3
เต้าหู้เหลือง,350.0,121.0,4.78,0.1,0.081,0.052,5.36,7.0,0.0,8.08,76.0,1.87,0.3
เต้าหู้เหลืองอย่างอ่อน,961.0,146.0,20.2,0.0,0.17,0.05,4.87,16.0,0.0,18.8,270.0,8.86,3.9
เต้าหู่ยี้อย่างดี,46.0,75.0,8.0,0.2,0.157,0.101,1.98,2870.0,0.0,8.92,116.0,4.38,0.0
เต้าหู้ยี้,46.0,75.0,8.0,0.2,0.157,0.101,1.98,2870.0,0.0,8.92,116.0,4.38,0.0
น้ำปลา,43.0,288.0,0.01,0.5,0.012,0.057,0.78,7851.0,4.0,5.06,35.0,3.64,0.0
น้ำเคยดี,172.0,314.0,27.74,0.1,0.082,0.414,1.6,9.0,0.0,9.0,458.0,47.81,4.8
น้ำเคย,172.0,314.0,27.74,0.1,0.082,0.414,1.6,9.0,0.0,9.0,458.0,47.81,4.8
กะปิ,172.0,314.0,27.74,0.1,0.082,0.414,1.6,9.0,0.0,9.0,458.0,47.81,4.8
น้ำพริกก้อย,172.0,314.0,27.74,0.1,0.082,0.414,1.6,9.0,0.0,9.0,458.0,47.81,4.8
น้ำพริกเผา,211.0,117.0,3.59,0.0,0.507,0.24,3.36,477.0,0.0,9.43,270.0,49.2,2.3
เครื่องแกงเผ็ด,7.0,101.0,0.91,0.3,0.04,0.055,0.67,547.0,36.0,0.62,30.0,4.87,0.5
เครื่องพะโล้,330.0,1950.0,14.3,0.7,0.25,0.94,17.3,2870.0,1480.0,13.5,282.0,49.7,34.8
ผงกะหรี่,525.0,1170.0,14.0,0.7,0.176,0.2,19.1,52.0,1.0,14.3,325.0,55.8,53.2
ผงปรุงรส,3.0,105.0,1.2,0.2,0.035,0.085,0.21,143.0,1.0,2.52,36.0,3.53,0.0
ซีอิ๊ว,33.0,435.0,0.57,0.0,0.033,0.165,1.45,5490.0,0.0,8.14,53.0,4.93,0.8
ซีอิ๊วขาว,33.0,435.0,0.57,0.0,0.033,0.165,1.45,5490.0,0.0,8.14,53.0,4.93,0.8
ซีอิ๊วใส,33.0,435.0,0.57,0.0,0.033,0.165,1.45,5490.0,0.0,8.14,53.0,4.93,0.8
ซีอิ๊วเค็ม,33.0,435.0,0.57,0.0,0.033,0.165,1.45,5490.0,0.0,8.14,53.0,4.93,0.8
ซี้อิ๊วขาว,33.0,435.0,0.57,0.0,0.033,0.165,1.45,5490.0,0.0,8.14,53.0,4.93,0.8
น้ำซีอิ๊ว,33.0,435.0,0.57,0.0,0.033,0.165,1.45,5490.0,0.0,8.14,53.0,4.93,0.8
ซีอิ้วขาว,33.0,435.0,0.57,0.0,0.033,0.165,1.45,5490.0,0.0,8.14,53.0,4.93,0.8
ซีอิ้วดำ,32.0,119.0,3.39,0.4,0.004,0.217,1.01,1620.0,0.0,3.31,220.0,44.1,2.8
ซีอิ๊วดำ,32.0,119.0,3.39,0.4,0.004,0.217,1.01,1620.0,0.0,3.31,220.0,44.1,2.8
เต้าเจี้ยว,57.0,210.0,6.01,0.0,0.098,0.233,2.49,3728.0,4.0,12.79,198.0,25.37,5.4
เต้าเจี้ยวน้ำ,57.0,210.0,6.01,0.0,0.098,0.233,2.49,3728.0,4.0,12.79,198.0,25.37,5.4
ซอสปรุงรส,150.0,262.0,8.0,7.0,0.2,0.432,1.0,5730.0,0.0,13.0,344.0,58.0,0.0
ซอสฝาเขียว,150.0,262.0,8.0,7.0,0.2,0.432,1.0,5730.0,0.0,13.0,344.0,58.0,0.0
แม็กกี้,150.0,262.0,8.0,7.0,0.2,0.432,1.0,5730.0,0.0,13.0,344.0,58.0,0.0
ซอสศรีราชา,18.0,321.0,0.93,26.9,0.077,0.222,1.64,2120.0,129.0,1.93,93.0,19.2,2.2
ซอสมะเขือเทศ,15.0,281.0,0.1,4.1,0.011,0.166,0.35,907.0,26.0,1.04,101.0,27.4,0.3
ซอสกระต่าย,15.0,281.0,0.1,4.1,0.011,0.166,0.35,907.0,26.0,1.04,101.0,27.4,0.3
น้ำมันหอย,32.0,54.0,0.25,0.1,0.01,0.124,0.18,2730.0,0.0,1.35,51.0,10.9,0.3
น้ำมัน,14.0,35.0,34.0,0.0,0.01,0.02,0.2,1000.0,22.0,0.9,389.0,22.4,0.4
น้ำมันงา,0.0,0.0,100.0,0.0,0.0,0.0,0.0,0.0,0.0,0.0,884.0,0.0,0.0
น้ำมันรำ,0.0,0.0,100.0,0.0,0.0,0.0,0.07,0.0,0.0,0.0,884.0,0.0,0.0
น้ำมันรำข้าว,0.0,0.0,100.0,0.0,0.0,0.0,0.07,0.0,0.0,0.0,884.0,0.0,0.0
น้ำมันสำหรับทอด,14.0,35.0,34.0,0.0,0.01,0.02,0.2,1000.0,22.0,0.9,389.0,22.4,0.4
น้ำมันพืช,14.0,35.0,34.0,0.0,0.01,0.02,0.2,1000.0,22.0,0.9,389.0,22.4,0.4
เนย,24.0,24.0,81.1,0.0,0.005,0.034,0.02,643.0,684.0,0.85,717.0,0.06,0.0
เนยสด,24.0,24.0,81.1,0.0,0.005,0.034,0.02,643.0,684.0,0.85,717.0,0.06,0.0
เนยละลาย,24.0,24.0,81.1,0.0,0.005,0.034,0.02,643.0,684.0,0.85,717.0,0.06,0.0
เนยสำหรับทาภาชนะ,24.0,24.0,81.1,0.0,0.005,0.034,0.02,643.0,684.0,0.85,717.0,0.06,0.0
เนยแข็งป่น,707.0,77.0,34.0,0.0,0.029,0.441,0.16,654.0,316.0,23.3,409.0,2.44,0.0
เนยแข็ง,707.0,77.0,34.0,0.0,0.029,0.441,0.16,654.0,316.0,23.3,409.0,2.44,0.0
กะทิ,16.0,263.0,23.8,2.8,0.026,0.0,1.64,15.0,0.0,2.29,230.0,5.54,2.2
หัวกะทิ,11.0,325.0,34.7,2.8,0.03,0.0,2.28,4.0,0.0,3.63,330.0,6.65,2.2
น้ำตาล,1.0,2.0,0.32,0.0,0.0,0.0,0.05,1.0,0.0,0.0,385.0,99.6,0.0
น้ำตาลทราย,1.0,2.0,0.32,0.0,0.0,0.0,0.05,1.0,0.0,0.0,385.0,99.6,0.0
น้ำตาลปึก,0.0,0.0,100.0,0.0,0.0,0.0,0.01,0.0,0.0,0.0,884.0,0.0,0.0
น้ำตาลปีบ,0.0,0.0,100.0,0.0,0.0,0.0,0.01,0.0,0.0,0.0,884.0,0.0,0.0
น้ำตาลหม้อ,0.0,0.0,100.0,0.0,0.0,0.0,0.01,0.0,0.0,0.0,884.0,0.0,0.0
น้ำตาลมะพร้าว,0.0,0.0,100.0,0.0,0.0,0.0,0.01,0.0,0.0,0.0,884.0,0.0,0.0
น้ำตาลโตนด,0.0,0.0,100.0,0.0,0.0,0.0,0.01,0.0,0.0,0.0,884.0,0.0,0.0
น้ำตาลมะพร้าว หรือ น้ำตาลโตนด,0.0,0.0,100.0,0.0,0.0,0.0,0.01,0.0,0.0,0.0,884.0,0.0,0.0
น้ำตาลมะพร้าวหรือน้ำตาลตะโหนด,0.0,0.0,100.0,0.0,0.0,0.0,0.01,0.0,0.0,0.0,884.0,0.0,0.0
น้ำเชื่อม,3.0,15.0,0.0,0.0,0.024,0.008,0.03,82.0,0.0,0.0,234.0,61.5,0.0
น้ำผึ้ง,6.0,52.0,0.0,0.5,0.0,0.038,0.42,4.0,0.0,0.3,304.0,82.4,0.2
น้ำส้ม,6.0,2.0,0.0,0.0,0.0,0.0,0.03,2.0,0.0,0.0,18.0,0.04,0.0
น้ำส้มสายชู,6.0,2.0,0.0,0.0,0.0,0.0,0.03,2.0,0.0,0.0,18.0,0.04,0.0
เกลือ,24.0,8.0,0.0,0.0,0.0,0.0,0.33,38800.0,0.0,0.0,0.0,0.0,0.0
เกลือป่น,24.0,8.0,0.0,0.0,0.0,0.0,0.33,38800.0,0.0,0.0,0.0,0.0,0.0
ผงฟู,5880.0,20.0,0.0,0.0,0.0,0.0,11.0,10600.0,0.0,0.0,53.0,27.7,0.2
ดินประสิว,20.0,77.0,0.07,8.8,0.016,0.076,0.49,32.0,0.0,0.37,278.0,68.9,1.1
อบเชย,1000.0,431.0,1.24,3.8,0.022,0.041,8.32,10.0,15.0,3.99,247.0,80.6,53.1
อบเชย ประมาณ,1000.0,431.0,1.24,3.8,0.022,0.041,8.32,10.0,15.0,3.99,247.0,80.6,53.1
อบเชยเล็ก,1000.0,431.0,1.24,3.8,0.022,0.041,8.32,10.0,15.0,3.99,247.0,80.6,53.1
โป๊ยกั๊ก,646.0,1440.0,15.9,21.0,0.34,0.29,37.0,16.0,16.0,17.6,337.0,50.0,14.6
ลูกโป๊ยกั๊ก,646.0,1440.0,15.9,21.0,0.34,0.29,37.0,16.0,16.0,17.6,337.0,50.0,14.6
กานพลู,632.0,1020.0,13.0,0.2,0.158,0.22,11.8,277.0,8.0,5.97,274.0,65.5,33.9
กระวาน,383.0,1120.0,6.7,21.0,0.198,0.182,14.0,18.0,0.0,10.8,311.0,68.5,28.0
กะวาน,383.0,1120.0,6.7,21.0,0.198,0.182,14.0,18.0,0.0,10.8,311.0,68.5,28.0
ใบกระวาน,834.0,529.0,8.36,46.5,0.009,0.421,43.0,23.0,309.0,7.61,313.0,75.0,26.3
ลูกจันทร์,184.0,350.0,36.3,3.0,0.346,0.057,3.04,16.0,5.0,5.84,525.0,49.3,20.8
ลูกจันทร์ป่น,184.0,350.0,36.3,3.0,0.346,0.057,3.04,16.0,5.0,5.84,525.0,49.3,20.8
ดอกจันทร์,252.0,463.0,32.4,21.0,0.312,0.448,13.9,80.0,40.0,6.71,475.0,50.5,20.2
ผงลูกจันทร์เทศ,184.0,350.0,36.3,3.0,0.346,0.057,3.04,16.0,5.0,5.84,525.0,49.3,20.8
ดีปลี,443.0,1330.0,3.26,0.0,0.108,0.18,9.71,20.0,27.0,10.4,251.0,64.0,25.3
ขมิ้น,168.0,2080.0,3.25,0.7,0.058,0.15,55.0,27.0,0.0,9.68,312.0,67.1,22.7
ขมิ้นผง,168.0,2080.0,3.25,0.7,0.058,0.15,55.0,27.0,0.0,9.68,312.0,67.1,22.7
ขมิ้นแห้ง,168.0,2080.0,3.25,0.7,0.058,0.15,55.0,27.0,0.0,9.68,312.0,67.1,22.7
ขมิ้นแขก,168.0,2080.0,3.25,0.7,0.058,0.15,55.0,27.0,0.0,9.68,312.0,67.1,22.7
ขมิ้นขาวหั่น,168.0,2080.0,3.25,0.7,0.058,0.15,55.0,27.0,0.0,9.68,312.0,67.1,22.7
ขมิ้นขาวหั่นแฉลบบาง ๆ,168.0,2080.0,3.25,0.7,0.058,0.15,55.0,27.0,0.0,9.68,312.0,67.1,22.7
ไพล,168.0,2080.0,3.25,0.7,0.058,0.15,55.0,27.0,0.0,9.68,312.0,67.1,22.7
กระชาย,16.0,415.0,0.75,5.0,0.025,0.034,0.6,13.0,0.0,1.82,80.0,17.8,2.0
กระชายหั่น,16.0,415.0,0.75,5.0,0.025,0.034,0.6,13.0,0.0,1.82,80.0,17.8,2.0
กะชาย,16.0,415.0,0.75,5.0,0.025,0.034,0.6,13.0,0.0,1.82,80.0,17.8,2.0
กะชายมีหัวติด,16.0,415.0,0.75,5.0,0.025,0.034,0.6,13.0,0.0,1.82,80.0,17.8,2.0
ยี่หร่า,931.0,1790.0,22.3,7.7,0.628,0.327,66.4,168.0,64.0,17.8,375.0,44.2,10.5
ลูกจันทน์ป่น,184.0,350.0,36.3,3.0,0.346,0.057,3.04,16.0,5.0,5.84,525.0,49.3,20.8
นมสด,123.0,150.0,3.2,0.0,0.056,0.138,0.0,38.0,32.0,3.27,60.0,4.63,0.0
นมอุ่น,123.0,150.0,3.2,0.0,0.056,0.138,0.0,38.0,32.0,3.27,60.0,4.63,0.0
โกโก้,128.0,1520.0,13.7,0.0,0.078,0.241,13.9,21.0,0.0,19.6,228.0,57.9,37.0
น้ำ,10.0,0.0,0.0,0.0,0.0,0.0,0.0,2.0,0.0,0.0,0.0,0.0,0.0
น้ำเปล่า,10.0,0.0,0.0,0.0,0.0,0.0,0.0,2.0,0.0,0.0,0.0,0.0,0.0
น้ำสะอาด,10.0,0.0,0.0,0.0,0.0,0.0,0.0,2.0,0.0,0.0,0.0,0.0,0.0
น้ำเย็น,10.0,0.0,0.0,0.0,0.0,0.0,0.0,2.0,0.0,0.0,0.0,0.0,0.0
น้ำร้อน,10.0,0.0,0.0,0.0,0.0,0.0,0.0,2.0,0.0,0.0,0.0,0.0,0.0
น้ำเปล่าหรือน้ำข้าวต้ม,10.0,0.0,0.0,0.0,0.0,0.0,0.0,2.0,0.0,0.0,0.0,0.0,0.0
น้ำสำหรับนวดแป้ง,10.0,0.0,0.0,0.0,0.0,0.0,0.0,2.0,0.0,0.0,0.0,0.0,0.0
น้ำลอยดอกไม้,10.0,0.0,0.0,0.0,0.0,0.0,0.0,2.0,0.0,0.0,0.0,0.0,0.0
น้ำดอกไม้สด,10.0,0.0,0.0,0.0,0.0,0.0,0.0,2.0,0.0,0.0,0.0,0.0,0.0
น้ำปูนใส,10.0,0.0,0.0,0.0,0.0,0.0,0.0,2.0,0.0,0.0,0.0,0.0,0.0
น้ำข้าวหมาก,5.0,25.0,0.0,0.0,0.0,0.0,0.1,2.0,0.0,0.5,134.0,5.0,0.0
เหล้า,5.0,25.0,0.0,0.0,0.0,0.0,0.1,2.0,0.0,0.5,134.0,5.0,0.0
เหล้าจีน,5.0,25.0,0.0,0.0,0.0,0.0,0.1,2.0,0.0,0.5,134.0,5.0,0.0
เหล้าเสียว,0.0,2.0,0.0,0.0,0.006,0.004,0.04,1.0,0.0,0.0,231.0,0.0,0.0
เหล้าบรั่นดี,0.0,2.0,0.0,0.0,0.008,0.0,0.12,1.0,0.0,0.0,231.0,0.0,0.0
น้ำแกงดี,3.0,105.0,1.2,0.2,0.035,0.085,0.21,143.0,1.0,2.52,36.0,3.53,0.0
น้ำหรือน้ำซุป,3.0,105.0,1.2,0.2,0.035,0.085,0.21,143.0,1.0,2.52,36.0,3.53,0.0
น้ำผลไม้,8.0,101.0,0.1,63.6,0.023,0.014,0.34,8.0,2.0,0.1,47.0,11.7,0.1
น้ำมะเขือเทศ,10.0,217.0,0.29,70.1,0.1,0.078,0.39,10.0,23.0,0.85,17.0,3.53,0.4
น้ำวานิลลา,11.0,148.0,0.06,0.0,0.011,0.095,0.12,9.0,0.0,0.06,288.0,12.6,0.0
กลิ่นวานิลลา,11.0,148.0,0.06,0.0,0.011,0.095,0.12,9.0,0.0,0.06,288.0,12.6,0.0
น้ำหอมหรือสีตามชอบเล็กน้อย,10.0,0.0,0.0,0.0,0.0,0.0,0.0,2.0,0.0,0.0,0.0,0.0,0.0
ใบตอง,10.0,0.0,0.0,0.0,0.0,0.0,0.0,2.0,0.0,0.0,0.0,0.0,0.0
ใบตองสำหรับห่อ,10.0,0.0,0.0,0.0,0.0,0.0,0.0,2.0,0.0,0.0,0.0,0.0,0.0
ใบตองสำหรับปิ้ง,10.0,0.0,0.0,0.0,0.0,0.0,0.0,2.0,0.0,0.0,0.0,0.0,0.0
ใบตองสำหรับรอง,10.0,0.0,0.0,0.0,0.0,0.0,0.0,2.0,0.0,0.0,0.0,0.0,0.0
กาบมะพร้าวเผาไฟป่นละเอียด,10.0,0.0,0.0,0.0,0.0,0.0,0.0,2.0,0.0,0.0,0.0,0.0,0.0
ไม้กลัด,10.0,0.0,0.0,0.0,0.0,0.0,0.0,2.0,0.0,0.0,0.0,0.0,0.0
ดินสอพอง,10.0,0.0,0.0,0.0,0.0,0.0,0.0,2.0,0.0,0.0,0.0,0.0,0.0
ใบเมี่ยง,10.0,0.0,0.0,0.0,0.0,0.0,0.0,2.0,0.0,0.0,0.0,0.0,0.0
ผักสดสำหรับรับประทาน,35.0,263.0,0.26,28.7,0.05,0.074,0.26,53.0,206.0,1.19,30.0,5.83,2.0
ดอกมะลิ กะดังงา เทียนอบ,10.0,0.0,0.0,0.0,0.0,0.0,0.0,2.0,0.0,0.0,0.0,0.0,0.0
